stop_id,stop_name,longitude,latitude,district_code,district_name
01001,종로2가사거리,126.9877522923,37.5698055407,11110,종로구
01002,창경궁.서울대학교병원,126.9965206101,37.579432932,11110,종로구
01003,명륜3가.성대입구,126.9982508372,37.5825800121,11110,종로구
01004,종로2가.삼일교,126.9876130976,37.5685792736,11110,종로구
01005,혜화동로터리.여운형활동터,127.001744,37.586243,11110,종로구
01006,서대문역사거리,126.966893,37.566137,11110,종로구
01007,서울역사박물관.경희궁앞,126.97038,37.569135,11110,종로구
01008,서울역사박물관.경희궁앞,126.9707589959,37.5695119837,11110,종로구
01009,광화문역,126.9763534416,37.5701416811,11110,종로구
01010,광화문역,126.9778802991,37.5702396638,11110,종로구
01011,종로1가,126.9810660928,37.5701482455,11110,종로구
01012,종로1가,126.9816283242,37.5702710116,11110,종로구
01013,종로2가,126.9849902588,37.5701723774,11110,종로구
01014,종로2가,126.9865353674,37.5702378859,11110,종로구
01015,종로3가.탑골공원,126.9893256464,37.5702088889,11110,종로구
01016,종로3가.탑골공원,126.9899877751,37.5703605443,11110,종로구
01017,종로4가.종묘,126.9947218896,37.5705069968,11110,종로구
01018,종로4가.종묘,126.995395739,37.570635002,11110,종로구
01019,종로5가.광장시장,126.9990604685,37.5707860047,11110,종로구
01020,종로5가.광장시장,126.9996038113,37.570930167,11110,종로구
01021,종로6가.동대문종합시장,127.004462788,37.5710111729,11110,종로구
01022,종로6가.동대문종합시장,127.0057137364,37.5711272339,11110,종로구
01023,동대문역.흥인지문,127.013815948,37.572447536,11110,종로구
01037,동대문역.흥인지문,127.0124191046,37.5721524474,11110,종로구
01041,동묘앞.서울혜화경찰서,127.0186102731,37.5738321574,11110,종로구
01044,동묘앞.서울혜화경찰서,127.0195527812,37.5742464626,11110,종로구
01101,경기상고,126.9693634554,37.5875502159,11110,종로구
01102,신교동,126.9702626865,37.5832955233,11110,종로구
01103,경기상고,126.9697701102,37.5871907861,11110,종로구
01104,경복고교,126.9708802468,37.5851600316,11110,종로구
01105,청운중학교,126.9726741314,37.587810579,11110,종로구
01106,자하문고개.윤동주문학관,126.9671261805,37.5921866176,11110,종로구
01107,자하문고개.윤동주문학관,126.9671906625,37.5923353152,11110,종로구
01108,청운중학교,126.9722631304,37.5884219586,11110,종로구
01109,경복고교,126.9714039185,37.5850633028,11110,종로구
01110,통인시장종로구보건소,126.9710500404,37.5803257033,11110,종로구
01111,통인시장종로구보건소,126.9713851083,37.5805132118,11110,종로구
01112,효자동,126.9706209712,37.583091043,11110,종로구
01113,사직단.어린이도서관,126.9679907155,37.5751355316,11110,종로구
01114,경복궁역1번출구,126.9714158133,37.5761614873,11110,종로구
01115,경복궁역2번출구,126.9721994292,37.577040144,11110,종로구
01116,경복궁역3번출구,126.9722828893,37.5776713863,11110,종로구
01117,경복궁,126.9787471496,37.5755767894,11110,종로구
01118,광화문역2번출구.KT광화문지사,126.9774162769,37.5723209262,11110,종로구
01119,영추문,126.9739817664,37.5789303855,11110,종로구
01120,광화문역6번출구,126.97640724,37.5700448348,11110,종로구
01123,서울역사박물관.강북삼성병원,126.971248,37.570023,11110,종로구
01124,새문안교회,126.9728386477,37.5703368912,11110,종로구
01125,광화문역7번출구,126.975837,37.570365,11110,종로구
01126,세종문화회관,126.9769975778,37.5736489318,11110,종로구
01127,서울경찰청.경복궁역,126.9714842989,37.5757446636,11110,종로구
01128,사직단,126.968188961,37.5748553458,11110,종로구
01129,광화문역6번출구.광화문빌딩,126.9768637419,37.5695035518,11110,종로구
01130,덕성여중고,126.981972246,37.5757693863,11110,종로구
01131,안국역.서울공예박물관,126.9839957858,37.5760695565,11110,종로구
01132,국민은행세검정지점,126.9608880061,37.6046629766,11110,종로구
01133,세검정초등학교,126.9612198463,37.6025022799,11110,종로구
01134,세검정.상명대,126.9582921267,37.6004770909,11110,종로구
01135,상명대입구.석파랑,126.958570225,37.5994133537,11110,종로구
01136,하림각,126.9617068235,37.5981330665,11110,종로구
01137,자하문터널입구.석파정,126.9636434993,37.5955935123,11110,종로구
01138,부암동주민센터.무계원,126.9642221989,37.5927670827,11110,종로구
01139,부암동주민센터.무계원,126.9651419211,37.5927861733,11110,종로구
01140,자하문터널입구.석파정,126.9639775924,37.5955575712,11110,종로구
01141,하림각,126.962215308,37.5981476478,11110,종로구
01142,상명대입구.세검정교회,126.9592405649,37.5996163318,11110,종로구
01143,세검정.세검정성당,126.959155798,37.6006470965,11110,종로구
01144,세검정초등학교,126.9614328894,37.6022680671,11110,종로구
01146,국민은행세검정지점,126.9611926889,37.6048461618,11110,종로구
01148,승가사입구,126.9563059978,37.6115844138,11110,종로구
01149,구기동현대빌라,126.9564575503,37.6100355035,11110,종로구
01150,구기터널.삼성출판박물관,126.9562103294,37.6086098941,11110,종로구
01151,구기터널.삼성출판박물관,126.9564166508,37.6083054034,11110,종로구
01152,구기동,126.9585297928,37.6069644475,11110,종로구
01153,구기동,126.9591017479,37.6070088003,11110,종로구
01154,승가사입구,126.956482,37.61148,11110,종로구
01155,갑을씨티텔앞,126.9635350292,37.6043709709,11110,종로구
01156,평창파출소,126.9660432906,37.6053223656,11110,종로구
01157,평창동주민센터,126.9695663093,37.6066073749,11110,종로구
01158,일성아파트,126.9729237379,37.6088723554,11110,종로구
01159,롯데아파트,126.9763156152,37.6103897208,11110,종로구
01160,롯데아파트,126.976652,37.610248,11110,종로구
01161,벽산평창힐스아파트,126.972797,37.60819,11110,종로구
01162,예능교회,126.97,37.606517,11110,종로구
01163,서울예술고등학교.평창동주민센터,126.9676276108,37.6057787606,11110,종로구
01164,화정박물관,126.9648102665,37.6045038178,11110,종로구
01165,삼성강북병원.경교장,126.9686004828,37.568145927,11110,종로구
01167,독립문역.서대문형무소역사관,126.959322,37.573395,11110,종로구
01168,금화초등학교.서울시교육청,126.964705,37.568059,11110,종로구
01169,서대문역사거리.적십자병원,126.9675878497,37.5671081521,11110,종로구
01171,독립문,126.9614303112,37.5713430165,11110,종로구
01172,창덕궁.우리소리박물관,126.9885394479,37.5775405746,11110,종로구
01173,서린동.SK서린빌딩,126.9800947893,37.5692639006,11110,종로구
01174,청계1가.장통교,126.9849267193,37.568684389,11110,종로구
01175,청계2가.수표교,126.9908172161,37.5684453156,11110,종로구
01176,청계4가.세운교,126.9965617399,37.5689254028,11110,종로구
01177,청계5가.광장시장,126.9997973605,37.5694512793,11110,종로구
01198,원남동,126.9973383362,37.5745325055,11110,종로구
01199,창덕궁.우리소리박물관,126.9889538872,37.5772726542,11110,종로구
01200,안국역6번출구.인사동문화의거리,126.9841344381,37.575798979,11110,종로구
01201,조계사.종로경찰서,126.9831555803,37.5725223095,11110,종로구
01202,조계사.종로경찰서,126.9828258888,37.5724858087,11110,종로구
01203,안국동사거리,126.9827201116,37.5746105669,11110,종로구
01204,효제동.김상옥의거터,127.00223,37.5745,11110,종로구
01205,종로5가.효제초등학교,127.0021442279,37.5728790133,11110,종로구
01209,창덕궁.돈화문국악당,126.991234977,37.5774327721,11110,종로구
01212,종로5가역6번출구,127.0021826522,37.5705596025,11110,종로구
01213,청계5가.마전교,127.0028494203,37.5698351103,11110,종로구
01214,동대문,127.0084126252,37.5717262368,11110,종로구
01215,충신동,127.006278812,37.5740223509,11110,종로구
01217,충신동,127.0063433807,37.5744602778,11110,종로구
01218,연지공원앞.현대그룹빌딩,127.0008065808,37.5759104142,11110,종로구
01219,방송통신대.이화장,127.002437,37.578043,11110,종로구
01220,혜화역2번출구.마로니에공원,127.0022769364,37.5811194873,11110,종로구
01221,혜화역3번출구.서울대병원입구,127.0018481852,37.5809559696,11110,종로구
01222,방송통신대.이화장,127.0019782952,37.5777889737,11110,종로구
01223,연지공원앞.현대그룹빌딩,127.0006951494,37.576119355,11110,종로구
01224,창경궁.서울대학교병원,126.9968717143,37.5788279947,11110,종로구
01225,이화동(이화장),127.0032708172,37.5759372914,11110,종로구
01226,혜화동로터리,127.0006878052,37.5855803307,11110,종로구
01227,명륜동2가.성균관대입구,126.9993412723,37.5834170764,11110,종로구
01228,혜화역.서울연극센터(장면총리가옥),127.0014608831,37.5840306853,11110,종로구
01229,혜화역.동성중고(장면총리가옥),127.0015561579,37.5845329425,11110,종로구
01231,종로구민회관.창신동두산아파트,127.0155555279,37.5740926792,11110,종로구
01235,동묘앞역6번출구,127.0156014431,37.5716849566,11110,종로구
01236,동묘앞역5번출구,127.0159450485,37.5719221488,11110,종로구
01237,청계2가교차로,126.9878778705,37.5684809008,11110,종로구
01238,창신3동주민센터,127.015178,37.578413,11110,종로구
01239,숭인1동주민센터.창신역4번출구,127.0154557816,37.5786281555,11110,종로구
01240,동묘앞역.롯데캐슬천지인,127.0158023517,37.5741800523,11110,종로구
01243,신설동역오거리,127.0228414296,37.5756947252,11110,종로구
01245,동묘앞역2번출구,127.0175234975,37.5736431148,11110,종로구
01246,구기동현대빌라,126.956622,37.609682,11110,종로구
01247,광장시장,126.9977437946,37.5694963125,11110,종로구
01249,서울특별시재향군인회관,126.9974787875,37.5725807445,11110,종로구
01250,서울역사박물관,126.9721318077,37.5699003386,11110,종로구
01251,청계3가.관수교,126.9937793705,37.5686887917,11110,종로구
01252,청계6가.버들다리,127.0080377075,37.5699303868,11110,종로구
01253,청계7가.맑은내다리,127.0130967122,37.5700419608,11110,종로구
01254,청계8가.영도교,127.0181256262,37.5708949889,11110,종로구
01256,원남동사거리,126.9981123217,37.5757617378,11110,종로구
01262,숭인2동주민센터,127.0204373408,37.5742721533,11110,종로구
01267,조계사,126.9831609226,37.572800338,11110,종로구
01272,세종문화회관,126.9770167126,37.5733655664,11110,종로구
01277,이화동(이화장),127.002955,37.576257,11110,종로구
01278,상명대정문,126.955143,37.601417,11110,종로구
01279,이북오도청,126.9559729686,37.6127234824,11110,종로구
01280,경복궁역(효자로입구),126.9743023448,37.576709505,11110,종로구
01286,상명대입구.세검정교회,126.9597921957,37.5994435122,11110,종로구
01287,상명대입구.석파랑,126.9581941404,37.5995718125,11110,종로구
01288,종로중부새마을금고,127.0065911394,37.5724174899,11110,종로구
01289,신설동역오거리.서울풍물시장,127.0231950517,37.5742548131,11110,종로구
01291,청계2가.삼일교,126.9869890809,37.5683454305,11110,종로구
01292,청계8가.황학교,127.0227870051,37.5721307298,11110,종로구
01293,평창동삼성아파트,126.9787981475,37.6111800895,11110,종로구
01294,안국역5번출구,126.9855365486,37.5763329308,11110,종로구
01295,안국역.서울공예박물관,126.9848871214,37.5764140065,11110,종로구
01296,창덕궁,126.9890031166,37.5772280879,11110,종로구
01297,남인사마당,126.9874286375,37.5713191723,11110,종로구
01500,평창파출소,126.9668167021,37.605681218,11110,종로구
01501,삼청공원,126.9816468946,37.5882276807,11110,종로구
01502,수성동계곡,126.9644678921,37.5820813834,11110,종로구
01503,명륜3가종점,126.9928636796,37.5909483783,11110,종로구
01504,명륜새마을금고,126.9967901477,37.5877854691,11110,종로구
01505,서대문역3번출구,126.9663939394,37.5663370645,11110,종로구
01506,낙산공원,127.0087215681,37.5804037213,11110,종로구
01507,인사미술공간.세탁소,126.9893670844,37.5814109836,11110,종로구
01508,화정박물관,126.9648837454,37.6048011982,11110,종로구
01509,금융연수원,126.9816582681,37.5866398268,11110,종로구
01510,박노수미술관,126.966603478,37.5809967425,11110,종로구
01511,샘미용실.종로구청소년상담복지센터,126.9932227051,37.5903095275,11110,종로구
01512,서울국제고등학교,126.9972902593,37.5890715947,11110,종로구
01513,화정박물관,126.9652007897,37.6049806084,11110,종로구
01514,적십자병원후문앞,126.96544493,37.5673466781,11110,종로구
01515,서울성곽.성대후문,126.989569366,37.5893663808,11110,종로구
01516,빨래터.고희동미술관,126.9890634276,37.582987218,11110,종로구
01517,세검초등학교,126.9614907597,37.6042522792,11110,종로구
01518,삼청동주민센터,126.9819071619,37.5842638281,11110,종로구
01519,통인시장,126.9684956941,37.5804417494,11110,종로구
01520,양현관,126.9936043615,37.5897914226,11110,종로구
01521,국민생활관,126.9988619666,37.5897456349,11110,종로구
01522,오거리,126.9622629001,37.6070621164,11110,종로구
01523,경희궁자이2.3단지,126.9640686009,37.5687871134,11110,종로구
01524,창신쌍용2단지.한성대후문,127.0127581151,37.5812647965,11110,종로구
01525,통일부,126.9859476734,37.5875948053,11110,종로구
01526,원서고개,126.9878088426,37.583080553,11110,종로구
01528,종로5가입구,126.9976709493,37.5717928476,11110,종로구
01529,삼청파출소,126.9812510491,37.581813662,11110,종로구
01530,오거리.한옥마을입구,126.9696088803,37.579404615,11110,종로구
01531,명륜시장.성대후문,126.9952543092,37.5885110529,11110,종로구
01532,혜화초등학교,126.9998516643,37.5872532276,11110,종로구
01533,청련사입구,126.9624312007,37.6079803769,11110,종로구
01534,영천시장,126.9627388724,37.5700818569,11110,종로구
01535,명신초.삼선푸르지오.힐스테이트,127.014556281,37.5821062067,11110,종로구
01536,감사원,126.9852900569,37.5862106518,11110,종로구
01537,중앙중고,126.986965299,37.583092177,11110,종로구
01538,인왕빌딩,126.9577443332,37.6079283311,11110,종로구
01539,종로4가.종묘공원,126.9946203403,37.5706890289,11110,종로구
01540,국립민속박물관,126.9795533717,37.5792551846,11110,종로구
01541,광화문새마을금고,126.9711466491,37.5793687689,11110,종로구
01542,새마을금고,126.996518051,37.5877370613,11110,종로구
01543,혜화우체국,127.0006137149,37.5860376565,11110,종로구
01544,언덕앞,126.9637921715,37.6089539753,11110,종로구
01545,경희궁자이4단지,126.9621148375,37.5707022242,11110,종로구
01546,종로센트레빌후문.e편한세상보문아파트,127.0161855253,37.5817743934,11110,종로구
01547,사우디대사관앞.북촌힐스,126.9850311776,37.5841056738,11110,종로구
01548,안국선원.삼거리,126.984994076,37.5827909789,11110,종로구
01549,구기터널입구,126.9567768927,37.6082046142,11110,종로구
01550,종로3가역9번출구,126.9920931881,37.5710875771,11110,종로구
01551,경복궁,126.9793377561,37.576950157,11110,종로구
01553,소나무집,126.964110466,37.6112770717,11110,종로구
01554,독립문역3번출구,126.9597453483,37.5728784775,11110,종로구
01555,청룡사.보문파크뷰자이아파트,127.01700714,37.5800189539,11110,종로구
01556,북촌한옥마을입구.정세권활동터,126.9849422317,37.5815997311,11110,종로구
01557,종로1.2.3.4가동주민센터,126.9911314256,37.5743837122,11110,종로구
01558,창덕궁,126.9906200153,37.5760892484,11110,종로구
01561,아름다운실버,126.965463701,37.6120100581,11110,종로구
01562,독립문초등학교,126.9606775165,37.5738699714,11110,종로구
01563,종로센트레빌아파트,127.0156926979,37.5803534405,11110,종로구
01564,가회동주민센터,126.9849543284,37.579972942,11110,종로구
01565,구기빌라,126.9579797248,37.6062686142,11110,종로구
01566,원남로터리,126.997511497,37.5762373738,11110,종로구
01567,보현산신각,126.9657790521,37.6134825236,11110,종로구
01568,린덴바움숲유치원,126.9618040443,37.5746692802,11110,종로구
01569,쌍용아파트입구.창신역,127.0149447983,37.5798735304,11110,종로구
01570,아름다운가게.정독도서관,126.9851271782,37.5789480833,11110,종로구
01571,산정빌라,126.9574922002,37.6051519935,11110,종로구
01572,이화사거리,127.0020914666,37.5765095598,11110,종로구
01573,박종화고택입구,126.9676873462,37.6143102577,11110,종로구
01574,무악현대아파트후문,126.9619411637,37.5763372261,11110,종로구
01576,헌법재판소.안국역,126.9858152185,37.5773871956,11110,종로구
01577,청구빌라,126.9569839726,37.6046102563,11110,종로구
01578,서울대어린이병원응급실.갑상선센터,126.9995029662,37.5781188768,11110,종로구
01580,화인빌라,126.9685386165,37.6129345305,11110,종로구
01581,행촌주차장,126.9628880463,37.5752728058,11110,종로구
01582,창신초등학교,127.0153885503,37.5769032044,11110,종로구
01583,수운회관,126.986669266,37.5752189424,11110,종로구
01584,상명대후문,126.9573354115,37.6040255786,11110,종로구
01586,힐탑,126.9690205751,37.6116055569,11110,종로구
01587,성결교신대원총회본부,126.9634445669,37.5739763092,11110,종로구
01589,낙원상가,126.9874148722,37.5737563689,11110,종로구
01590,완성빌라,126.9575011241,37.6034020863,11110,종로구
01591,서울대병원장례식장,126.9974309648,37.5805553988,11110,종로구
01592,혜화역1번출구,127.0017632862,37.5834729904,11110,종로구
01593,감나무골공원,126.9699479367,37.6124059606,11110,종로구
01594,한국사회과학도서관.이회영기념관,126.9641239308,37.5736670147,11110,종로구
01595,동묘앞역8번출구,127.0142453819,37.5726943506,11110,종로구
01596,종로2가.탑골공원,126.98746,37.570697,11110,종로구
01597,경진빌라,126.9578303612,37.6020037175,11110,종로구
01598,성대입구,126.9992849459,37.5833533096,11110,종로구
01601,청와대,126.973768082,37.5829712951,11110,종로구
01602,춘추문,126.9796554436,37.5831276121,11110,종로구
01603,경복궁.국립민속박물관,126.9795911351,37.5794135204,11110,종로구
01607,EN갤러리,126.9706087294,37.6134217965,11110,종로구
01612,유림회관앞,126.9969805237,37.5858955968,11110,종로구
01615,성균관대정문,126.9966204422,37.5849563466,11110,종로구
01616,600주년기념관,126.9939426439,37.5873281035,11110,종로구
01617,성균관대운동장,126.99237,37.587863,11110,종로구
01618,학생회관,126.9936746328,37.5874203934,11110,종로구
01667,종로문화체육센터,126.9645321424,37.5746935562,11110,종로구
01682,동대문역2번출구,127.0117218002,37.5720494465,11110,종로구
01683,종각역.YMCA,126.98508926,37.5703976388,11110,종로구
01684,서교빌라,126.9571553655,37.601989057,11110,종로구
01685,경복궁역,126.9724733176,37.5770722054,11110,종로구
01697,성대입구,126.998853007,37.5832668015,11110,종로구
01698,무애사,126.9718458037,37.6139004282,11110,종로구
01699,단군성전앞,126.9653175119,37.5755600915,11110,종로구
01702,동대문종합시장,127.004958038,37.5712161296,11110,종로구
01714,상명초등학교,126.956715418,37.6009238115,11110,종로구
01720,법련사,126.9796650539,37.5765879752,11110,종로구
01721,광화문새마을금고,126.9710277184,37.5794930902,11110,종로구
01722,성균관대학교,126.996646,37.584886,11110,종로구
01723,참샘골공원,126.9742524976,37.6146097003,11110,종로구
01724,황학정앞,126.9653293849,37.5768126115,11110,종로구
01725,종로5가역.중부교육지원청,127.0020898456,37.5714192458,11110,종로구
01727,인사동들머리.3.1독립선언터,126.983296967,37.5719470235,11110,종로구
01728,정독도서관,126.980080541,37.5802605382,11110,종로구
01729,오거리.한옥마을입구,126.9697392663,37.5794684375,11110,종로구
01732,평창공원지킴터입구,126.9757438761,37.6163963984,11110,종로구
01733,창경궁.고궁호텔.메이플레이스호텔,126.9974492169,37.5765581609,11110,종로구
01762,광화문,126.9755694982,37.5703374879,11110,종로구
01763,종로1가,126.980129,37.57037,11110,종로구
01766,종로2가,126.9864618183,37.5700824558,11110,종로구
01767,종로3가역11번출구,126.9932082199,37.5706348964,11110,종로구
01768,종로3가,126.9909932186,37.5701024255,11110,종로구
01769,종로4가,126.9962507486,37.5704692645,11110,종로구
01771,동대문종합시장.종로6가,127.0032911936,37.5708647997,11110,종로구
01776,종로도서관,126.9671251598,37.5764842271,11110,종로구
01777,경복궁역,126.9715056448,37.5761780936,11110,종로구
01778,경복궁역7번출구,126.971681974,37.5758191735,11110,종로구
01779,안국역,126.985229602,37.5766137515,11110,종로구
01780,안국역,126.9855059829,37.5763185096,11110,종로구
01781,창덕궁,126.9889000774,37.5775204226,11110,종로구
01782,성대입구,126.9992357955,37.5832827975,11110,종로구
01790,종로사우나,126.9877503526,37.5738011149,11110,종로구
01791,홍지파크,126.9557163281,37.6012424257,11110,종로구
01792,삼청파출소,126.9813258198,37.58164517,11110,종로구
01793,통인시장.종로구보건소,126.9687504797,37.5803350289,11110,종로구
01794,종로5가역.광장시장,127.000038992,37.5707724724,11110,종로구
01795,평창동산림제3초소,126.9771030504,37.6173560499,11110,종로구
01796,배화여중고,126.9676986337,37.5767787564,11110,종로구
01797,대학로입구.이화사거리,127.0025801998,37.5759841652,11110,종로구
01798,운현궁,126.9869813803,37.5752716136,11110,종로구
01799,상명대입구,126.9569583018,37.6000210109,11110,종로구
01800,삼청동주민센터,126.9822105151,37.5846846831,11110,종로구
01801,박노수미술관,126.9668944502,37.5810265604,11110,종로구
01802,김창열.윤명로화실,126.9783685436,37.616304998,11110,종로구
01803,사직공원.경복궁역입구,126.9689039095,37.5762206893,11110,종로구
01804,충신시장,127.005404874,37.5749766498,11110,종로구
01805,안국역2번출구앞,126.9861183272,37.5771728174,11110,종로구
01807,금융연수원,126.981847891,37.5858776706,11110,종로구
01809,감람산기도원,126.9798729651,37.6159439291,11110,종로구
01810,카센터.사직터널앞,126.9658895166,37.57409862,11110,종로구
01812,재동초등학교,126.9853617134,37.578791085,11110,종로구
01814,삼청공원삼거리.옥호정터,126.9817444742,37.5874185176,11110,종로구
01815,이화사거리,127.0022812884,37.5753200672,11110,종로구
01816,연화정사,126.9794938432,37.6146490046,11110,종로구
01817,대신중고,126.9616893251,37.5726178078,11110,종로구
01819,현대사거리,126.9866353642,37.5792417814,11110,종로구
01820,교남동주민센터,126.9613278115,37.5721819807,11110,종로구
01821,부암동주민센터.무계원,126.9637682263,37.5929353403,11110,종로구
01823,형제봉입구,126.9816861503,37.6128643152,11110,종로구
01824,교남동새마을금고,126.962337459,37.5714943551,11110,종로구
01825,창신초교,127.0157200961,37.5760372123,11110,종로구
01826,가회동주민센터,126.9851293823,37.5799426497,11110,종로구
01827,볼링장,126.9879589184,37.5792554401,11110,종로구
01829,석파정.서울미술관,126.9637824182,37.5947643228,11110,종로구
01830,지구촌교회,126.9792421489,37.6131060324,11110,종로구
01831,월암공원,126.9646918774,37.5712260916,11110,종로구
01832,숭인1동주민센터,127.0155607478,37.5774150014,11110,종로구
01833,북촌한옥마을입구.정세권활동터,126.9851687446,37.5812807738,11110,종로구
01835,하림각,126.9629663842,37.5976847268,11110,종로구
01836,보현빌라,126.9784205906,37.6153822583,11110,종로구
01837,스위스대사관,126.9656960774,37.5701413179,11110,종로구
01839,안국선원.삼거리,126.9852205387,37.5827432497,11110,종로구
01840,세검정교회,126.9600291533,37.5993880238,11110,종로구
01841,혜화동로터리,127.0010032298,37.5859196111,11110,종로구
01842,김종영미술관,126.9781122953,37.6132637884,11110,종로구
01843,서울시교육청,126.9666998924,37.569381682,11110,종로구
01844,창신쌍용1단지.종로센트레빌아파트,127.0155692785,37.5803228198,11110,종로구
01845,사우디대사관.북촌힐스,126.9852486243,37.583863308,11110,종로구
01846,상명대입구,126.9574023475,37.5998544708,11110,종로구
01847,혜화초등학교,126.9999909413,37.5873892922,11110,종로구
01849,강북삼성병원,126.9683376852,37.5685315243,11110,종로구
01850,청룡사.보문파크뷰자이아파트,127.0171508787,37.5797846496,11110,종로구
01851,감사원,126.9855618026,37.5862656518,11110,종로구
01852,국민생활관,126.9993137839,37.5896275957,11110,종로구
01855,종로센트레빌후문.e편한세상보문아파트,127.0162353711,37.5818978359,11110,종로구
01856,통일부,126.9861073451,37.5875308468,11110,종로구
01858,서울국제고등학교,126.9971407875,37.5890742944,11110,종로구
01860,성대후문.와룡공원,126.989734001,37.5891522774,11110,종로구
01861,상명초등학교,126.9568173576,37.600904926,11110,종로구
01862,새마을금고,126.9965690016,37.5878406881,11110,종로구
01863,경진빌라,126.9579482257,37.6018640911,11110,종로구
01864,명륜시장.성대후문,126.9952305162,37.5887246101,11110,종로구
01865,완성빌라,126.9576665157,37.6033399708,11110,종로구
01866,양현관,126.9937685575,37.5897680031,11110,종로구
01868,상명대후문,126.9574633677,37.6040715802,11110,종로구
01869,샘미용실.종로구청소년상담복지센터,126.9934084203,37.5902545716,11110,종로구
01870,산정빌라,126.9575782035,37.6052835831,11110,종로구
01872,구기빌라,126.9579809335,37.6061334517,11110,종로구
01873,마트앞,126.958756466,37.6066987064,11110,종로구
01874,국민은행.세검정지점,126.9608727063,37.6049541749,11110,종로구
01876,혜화역4번출구,127.0015538872,37.5835080381,11110,종로구
01877,방송통신대앞,127.0019926794,37.5786973612,11110,종로구
01878,서울대치과대학,126.997800962,37.5774082997,11110,종로구
01879,효제초교.연동교회.김마리아활동터,127.0022087811,37.5736413355,11110,종로구
01881,성균관대학교,126.9900035953,37.5884638684,11110,종로구
01883,서울대치과대학,126.9978632209,37.5775727323,11110,종로구
01886,이화사거리,127.0020084833,37.5769483437,11110,종로구
01887,서울대학교병원현관.암병원현관,126.9981631637,37.5790872846,11110,종로구
01888,종각.공평유적전시관,126.98319,37.57164,11110,종로구
01889,조계사,126.9831364101,37.5736021088,11110,종로구
01901,동대문역JW메리어트동대문호텔,127.0092820998,37.5706369793,11110,종로구
01902,대학로,127.0021204164,37.58189612,11110,종로구
01903,창경궁,126.9964163097,37.5791596347,11110,종로구
01904,창덕궁,126.9901776043,37.5775301708,11110,종로구
01905,인사동.북촌,126.9837977873,37.5758950223,11110,종로구
01906,경복궁.국립민속박물관,126.9795487018,37.579339181,11110,종로구
01907,세종문화회관,126.9769120216,37.5731388499,11110,종로구
01910,통인시장,126.9713315727,37.5791187605,11110,종로구
01911,세종문화회관,126.9770139456,37.5731558567,11110,종로구
01912,종각역,126.9828944171,37.5693799579,11110,종로구
01913,인사동.탑골공원,126.9888006413,37.5701155367,11110,종로구
01914,종묘.세운상가,126.9934997231,37.5703736241,11110,종로구
01915,광장시장,126.9996789008,37.5707521431,11110,종로구
01916,동묘.숭인동도깨비시장,127.0180439092,37.5734766013,11110,종로구
01917,서울풍물시장,127.0231780999,37.5733400255,11110,종로구
01918,청와대,126.9737600308,37.582684814,11110,종로구
01919,서울역사박물관.경희궁,126.971956,37.569902,11110,종로구
02001,명동성당.남대문세무서,126.9875299251,37.5649848069,11140,중구
02002,국가인권위.안중근활동터,126.9878515151,37.5643504711,11140,중구
02003,서울역버스환승센터,126.9722570849,37.5551460158,11140,중구
02004,서울역버스환승센터,126.9725924801,37.5554029828,11140,중구
02005,서울역버스환승센터,126.9727238221,37.555388989,11140,중구
02006,서울역버스환승센터,126.9728547738,37.5554794133,11140,중구
02007,서울역버스환승센터.강우규의거터,126.9729402621,37.5554141603,11140,중구
02008,숭례문,126.9737783904,37.5586388574,11140,중구
02100,서울시청,126.9806320857,37.5661382638,11140,중구
02101,만리동고개,126.9626582054,37.551787064,11140,중구
02102,손기정체육공원입구,126.9662339013,37.5544459527,11140,중구
02103,서울의료보건고등학교.서울역서부,126.9689026242,37.5558478973,11140,중구
02104,서울역서부,126.9691514463,37.556237644,11140,중구
02105,서울역서부,126.969293,37.555855,11140,중구
02106,중림동교차로,126.9691354395,37.5583836266,11140,중구
02107,중림동.충정로역2호선,126.964879,37.559839,11140,중구
02108,한국경제신문사.서소문역사공원,126.9678680149,37.5602111497,11140,중구
02109,한국경제신문사.서소문역사공원,126.9681135141,37.5606234736,11140,중구
02110,경찰청.동북아역사재단,126.9691267228,37.5630494858,11140,중구
02111,장충동써미트호텔,127.0066750078,37.5622736605,11140,중구
02113,농협은행.유관순활동터,126.9677868059,37.5649062803,11140,중구
02116,염천교,126.97311408,37.5598696316,11140,중구
02117,숭례문,126.97335794,37.5584010617,11140,중구
02118,숭례문.한국일보,126.9737375955,37.5587713091,11140,중구
02120,후암삼거리,126.9759937564,37.5534055956,11140,중구
02121,숭례문,126.974362745,37.5587633765,11140,중구
02122,숭례문,126.9740436876,37.5584195299,11140,중구
02123,숭례문.서울역4번출구,126.9736279452,37.5580006528,11140,중구
02124,숭례문.남대문시장8번출입구,126.9759976615,37.5588723988,11140,중구
02125,숭례문남산방향,126.9756720863,37.5585581643,11140,중구
02126,남대문시장.신세계앞,126.9800597585,37.561191081,11140,중구
02127,북창동.남대문시장,126.978555,37.561273,11140,중구
02128,소공동주민센터,126.97644367,37.562197167,11140,중구
02131,삼성본관앞,126.9759075283,37.5620517519,11140,중구
02132,시청역8번출구,126.976148714,37.562764205,11140,중구
02133,시청역9번출구.시청서소문2청사,126.9746522037,37.5631901447,11140,중구
02134,시청역11번출구,126.975314,37.563722,11140,중구
02135,시청.서소문청사,126.9749539314,37.5635248407,11140,중구
02136,광교,126.9828444051,37.5681069154,11140,중구
02137,서울신문사,126.9773647051,37.5683632936,11140,중구
02138,명동성당,126.9874193795,37.564974163,11140,중구
02139,우리은행종로지점,126.9828658628,37.5678390393,11140,중구
02140,롯데백화점,126.9822069938,37.5645069796,11140,중구
02141,소공동.롯데영플라자,126.9815478394,37.5628907847,11140,중구
02142,명동.롯데영플라자,126.982008,37.562885,11140,중구
02143,명동입구B,126.9823981134,37.5644247651,11140,중구
02144,신세계백화점,126.9814315438,37.561127344,11140,중구
02145,남대문시장.회현역,126.9777650546,37.5582675237,11140,중구
02146,남대문시장.회현역,126.9784645011,37.5584920257,11140,중구
02147,남산3호터널,126.9827404025,37.5583104538,11140,중구
02148,남산3호터널.정화예술대학교,126.9826359346,37.5595260891,11140,중구
02149,명동역4번출구,126.9849157703,37.560657849,11140,중구
02150,퇴계로2가.명동역5번출구,126.9843582953,37.5609325805,11140,중구
02151,충무로역.한옥마을.한국의집,126.9917771969,37.5612508237,11140,중구
02152,충무로역.한옥마을.한국의집,126.9924098253,37.5609019668,11140,중구
02153,충무로역2번출구,126.9947285429,37.5612375854,11140,중구
02154,충무로역8번출구,126.9964921507,37.5620371603,11140,중구
02155,초동,126.9931119513,37.5633461766,11140,중구
02156,을지로입구.로얄호텔,126.9853902774,37.5658757422,11140,중구
02157,을지로입구.시청입구,126.9811712097,37.5661382638,11140,중구
02158,을지로2가.기업은행본점.서울노동청,126.9865233528,37.566246226,11140,중구
02159,을지로2가.파인에비뉴,126.988670826,37.5660727123,11140,중구
02160,을지로3가,126.9902600103,37.5663729806,11140,중구
02161,을지로3가,126.9914237666,37.5661389597,11140,중구
02162,을지로4가,126.9959336364,37.5666841559,11140,중구
02163,을지로4가.베스트웨스턴국도,126.9968473297,37.5664010399,11140,중구
02164,중구청앞.덕수중학교,126.9981484996,37.564717315,11140,중구
02165,방산시장.을지로4가역6번출구,126.999258524,37.5668182855,11140,중구
02166,을지로5가.중부시장,127.0011150411,37.5666200422,11140,중구
02167,방산시장.훈련원종합체육관,127.0024044565,37.5679608485,11140,중구
02168,을지로5가,127.0025945654,37.5658243542,11140,중구
02169,을지로6가.국립중앙의료원,127.0062316194,37.5661698346,11140,중구
02170,동대문역사문화공원역8번출구,127.0072096931,37.5650528273,11140,중구
02171,동대문역사문화공원역9번출구,127.0077222561,37.5651725525,11140,중구
02172,을지로6가.국립중앙의료원,127.0058434821,37.5664631128,11140,중구
02173,동대문역사문화공원,127.0083555318,37.5673541422,11140,중구
02174,동대문역사문화공원,127.0091685169,37.5674835037,11140,중구
02177,중구보건소.충무아트센터,127.0135231437,37.5651675256,11140,중구
02178,중구보건소.충무아트센터,127.0147408667,37.5650178857,11140,중구
02179,성동공업고등학교(무궁화회관),127.0157558376,37.5683481924,11140,중구
02180,성동공업고등학교앞,127.0161294881,37.5686950625,11140,중구
02181,신당역1번출구.서울중앙시장,127.0187426545,37.5657282804,11140,중구
02182,신당역4번출구.서울중앙시장,127.0194795301,37.5654920748,11140,중구
02183,성동고등학교건너,127.0221821569,37.5655941894,11140,중구
02184,신당5동주민센터.성동고등학교,127.0223979004,37.5652410933,11140,중구
02187,신당누리센터.신당동떡볶이타운,127.0150959791,37.5627954621,11140,중구
02188,신당동떡볶이타운.중구여성플라자,127.0151908517,37.5623100443,11140,중구
02189,청구초등학교.청구역,127.0132161263,37.5589483023,11140,중구
02190,장충초등학교.청구역,127.0130316796,37.559257398,11140,중구
02191,약수역2번출구.가온도서관,127.0110429415,37.5557929112,11140,중구
02192,약수역3번출구.약수하이츠,127.0113796895,37.5557496102,11140,중구
02193,약수역4번출구.금호터널입구,127.012012,37.553399,11140,중구
02194,약수역5번출구.금호터널입구,127.0118693353,37.55292373,11140,중구
02195,약수역8번출구.신당사회복지관,127.0099566945,37.5538646495,11140,중구
02196,약수역7번출구.약수동주민센터,127.0092978444,37.5528509718,11140,중구
02197,송도병원,127.0077186988,37.5502676468,11140,중구
02198,송도병원건너,127.0073984027,37.550227118,11140,중구
02199,약수역1번출구,127.009755648,37.556252533,11140,중구
02201,장충체육관앞,127.0080610837,37.5583362176,11140,중구
02202,장충체육관앞,127.0078281581,37.5580017329,11140,중구
02203,장충동.동국대입구,127.00590981,37.560621324,11140,중구
02204,장충동.동국대입구,127.0056290943,37.5606663921,11140,중구
02205,퇴계로6가,127.0039011095,37.5634011312,11140,중구
02206,퇴계로6가.광희동주민센터,127.00337576,37.5635284386,11140,중구
02207,퇴계로5가.충무초등학교,126.9999660413,37.5623804057,11140,중구
02208,퇴계로5가.중구청,126.9997252277,37.5627804223,11140,중구
02209,국립극장.반얀트리호텔,127.001094708,37.551481823,11140,중구
02210,국립극장.반얀트리호텔,127.0007525635,37.5515339575,11140,중구
02211,청구역2번출구.흥인초등학교,127.014656108,37.5599600605,11140,중구
02212,청구역3번출구,127.014219181,37.5599303778,11140,중구
02213,동화동.청구이편한세상,127.018125822,37.5600244709,11140,중구
02214,청구동.신당동삼성아파트,127.0182736903,37.5598126778,11140,중구
02215,백범광장,126.980093,37.555737,11140,중구
02218,남대문경찰서.서울역10번출구,126.9738404394,37.554128189,11140,중구
02219,남대문시장앞.이회영활동터,126.978580386,37.5609394169,11140,중구
02220,남산케이블카.남산산책로입구,126.9839798009,37.5552651842,11140,중구
02222,동대입구역.장충동,127.005445,37.558362,11140,중구
02223,약수역10번출구,127.009322,37.556256,11140,중구
02224,청계1가.광교,126.9833922386,37.5685707852,11140,중구
02225,청계2가.삼일교,126.9885301722,37.5678404706,11140,중구
02226,청계4가.배오개다리,126.9971755363,37.5684843738,11140,중구
02227,청계5가.방산시장,127.0008265972,37.5692149555,11140,중구
02228,청계6가.평화시장,127.0043806283,37.5694411915,11140,중구
02229,청계7가.동평화.청평화시장,127.0138508174,37.5695135434,11140,중구
02230,청계8가.영도교,127.0189971981,37.5707259153,11140,중구
02233,신한은행본점,126.975585201,37.5611965482,11140,중구
02234,퇴계로2가.명동역7번출구,126.985336,37.560988,11140,중구
02235,광희동.동대문역사문화공원역,127.0091092289,37.5654113309,11140,중구
02236,다산동.버티고개역1번출구,127.0060242348,37.5478041512,11140,중구
02237,버티고개역.남산타운아파트,127.0061899379,37.547650494,11140,중구
02240,청계3가.관수교,126.9929650755,37.5682134567,11140,중구
02241,청계6가.오간수교,127.0090361408,37.5694851752,11140,중구
02242,충무로역7번출구,126.9933889105,37.561690572,11140,중구
02246,을지로입구역.광교,126.9825656304,37.5676492567,11140,중구
02247,청계광장,126.978207,37.569011,11140,중구
02252,신당파인힐하나유보라,127.0248560363,37.5649809794,11140,중구
02253,명동입구,126.982474445,37.5647227393,11140,중구
02254,남산북측순환로입구,126.9988218165,37.5506986166,11140,중구
02255,금호중학교.신당동삼성아파트,127.0187298806,37.5585545048,11140,중구
02256,금호중학교.신당푸르지오아파트,127.019288178,37.5578078339,11140,중구
02257,황학동주민센터,127.0234023516,37.5668556166,11140,중구
02258,신당초등학교앞,127.0239172657,37.5644813411,11140,중구
02259,신당래미안하이베르.금호베스트빌,127.0240513307,37.5616452068,11140,중구
02260,금호베스트빌.신당래미안하이베르,127.0243472269,37.5622544456,11140,중구
02261,신당초등학교,127.024240415,37.5645028357,11140,중구
02272,방산종합시장,127.0019301271,37.5678058693,11140,중구
02273,황학동롯데캐슬,127.0220339686,37.5716601701,11140,중구
02274,광희문.광희동사거리,127.0086110484,37.5645499236,11140,중구
02275,광희문.광희동사거리,127.009677887,37.5644016142,11140,중구
02277,황학동롯데캐슬,127.0232958633,37.5708197498,11140,중구
02278,한국은행앞,126.9792899798,37.561408112,11140,중구
02279,서울기동대.광희초등학교,127.0144829458,37.5679222068,11140,중구
02280,동대문역사문화공원동문,127.0119962039,37.567700749,11140,중구
02281,서대문역사거리.농협중앙회,126.9679802656,37.5668848609,11140,중구
02282,서울역9번출구.서울스퀘어빌딩앞,126.97323173,37.555341632,11140,중구
02283,북창동.남대문시장,126.9769187336,37.5608462911,11140,중구
02284,남산공원.구힐튼호텔,126.976567168,37.5563677408,11140,중구
02285,남산공원.구힐튼호텔,126.9767113404,37.5566267411,11140,중구
02286,시청앞.덕수궁,126.9768355729,37.5662122834,11140,중구
02287,남대문세무서.국가인권위원회,126.987866112,37.5650839621,11140,중구
02288,장충문화체육센터.권기옥활동터,127.0025921056,37.5601745008,11140,중구
02289,남산1호터널,126.9921666231,37.5574051765,11140,중구
02291,남산예장버스환승주차장,126.989289,37.55974,11140,중구
02501,약수역.3.6호선,127.011705637,37.5533046573,11140,중구
02502,조선일보,126.976883066,37.5687339805,11140,중구
02503,시청역,126.97701,37.566031,11140,중구
02505,서울역,126.971278,37.55885,11140,중구
02506,숭례문앞,126.976236105,37.5615164368,11140,중구
02507,시청역1호선.서울시청,126.977339075,37.5673960903,11140,중구
02510,신당역하나은행,127.0215878668,37.5654231103,11140,중구
02513,염천교,126.9711136524,37.5597925744,11140,중구
02516,한국경제신문사,126.9679526472,37.5609334062,11140,중구
02518,응봉근린공원.금호산,127.0169189818,37.5535217011,11200,성동구
02519,서울방송고등학교.남산타운아파트,127.012409789,37.5495860191,11140,중구
02520,서울방송고등학교.남산타운아파트,127.0122783521,37.5496119425,11140,중구
02521,중구청소년센터.남산타운2상가,127.012751162,37.5516549062,11140,중구
02522,중구청소년센터.남산타운2상가,127.0121655599,37.5519027425,11140,중구
02523,약수시장.남산타운동문,127.0108500123,37.5517332168,11140,중구
02524,약수지구대,127.0119577646,37.5528410964,11140,중구
02605,남대문시장,126.979397311,37.5614284556,11140,중구
02639,을지로입구역.더그랜드롯데서울호텔,126.9803053067,37.5658047183,11140,중구
02640,소공동웨스틴조선호텔,126.9796461336,37.5645178283,11140,중구
02641,서울광장,126.978885,37.565352,11140,중구
02643,광화문코리아나호텔,126.97690745,37.5684013914,11140,중구
02649,서소문KAL빌딩,126.9743182567,37.5633387369,11140,중구
02652,동국대입구.앰배서더호텔,127.0026102024,37.5597717116,11140,중구
02661,광화문,126.9769067873,37.5687990002,11140,중구
02662,시청.덕수궁,126.976921,37.566254,11140,중구
02664,바비엥스위트,126.9676372948,37.5651089852,11140,중구
02665,서울역,126.9728595843,37.5578195556,11140,중구
02669,명동역.세종호텔,126.9864492986,37.5610860085,11140,중구
02679,충무로역.호텔피제이,126.9955605031,37.5617180187,11140,중구
02680,남대문시장,126.9787309255,37.560967378,11140,중구
02681,이비스엠버서더호텔,126.9823877131,37.5643534324,11140,중구
02682,프레이저플레이스,126.9692683016,37.5628476779,11140,중구
02686,아카시아호텔.웨스턴코업레지던스,127.0034786985,37.5665506121,11140,중구
02687,을지로코업레지던스,127.0053974501,37.5662333554,11140,중구
02688,토요코인호텔.이비스버젯호텔,127.0089472544,37.5645913489,11140,중구
02692,약수역,127.0098978294,37.5537889625,11140,중구
02693,남산밀레니엄힐튼호텔,126.9759752961,37.5554665731,11140,중구
02694,서울역,126.9720456834,37.5580158041,11140,중구
02695,숭례문라마다&스위트호텔,126.9720684843,37.5606109591,11140,중구
02699,시청역더플라자호텔,126.978066,37.564836,11140,중구
02706,시청.서울신문사,126.9773647244,37.568299316,11140,중구
02707,프레이저플레이스남대문,126.9762665716,37.5613760047,11140,중구
02708,프레이저플레이스남대문,126.9755365701,37.5610667807,11140,중구
02709,동대문역사문화공원,127.009245066,37.5653851887,11140,중구
02710,광희동더스프라지르서울동대문,127.0075552593,37.5647333277,11140,중구
02711,동대문디자인플라자DDP,127.009213839,37.5678529085,11140,중구
02712,베이튼호텔,127.0026364414,37.5649993215,11140,중구
02901,광화문,126.9768853297,37.5689435666,11140,중구
02902,덕수궁,126.976925,37.566106,11140,중구
02903,남대문시장,126.9753967375,37.5609231539,11140,중구
02904,명동,126.9856194882,37.5607583289,11140,중구
02905,남산골한옥마을,126.9924383581,37.5609950561,11140,중구
02906,앰버서더호텔,127.0026253879,37.5604635042,11140,중구
02907,신라호텔,127.0054272005,37.5583034007,11140,중구
02908,동대문디자인플라자.동대문시장,127.0085549376,37.5668754028,11140,중구
02919,서울역,126.972535,37.553928,11170,용산구
02920,동대문디자인프라자,127.0091304267,37.5677625606,11140,중구
02921,방산.중부시장,126.9994422877,37.5668568761,11140,중구
02922,을지로3가,126.9923255915,37.5665349097,11140,중구
02923,을지로입구,126.981001305,37.5661309607,11140,중구
02925,명동입구,126.9823015539,37.5641526235,11140,중구
02926,신당동중앙시장,127.0194166277,37.5657553187,11140,중구
02927,남산오르미,126.9831348601,37.5581940477,11140,중구
03001,한강대교북단.LG유플러스,126.9631209528,37.5240499441,11170,용산구
03002,한강대교북단.LG유플러스,126.9631848403,37.5243060629,11170,용산구
03003,신용산역,126.966207,37.527293,11170,용산구
03004,신용산역,126.9666192358,37.527920489,11170,용산구
03005,용산우체국,126.9702350163,37.5314970129,11170,용산구
03006,용산우체국,126.9705640624,37.5320503694,11170,용산구
03007,삼각지역.전쟁기념관,126.9736858311,37.5351801399,11170,용산구
03008,삼각지역.전쟁기념관,126.9741608708,37.5359845015,11170,용산구
03009,숙대입구역,126.9725377982,37.543295633,11170,용산구
03010,숙대입구역,126.9722320769,37.5437560216,11170,용산구
03011,갈월동,126.9722373211,37.5509755993,11170,용산구
03012,갈월동,126.9717081909,37.5495337218,11170,용산구
03110,남영역.민주화운동기념관,126.9719271804,37.542006922,11170,용산구
03111,남영역.민주화운동기념관,126.972069,37.541823,11170,용산구
03119,신용산역3번출구,126.9673497525,37.5288895698,11170,용산구
03120,서울드래곤시티,126.9630603924,37.5321566887,11170,용산구
03121,용산역3번출구.용산차고지,126.9642145682,37.5318079061,11170,용산구
03122,한강대교북단,126.963570714,37.5249689864,11170,용산구
03124,서계동.서울역공항철도15번출구,126.9693404702,37.5524743044,11170,용산구
03125,서계동,126.969221961,37.5516704971,11170,용산구
03126,청파동,126.9701219815,37.5489916168,11170,용산구
03127,청파시장,126.9698626298,37.548679027,11170,용산구
03128,숙대입구역.청파동주민센터,126.9707772395,37.5453812474,11170,용산구
04146,신금호역,127.0199214015,37.5556768698,11200,성동구
03129,숙대입구역.청파동주민센터,126.9704188578,37.5454861572,11170,용산구
03130,남영역.민주화운동기념관,126.971032,37.540813,11170,용산구
03131,남영역.민주화운동기념관,126.9706761392,37.5405702704,11170,용산구
03132,용산전자상가17동,126.9660271002,37.5337792589,11170,용산구
03133,용산전자상가19동,126.9657072039,37.5335134935,11170,용산구
03134,용산전자상가10동,126.9619640523,37.5332725045,11170,용산구
03135,용산전자상가12동,126.9621689745,37.5330574076,11170,용산구
03136,용산전자상가.전자랜드,126.9583252146,37.5327790559,11170,용산구
03137,용산전자상가.전자랜드,126.9583363743,37.5330561177,11170,용산구
03138,원효대교북단,126.956110982,37.5319853728,11170,용산구
03139,용산경찰서,126.9691858135,37.5405032098,11170,용산구
03140,용산경찰서,126.9690615428,37.5399994643,11170,용산구
03141,용산꿈나무종합타운.원효로우체국,126.9669290534,37.5386139009,11170,용산구
03142,용산e편한세상,126.9654677888,37.5374620591,11170,용산구
03143,남정초등학교,126.9636632444,37.5363187485,11170,용산구
03144,원효로2가,126.9629911361,37.536237441,11170,용산구
03145,원효로2가사거리,126.9610704217,37.5349338369,11170,용산구
03146,원효로3가,126.9581798302,37.5340407624,11170,용산구
03147,원효로3가,126.9583248022,37.5337957151,11170,용산구
03148,용암초등학교입구.이태원주공아파트,126.9886645749,37.5441159432,11170,용산구
03149,이태원동남산대림아파트.용산동아파트,126.9874799728,37.5398743674,11170,용산구
03150,용산한신아파트,126.9871086322,37.5398054732,11170,용산구
03151,해방촌,126.986609087,37.537817739,11170,용산구
03152,국군재정관리단,126.9868496115,37.5373177108,11170,용산구
03153,용산구청,126.991163,37.530303,11170,용산구
03154,용산구청,126.9911698907,37.5294095764,11170,용산구
03155,한강중학교,126.9921715396,37.5254587536,11170,용산구
03156,한강중학교,126.9924287738,37.5245025908,11170,용산구
03157,서빙고역1번출구,126.9899502397,37.5200464191,11170,용산구
03158,장충단로입구,127.002202,37.545795,11170,용산구
03159,남산맨션아파트.남산예술원,127.00204,37.544437,11170,용산구
03160,서울시기술교육원중부.블루스퀘어,127.0033851827,37.5416918639,11170,용산구
03161,서울시기술교육원중부.블루스퀘어,127.0031508133,37.5411791533,11170,용산구
03162,순천향대학병원,127.0057302453,37.5364422432,11170,용산구
03163,순천향대학병원,127.0062993526,37.5356114027,11170,용산구
03164,순천향대학병원,127.0054993584,37.5357934643,11170,용산구
03165,순천향대학병원.한남오거리,127.0057290409,37.5354906847,11170,용산구
03166,한남오거리,127.0083126426,37.5328478217,11170,용산구
03167,남산도서관.용산도서관,126.980835,37.552282,11170,용산구
03168,남산도서관.용산도서관,126.9811340112,37.5520442521,11170,용산구
03169,후암약수터,126.98432,37.54869,11170,용산구
03170,후암약수터,126.9841668777,37.548395263,11170,용산구
03171,용산2가동주민센터.보성여중고,126.9858399758,37.5463968458,11170,용산구
03172,용산2가동주민센터.보성여중고,126.9857643613,37.5462454364,11170,용산구
03173,남산야외식물원입구,126.9927901963,37.5427038827,11170,용산구
03174,남산야외식물원입구,126.992916961,37.5425047481,11170,용산구
03175,하얏트호텔,126.9961358368,37.5417535527,11170,용산구
03176,하얏트호텔,126.9974258076,37.540866103,11170,용산구
03177,용마루고개(서울자동차고등학교),126.9584647114,37.5406368923,11170,용산구
03178,용마루고개.효창파크푸르지오아파트,126.9585520334,37.5402999129,11170,용산구
03179,효창공원앞역.이봉창역사울림관,126.9618971064,37.5392719714,11170,용산구
03180,효창공원앞역.이봉창역사울림관,126.9626978558,37.5388284845,11170,용산구
03181,용산꿈나무종합타운.보건분소,126.9649997667,37.5384268178,11170,용산구
03182,용산꿈나무종합타운.보건분소,126.964648,37.538295,11170,용산구
03183,원효로제1동주민센터,126.9669923459,37.5376607152,11170,용산구
03184,전쟁기념관,126.9768577525,37.5347586674,11170,용산구
03185,전쟁기념관,126.9753831458,37.534651168,11170,용산구
03186,녹사평역,126.9851183494,37.5351069553,11170,용산구
03187,녹사평역,126.9853046955,37.5347582183,11170,용산구
03188,용산구청.이태원시장,126.9904706555,37.5343830489,11170,용산구
03189,용산구청.이태원시장,126.9900096398,37.5341127106,11170,용산구
03190,이태원역1번출구.해밀턴호텔,126.993043,37.534552,11170,용산구
03191,이태원역4번출구.해밀턴호텔,126.9934293088,37.5343539681,11170,용산구
03192,이태원119안전센터,126.996387,37.53479,11170,용산구
03193,이태원119안전센터,126.996812,37.534582,11170,용산구
03194,한남동주민센터,127.0004667254,37.5370458894,11170,용산구
03195,한남동주민센터,127.0006042579,37.5367073033,11170,용산구
03196,한강진역.블루스퀘어,127.001695,37.540805,11170,용산구
03197,한강진역.블루스퀘어,127.0020254103,37.5409291837,11170,용산구
03198,서울역11번출구,126.9738943742,37.5536168846,11170,용산구
03199,후암삼거리,126.9765772255,37.5525408404,11170,용산구
03200,후암시장,126.9770644706,37.5506891863,11170,용산구
03201,후암시장,126.9775446282,37.5497467332,11170,용산구
03202,용산중고,126.9781855672,37.5466597949,11170,용산구
03203,용산중고,126.978225,37.547205,11170,용산구
03204,후암동종점.용산중학교,126.9809588102,37.5466989277,11170,용산구
03205,용산고등학교,126.977563,37.54574,11170,용산구
03206,서울시교육청.남영동주민센터,126.976572,37.545772,11170,용산구
03207,서울시교육청.남영동주민센터,126.975732,37.545505,11170,용산구
03208,남영우체국,126.973235384,37.5451241168,11170,용산구
03209,갈월동사회복지관.남영우체국,126.973962,37.545409,11170,용산구
03210,한남시범아파트,127.0122607528,37.5379429734,11170,용산구
03211,한남시범아파트,127.0126714787,37.5377041394,11170,용산구
03212,한남동,127.0084445845,37.5339127002,11170,용산구
03213,한남동,127.0087002913,37.5337549896,11170,용산구
03214,이촌동동부센트레빌,126.9660096214,37.5215595386,11170,용산구
03215,이촌동두산위브트레지움.한강대우아파트,126.9675282802,37.5215734809,11170,용산구
03216,이촌1동충신교회앞,126.968480845,37.5212831472,11170,용산구
03217,이촌동한가람아파트.이촌역,126.9718842721,37.520656299,11170,용산구
03218,이촌동한강맨션.이촌역,126.972709783,37.5201804898,11170,용산구
03219,신용산초등학교,126.9745085046,37.5198497731,11170,용산구
03220,신용산초등학교.중경고등학교,126.9762479627,37.5190775256,11170,용산구
03221,중경고등학교.이촌동강촌아파트,126.9775234206,37.5189178471,11170,용산구
03222,이촌동점보아파트,126.9784408808,37.5183827987,11170,용산구
03223,이촌동현대아파트,126.9787120007,37.5185336834,11170,용산구
03224,금강병원.반도아파트,126.9811234284,37.517704332,11170,용산구
03225,서빙고신동아아파트,126.9851053606,37.517936953,11170,용산구
03226,서빙고신동아아파트,126.985203,37.517749,11170,용산구
03227,만리동고개,126.9628215994,37.551670014,11170,용산구
03228,손기정체육공원,126.9664230215,37.5542153265,11170,용산구
03229,숙대입구역,126.970799,37.544479,11170,용산구
03230,남영역.민주화운동기념관,126.9709244565,37.5422202391,11170,용산구
03231,숙명여대도서관앞,126.9672216718,37.5448468654,11170,용산구
03232,숙명여대도서관앞,126.9664464653,37.5448412411,11170,용산구
03233,숙명여대정문,126.9641094647,37.5449594985,11170,용산구
03234,숙명여대정문,126.9643096929,37.5451307674,11170,용산구
03235,숙명여대후문.이봉창활동터,126.9632996424,37.5460839723,11170,용산구
03236,효창공원후문,126.9625778991,37.5467910299,11170,용산구
03237,한겨레신문사입구,126.9591928852,37.5458806239,11170,용산구
03238,대한노인회중앙회,126.9576684412,37.5437890449,11170,용산구
03239,효창운동장.효창동주민센터,126.9617671315,37.5422095196,11170,용산구
03240,효창동주민센터.금양초등학교,126.9622336676,37.5416239572,11170,용산구
03241,금양초등학교,126.9620007403,37.5412992546,11170,용산구
03242,효창공원역,126.9610378658,37.5387860159,11170,용산구
03243,도원삼성래미안아파트,126.9574338661,37.539776803,11170,용산구
03244,도원삼성래미안아파트,126.9572103137,37.5396254142,11170,용산구
03245,중앙하이츠빌라앞,126.9600336494,37.5380144603,11170,용산구
03246,중앙하이츠빌라앞,126.9598809227,37.5379738635,11170,용산구
03247,용문시장,126.9609679808,37.5363479221,11170,용산구
03248,용문시장,126.960921,37.536726,11170,용산구
03249,용산전자상가입구,126.9622225151,37.5345701678,11170,용산구
03250,용산전자상가입구,126.9619447091,37.5346611171,11170,용산구
03251,신용산지하차도,126.963668181,37.5328348806,11170,용산구
03252,신용산지하차도,126.963882,37.53259,11170,용산구
03253,신용산역5번출구,126.9676784797,37.5300338589,11170,용산구
03255,용산역,126.9658224646,37.5288666127,11170,용산구
03256,용산푸르지오써밋,126.96475962,37.5275756153,11170,용산구
03257,용산푸르지오써밋,126.964578773,37.527230928,11170,용산구
03258,용산역광장앞,126.965617,37.528333,11170,용산구
03259,용산역사박물관.용산철도고등학교,126.9660149714,37.5255972846,11170,용산구
03260,용산역사박물관.용산철도고등학교,126.9671194025,37.5253057707,11170,용산구
03261,용산세무서,126.9692440232,37.5237318415,11170,용산구
03262,용산세무서,126.970154424,37.5236213922,11170,용산구
03263,이촌역,126.9739086458,37.5226689183,11170,용산구
03264,이촌역,126.9740268751,37.5223634662,11170,용산구
03265,국립중앙박물관.용산가족공원,126.9786512102,37.5208980106,11170,용산구
03266,국립중앙박물관.용산가족공원,126.9799562027,37.5208754875,11170,용산구
03267,서빙고역교차로,126.9899,37.520427,11170,용산구
03268,서빙고초등학교,126.9908893645,37.5211711184,11170,용산구
03269,한강중학교,126.9913627138,37.5251140639,11170,용산구
03270,서빙고동금호베스트빌,126.9907181939,37.5226362582,11170,용산구
03272,서빙고동,126.992986,37.519851,11170,용산구
03273,서빙고동주민센터,126.9948813029,37.5203840049,11170,용산구
03274,동빙고동,126.996690677,37.5208183604,11170,용산구
03275,동빙고동,126.9970390394,37.5212625565,11170,용산구
03276,보광신동아아파트.삼성리버빌아파트,127.0020297105,37.5247380028,11170,용산구
03277,보광동신동아아파트,127.0015149467,37.5256237907,11170,용산구
03278,보광동주민센터,127.0005046107,37.5264591178,11170,용산구
03279,보광동,126.999026,37.528342,11170,용산구
03280,보광동,126.998896846,37.528182014,11170,용산구
03281,한국폴리텍1대학,126.9967926172,37.5301959868,11170,용산구
03282,한국폴리텍1대학,126.9965748167,37.5305293513,11170,용산구
03283,이태원역.보광동입구,126.994213,37.5334,11170,용산구
03284,이태원역.보광동입구,126.9942269972,37.5338224192,11170,용산구
03285,한남역.용산노인종합복지관,127.006795706,37.5312239311,11170,용산구
03286,한남역.용산노인종합복지관,127.007769858,37.5306687947,11170,용산구
03287,이촌119안전센터.성촌공원,126.9529474778,37.5300799765,11170,용산구
03288,이촌로입구.성촌공원앞,126.9546065451,37.5301710306,11170,용산구
03289,이촌로입구.성촌공원앞,126.954351091,37.529747416,11170,용산구
03290,이촌2동주민센터,126.9550639882,37.5277364382,11170,용산구
03291,이촌2동주민센터,126.9548605606,37.5277028919,11170,용산구
03292,이촌2동대림아파트.새남터성지,126.9563230524,37.5261753068,11170,용산구
03293,이촌2동대림아파트.새남터성지,126.9561658719,37.5260292706,11170,용산구
03294,서부이촌동입구,126.959495368,37.5238640509,11170,용산구
03295,이촌2동강변아파트,126.9597809746,37.5234462055,11170,용산구
03296,원효2동산호아파트후문,126.9500126665,37.5322600069,11170,용산구
03297,청암동강변삼성아파트,126.9482434807,37.5346144292,11170,용산구
03298,청암동강변삼성아파트,126.949323,37.534015,11170,용산구
03299,원효2동산호아파트,126.9505415559,37.5330177683,11170,용산구
03300,원효2동산호아파트,126.9508277689,37.5331088986,11170,용산구
03301,원효로풍전아파트,126.9535225314,37.5321286462,11170,용산구
03302,원효로풍전아파트,126.9545135613,37.5323687724,11170,용산구
03303,원효풍전아파트,126.9559182022,37.532742142,11170,용산구
03304,원효2동주민센터,126.9513961673,37.5344941039,11170,용산구
03305,산천동리버힐삼성아파트,126.9511923413,37.5345003443,11170,용산구
03306,산천동.성심여중고후문,126.9536425118,37.5353203855,11170,용산구
03307,산천동.성심여중고후문,126.9533822284,37.5354081306,11170,용산구
03308,신창동세방아파트,126.954957565,37.5357083247,11170,용산구
03309,신창동세방아파트,126.9549471079,37.5358300537,11170,용산구
03310,남이장군사당,126.95777,37.536622,11170,용산구
03311,남이장군사당,126.9575932164,37.5367544611,11170,용산구
03312,용문시장.용문동새마을금고,126.9595337638,37.5370716239,11170,용산구
03313,용문시장.용문동새마을금고,126.9591968331,37.5371492138,11170,용산구
03319,순천향병원입구,127.0067505734,37.5326305473,11170,용산구
03320,남산서울타워,126.9911947846,37.5510144684,11140,중구
03321,청심경로당,126.9506907463,37.5338879189,11170,용산구
03322,삼성테마트,126.9503849242,37.5337466904,11170,용산구
03323,서빙고동금호베스트빌,126.9909910111,37.5226137862,11170,용산구
03324,한남동하이페리온,127.0055474264,37.5278439771,11170,용산구
03325,서빙고역1번출구,126.9894855098,37.5200345091,11170,용산구
03326,문배동이안아파트앞,126.971060418,37.5388699959,11170,용산구
03327,갈월동.숙대입구역10번출구,126.9716591639,37.5463858567,11170,용산구
03328,삼각지역11번출구.전쟁기념관,126.974548,37.536204,11170,용산구
03330,숙대입구,126.9705229419,37.5445305498,11170,용산구
03331,원효대교북단,126.9556102561,37.5321383559,11170,용산구
03332,문배동이안아파트앞,126.9707994501,37.5383644982,11170,용산구
03334,순천향병원입구,127.0069961164,37.532694511,11170,용산구
03335,숙명여대입구,126.9696434774,37.5448844577,11170,용산구
03336,서빙고초등학교,126.9906099662,37.5208412941,11170,용산구
03338,한강대교스카이스위트,126.9608161519,37.5213307725,11170,용산구
03339,한강대교전망카페,126.9613434997,37.5212359951,11170,용산구
03340,노들섬,126.9586051825,37.5175161768,11170,용산구
03341,노들섬,126.959037665,37.5173638437,11170,용산구
03342,용암초등학교.이태원2동주민센터,126.990733,37.544673,11170,용산구
03343,용암초등학교.이태원2동주민센터,126.9909320571,37.5448496669,11170,용산구
03344,효창공원삼거리.윤봉길의사등묘역,126.9638368968,37.5446070869,11170,용산구
03345,서울역공항철도15번출구,126.9688467509,37.5530779085,11170,용산구
03346,용산꿈나무종합타운,126.9672402984,37.538486933,11170,용산구
03347,남산도서관.용산도서관,126.9818461928,37.552343667,11170,용산구
03500,하얏트호텔,126.9969932623,37.5406603781,11170,용산구
03501,한신아파트,126.9866957386,37.5389827262,11170,용산구
03502,순천향병원,127.0048157354,37.5332487951,11170,용산구
03503,용암경로당입구,126.9869183825,37.540596615,11170,용산구
03504,한남오거리,127.0066566991,37.5330901125,11170,용산구
03505,가야랑앞,126.9936040739,37.5401952774,11170,용산구
03506,용암한신아파트,126.987435288,37.5420771725,11170,용산구
03508,효창공원후문,126.9608920893,37.5470688427,11170,용산구
03509,디지텍고등학교앞,126.9916260429,37.5398031767,11170,용산구
03510,우리들가정의원,126.9877949646,37.5432315144,11170,용산구
03511,도원삼성래미안아파트101동앞,126.9562320809,37.5390685906,11170,용산구
03512,성도약국,126.9895541036,37.5394506828,11170,용산구
03513,남산교회입구,126.9866471968,37.5446713415,11170,용산구
03515,신애교회,126.9584869002,37.5455190385,11170,용산구
03516,시장,126.9885515774,37.5389225472,11170,용산구
03517,해방촌오거리,126.9851474983,37.54572995,11170,용산구
03518,보광동주민센터,127.0000973012,37.5261473387,11170,용산구
03519,대한노인회중앙회,126.9576286965,37.5440368054,11170,용산구
03520,도원삼성래미안아파트101동앞,126.9562965631,37.5390222559,11170,용산구
03521,신흥교회앞,126.9833867831,37.5447457188,11170,용산구
03522,군인아파트,126.9963176555,37.526004062,11170,용산구
03523,원효사.백범김구기념관,126.9585663043,37.5431401733,11170,용산구
03524,녹사평역,126.9858713342,37.5350110363,11170,용산구
03525,큰빛의집앞,126.9819982464,37.5445481753,11170,용산구
03526,몬드리안서울이태원,126.992589,37.528596,11170,용산구
03527,도원삼성래미안아파트,126.9576859474,37.5396879497,11170,용산구
03529,후암동종점,126.9813662289,37.5467007949,11170,용산구
03530,용산구청,126.991477,37.530573,11170,용산구
03532,용산고등학교,126.9795092308,37.5461364014,11170,용산구
03533,외빈차고,126.992242,37.531832,11170,용산구
03534,효창공원앞역.이봉창역사울림관,126.9614323385,37.5396710223,11170,용산구
03537,청화아파트,126.995387,37.531157,11170,용산구
03540,용산경찰서,126.969805735,37.5410233025,11170,용산구
03541,숙대역7번출구,126.9722967638,37.5434757805,11170,용산구
03542,보광동삼거리,126.996811,37.530752,11170,용산구
03543,중앙하이츠빌라,126.9594786383,37.5385683269,11170,용산구
03544,원효우체국,126.967353845,37.538967266,11170,용산구
03545,보광초등학교,126.99673,37.531373,11170,용산구
03546,용문동시장.새마을금고,126.9596343248,37.5373482951,11170,용산구
03550,용문동주민센터,126.9591190202,37.5381473907,11170,용산구
03551,문배어린이공원,126.9697251251,37.5369383946,11170,용산구
03552,문배어린이공원,126.9695900372,37.5371431249,11170,용산구
03561,신용산역,126.9674544999,37.5299166547,11170,용산구
03564,용산우체국,126.9703153999,37.531376286,11170,용산구
03565,숙대역5번출구,126.9725114972,37.54403813,11170,용산구
03567,삼각지역,126.9732731006,37.5345065492,11170,용산구
03568,갈월동,126.9720930552,37.5463241118,11170,용산구
03569,보광초등학교후문앞,126.995635,37.533162,11170,용산구
03571,동자경로당,126.9741955461,37.5502867059,11170,용산구
03572,이태원역앞,126.9957,37.534339,11170,용산구
03573,녹사평역.용산구청,126.9871837649,37.5351395786,11170,용산구
03574,후암시장,126.9768043541,37.5500664789,11170,용산구
03577,후암동주민센터앞,126.9777057507,37.5483644838,11170,용산구
03578,제일기획,126.998418,37.53495,11170,용산구
03579,대성교회,126.9884520307,37.5386999666,11170,용산구
03580,용산고등학교,126.9789524928,37.5459083263,11170,용산구
03581,성도약국,126.9894307824,37.5392776612,11170,용산구
03582,후암동종점,126.9813594882,37.5465016517,11170,용산구
03583,디지텍고등학교앞,126.9918569023,37.5397139842,11170,용산구
03584,큰빛의집앞,126.9819077271,37.5444832826,11170,용산구
03585,가야랑앞,126.9937523252,37.5400889559,11170,용산구
03586,신흥교회앞,126.983387942,37.5446231699,11170,용산구
03588,해방촌오거리,126.9853964787,37.5457029481,11170,용산구
03589,남산교회입구,126.9866223212,37.5445505919,11170,용산구
03590,우리들가정의원,126.9876591627,37.5432423134,11170,용산구
03591,용암한신아파트,126.9874137344,37.5423880484,11170,용산구
03592,용암경로당입구,126.9869601654,37.5410985304,11170,용산구
03593,한신아파트,126.986557682,37.5389881171,11170,용산구
03594,갑을빌딩,126.9720388292,37.5490958683,11170,용산구
03595,리버힐삼성아파트후문,126.9487207623,37.5349462412,11170,용산구
03596,만리시장입구,126.9630412782,37.5515678017,11170,용산구
03597,배문중고등학교,126.9636168092,37.5503749309,11170,용산구
03598,청파초등학교,126.9633754859,37.5485834792,11170,용산구
03648,동부이촌동,126.9726729953,37.520139253,11170,용산구
03649,강촌APT,126.9761942244,37.5191000398,11170,용산구
03680,남산그랜드하얏트호텔,126.9973678608,37.5398259716,11170,용산구
03688,청파초등학교,126.9635056923,37.5484699816,11170,용산구
03699,배문중고교,126.963728852,37.550381273,11170,용산구
03700,만리시장입구,126.9631453007,37.5517759871,11170,용산구
03709,청암자이아파트,126.9485683053,37.5348672272,11170,용산구
03710,신동아APT,126.985188,37.517749,11170,용산구
03728,신동아APT,126.9853034727,37.5179220911,11170,용산구
03729,강촌APT,126.9773129069,37.5189057287,11170,용산구
03730,동부이촌동,126.9718175157,37.5206779095,11170,용산구
03732,이촌동두산위브트레지움,126.9659919434,37.521493673,11170,용산구
03733,이촌동두산위브트레지움,126.9675735406,37.5215283595,11170,용산구
03734,이촌현대아파트.금강병원,126.9810408412,37.5177187363,11170,용산구
03735,이촌현대아파트.금강병원,126.978748041,37.5185081173,11170,용산구
03736,한남역,127.0067323413,37.5312068138,11170,용산구
03737,도원삼성래미안아파트단지내,126.9553881353,37.5381983039,11170,용산구
03742,한남동주민센터,127.000603,37.534102,11170,용산구
03743,용산CJ나인파크,126.9695530125,37.5358706647,11170,용산구
03744,용산e편한세상,126.9672212005,37.5344621995,11170,용산구
03748,이집트대사관.한남더힐아파트,127.011274684,37.535256866,11170,용산구
03749,이집트대사관.한남더힐아파트,127.0114310392,37.5362408844,11170,용산구
03750,한남역,127.0077438254,37.5305849943,11170,용산구
03751,한남동,127.008573227,37.5337569266,11170,용산구
03752,한남동,127.0085656637,37.533963153,11170,용산구
03753,필리핀대사관,126.995093255,37.5406999627,11170,용산구
03754,필리핀대사관,126.9951600296,37.5405702075,11170,용산구
03900,전쟁기념관,126.9734851953,37.5384014653,11170,용산구
03901,용산역,126.964794,37.527598,11170,용산구
03902,국립중앙박물관,126.9785496415,37.5208476177,11170,용산구
03904,남산서울타워,126.9909861872,37.5511419911,11140,중구
03905,하얏트호텔,126.9972013482,37.5408918783,11170,용산구
04001,답십리역사거리,127.0543961703,37.5654496127,11200,성동구
04002,청년회의소.서울새활용플라자,127.0604823356,37.5620353607,11200,성동구
04003,장한평역,127.0660926512,37.5611899215,11200,성동구
04101,상왕십리역,127.0290748599,37.5643358035,11200,성동구
04102,상왕십리역,127.0286812869,37.5646936321,11200,성동구
04103,왕십리센트라스아파트,127.0248051787,37.5652129966,11200,성동구
04104,왕십리교회,127.0236794054,37.566630044,11200,성동구
04105,뉴타운아파트,127.0269697789,37.5648723959,11200,성동구
04106,청계벽산아파트.텐즈힐아파트,127.0303755149,37.5688584755,11200,성동구
04107,청계벽산아파트.텐즈힐아파트,127.0300384029,37.5679598186,11200,성동구
04108,왕십리도선동주민센터,127.0246446774,37.5676164369,11200,성동구
04109,왕십리2동주민센터,127.0332625935,37.56244961,11200,성동구
04110,코스모타워.서울신용보증재단성동지점,127.032902865,37.5629822568,11200,성동구
04112,성동구청,127.0359164214,37.5631265853,11200,성동구
04113,상왕십리역,127.030223,37.56493,11200,성동구
04114,상왕십리역.센트라스아파트,127.0299768448,37.5658601065,11200,성동구
04115,신금호역4번출구,127.0205310813,37.5541428107,11200,성동구
04116,마장동주민센터,127.04457376,37.5673234964,11200,성동구
04117,마장역,127.0422829487,37.5655987334,11200,성동구
04118,성동노인복지관,127.0415861333,37.5649375925,11200,성동구
04119,마장축산물시장,127.0380207293,37.5709505267,11200,성동구
04120,마장축산물시장,127.0375113528,37.5702590064,11200,성동구
04121,도선사거리,127.0369539875,37.5670208209,11200,성동구
04122,도선사거리,127.0364845717,37.5666487791,11200,성동구
04123,마장동금호아파트,127.041859032,37.5630713327,11200,성동구
04124,마장동금호아파트,127.0415811922,37.5621577226,11200,성동구
04125,한양대부속고등학교,127.0414131621,37.5609241011,11200,성동구
04126,한양대부속고등학교,127.0411546041,37.5603881249,11200,성동구
04127,한양대앞.한양시장,127.0409668475,37.5585823987,11200,성동구
04128,한양대앞,127.0406535419,37.5585254607,11200,성동구
04129,한양대정문,127.0431286432,37.5563883665,11200,성동구
04130,한양대정문앞,127.0431384444,37.5569939038,11200,성동구
04131,무학여고앞,127.0342332122,37.5578540014,11200,성동구
04132,무학여고,127.0338672615,37.5578953118,11200,성동구
04133,왕십리역,127.0361920228,37.5599473134,11200,성동구
04134,왕십리역,127.0362669183,37.5603365628,11200,성동구
04135,왕십리역10번출구,127.0346872504,37.5607235444,11200,성동구
04136,행당1동주민센터,127.0384039964,37.5582671772,11200,성동구
04137,서울숲삼부아파트,127.0379492742,37.5587230766,11200,성동구
04138,응봉동주민센터,127.0335007802,37.5533989566,11200,성동구
04139,응봉동주민센터,127.0334386918,37.5537612141,11200,성동구
04140,응봉사거리,127.0344580408,37.5552918803,11200,성동구
04141,응봉동현대아파트,127.0305745164,37.5497324573,11200,성동구
04142,응봉동현대아파트,127.0309,37.550222,11200,성동구
04143,대현산배수지공원입구,127.0200356974,37.5564740008,11200,성동구
04145,신금호역,127.020117586,37.5556051708,11200,성동구
04147,금호고등학교,127.0219550538,37.5534780746,11200,성동구
04148,금호고등학교.금호자이1차아파트입구,127.0229328751,37.5531077251,11200,성동구
04149,금호동벽산아파트,127.0256791281,37.5511643996,11200,성동구
04150,래미안하이리버아파트,127.0254234439,37.5514582119,11200,성동구
04151,금호사거리,127.02606314,37.5488791385,11200,성동구
04152,금호사거리,127.0259773298,37.5494639682,11200,성동구
04153,금남시장앞.백범학원터,127.0218686315,37.5480852238,11200,성동구
04154,금남시장앞.백범학원터,127.022487755,37.5482887551,11200,성동구
04155,금호역,127.0162669926,37.5477283731,11200,성동구
04156,금호역,127.0154795051,37.5485477051,11200,성동구
04157,금옥초등학교앞,127.0198923146,37.5469673139,11200,성동구
04158,금옥초등학교앞,127.0182356475,37.5462572048,11200,성동구
04159,힐스테이트서울숲리버아파트,127.0270575925,37.5478877101,11200,성동구
04160,삼성래미안아파트앞,127.0275127211,37.5483498668,11200,성동구
04161,옥수삼성아파트.래미안옥수리버젠,127.0148475565,37.5436204852,11200,성동구
04162,옥수삼성아파트.래미안옥수리버젠,127.0146552078,37.5438034317,11200,성동구
04163,미타사입구,127.0168373163,37.5448556208,11200,성동구
04164,래미안옥수리버젠.옥수중앙교회,127.0148446166,37.5459155767,11200,성동구
04165,래미안옥수리버젠.옥수중앙교회,127.014698,37.545782,11200,성동구
04166,옥수파크힐스아파트앞,127.0130389488,37.5471160945,11200,성동구
04167,옥수파크힐스아파트앞,127.0130159995,37.5470204344,11200,성동구
04168,옥수동회차지,127.012436,37.549361,11200,성동구
04169,옥정중학교입구,127.011302745,37.5409040726,11200,성동구
04170,옥정중학교입구,127.0109994635,37.5408770683,11200,성동구
04171,성수1가1동새마을금고,127.0495477418,37.5382204647,11200,성동구
04172,성수1가새마을금고,127.0495105089,37.5383306996,11200,성동구
04173,천주교성수동성당앞,127.0461393549,37.5393704675,11200,성동구
04174,천주교성수동성당앞,127.0460740289,37.539305526,11200,성동구
04175,뚝도아리수정수센터.수도박물관,127.044202626,37.5409772406,11200,성동구
04176,뚝도아리수정수센터.수도박물관,127.04399,37.541407,11200,성동구
04177,서울숲역2번출구,127.044692,37.542958,11200,성동구
04178,서울숲역3번출구,127.0444980594,37.5430629438,11200,성동구
04179,성동구민종합체육센터,127.0448960891,37.5460719745,11200,성동구
04180,성동구민종합체육센터,127.0445340491,37.5464979897,11200,성동구
04181,성원중학교후문,127.0503149591,37.5399724321,11200,성동구
04182,성원중학교후문,127.050759594,37.5400388326,11200,성동구
04183,경일초등학교입구,127.0463723692,37.5410800235,11200,성동구
04184,경일초등학교입구,127.0460161257,37.5413797453,11200,성동구
04185,성동교남단.서울숲리버포레,127.0444566298,37.5495163646,11200,성동구
04186,성동교남단.서울숲리버포레,127.0439627696,37.5505075164,11200,성동구
04187,상원,127.0460506002,37.5514371326,11200,성동구
04188,상원,127.0466618972,37.551747737,11200,성동구
04189,영동대교북단,127.0607392694,37.5369424226,11200,성동구
04190,경수중학교,127.0624288917,37.5397602612,11200,성동구
04191,성수119안전센터,127.060132085,37.5373416869,11200,성동구
04192,성수119안전센터,127.059997,37.537532,11200,성동구
04193,경수중학교,127.0570118184,37.5381650347,11200,성동구
04194,경수중학교,127.0572982039,37.5382865442,11200,성동구
04195,뚝도시장,127.0553996133,37.5385866142,11200,성동구
04196,뚝도시장,127.0552587843,37.5388507297,11200,성동구
04197,성원중.성수2가제1동주민센터,127.0534264696,37.5390939396,11200,성동구
04198,성원중.성수2가제1동주민센터,127.052845,37.539511,11200,성동구
04199,서울숲지구대앞,127.0523417008,37.537867716,11200,성동구
04200,서울숲지구대앞,127.0522588868,37.5380509168,11200,성동구
04201,뚝도시장구길,127.05527,37.537192,11200,성동구
04202,뚝도시장구길,127.0549267531,37.5375520694,11200,성동구
04203,성수동진주타운,127.0574889191,37.536617437,11200,성동구
04204,성수동진주타운,127.0574923078,37.536759089,11200,성동구
04205,성덕정길입구,127.059982,37.536356,11200,성동구
04206,성덕정길입구,127.06006565,37.5364382069,11200,성동구
04207,화양사거리,127.0666629344,37.5472776746,11200,성동구
04208,성수사거리.성수초등학교,127.0641612973,37.5428218897,11200,성동구
04209,서울효사랑병원,127.0632745484,37.5412636389,11200,성동구
04210,성수2가3동주민센터,127.0553883888,37.5496243675,11200,성동구
04211,제인병원,127.0568366874,37.5493511273,11200,성동구
04212,성동세무서앞,127.0621853946,37.5479946812,11200,성동구
04213,성동세무서,127.064337342,37.548239128,11200,성동구
04214,송정동서울숲아이파크,127.0692473283,37.551825481,11200,성동구
04215,송정동건영아파트,127.07115,37.555205,11200,성동구
04216,군자교남단,127.0724414557,37.5575371596,11200,성동구
04217,신답역,127.0475025717,37.570211077,11200,성동구
04218,용답동로데오거리.답십리역,127.0539458148,37.5657033305,11200,성동구
04221,서울교통공사.서울새활용플라자,127.0569134234,37.5620495039,11200,성동구
04222,뚝섬서울숲,127.036601198,37.544618041,11200,성동구
04223,뚝섬서울숲,127.0363946274,37.5456718598,11200,성동구
04226,사근동하이츠아파트앞,127.0486060331,37.5611984155,11200,성동구
04227,사근동하이츠아파트앞,127.0486881757,37.561306176,11200,성동구
04228,사근동주민센터,127.0456489178,37.5608144197,11200,성동구
04229,사근동주민센터,127.0457112392,37.5609315252,11200,성동구
04230,사근고개,127.0445908781,37.5611617078,11200,성동구
04231,사근고개,127.0445101518,37.5612555615,11200,성동구
04232,한양지구대,127.0420211147,37.5602143513,11200,성동구
04233,한양지구대,127.0419242341,37.5602445802,11200,성동구
04234,사근동벽산아파트,127.0499269056,37.5601892041,11200,성동구
04236,뚝섬역8번출구,127.0455095172,37.5476928251,11200,성동구
04237,뚝섬역2번출구,127.046846,37.547575,11200,성동구
04238,뚝섬역5번출구,127.0492754339,37.5464803389,11200,성동구
04239,뚝섬역4번출구,127.0492756444,37.5468001934,11200,성동구
04240,성수역1번출구,127.0538293527,37.5454196769,11200,성동구
04241,SK테크노빌딩앞,127.050228,37.545888,11200,성동구
04242,SK테크노빌딩앞,127.0500259308,37.545769848,11200,성동구
04243,경동초등학교입구,127.0494809367,37.5437724292,11200,성동구
04244,경동초등학교입구,127.049212934,37.5433912967,11200,성동구
04245,경일초등학교앞,127.0482363415,37.5407684319,11200,성동구
04246,경일초등학교앞,127.0481685479,37.540919377,11200,성동구
04247,한양여대앞,127.0503,37.55951,11200,성동구
04252,도선고등학교.꽃재교회,127.0277827978,37.5670932118,11200,성동구
04253,성수역4번출구,127.054582,37.544788,11200,성동구
04254,리버하우스,127.0510060889,37.5509002648,11200,성동구
04255,리버하우스,127.0506905447,37.5512302013,11200,성동구
04256,성수사거리,127.062352,37.542562,11200,성동구
04257,성수사거리,127.0623621248,37.5427980761,11200,성동구
04258,성동제일새마을금고,127.0471032979,37.560811596,11200,성동구
04259,성동제일새마을금고,127.0473012813,37.560884127,11200,성동구
04261,청계9가.텐즈힐2단지정문앞,127.0255654313,37.570749453,11200,성동구
04264,뚝섬서울숲,127.0375618762,37.5434527836,11200,성동구
04265,서울숲1번출입구,127.0426958799,37.5422230617,11200,성동구
04266,서울숲1번출입구,127.042974358,37.5419781098,11200,성동구
04267,용답휴식공원,127.0480538231,37.5693121111,11200,성동구
04268,용답휴식공원,127.0479373245,37.5695541839,11200,성동구
04269,성수2가3동주민센터,127.0542376417,37.5504251323,11200,성동구
04270,극동그린아파트앞,127.0113916813,37.5420008413,11200,성동구
04271,마장역,127.0430338383,37.5663469729,11200,성동구
04272,행당신동아.행당푸르지오아파트,127.0340192689,37.5561408382,11200,성동구
04273,숭신초등학교,127.028195858,37.5671676226,11200,성동구
04275,극동아파트,127.0239338279,37.5580974527,11200,성동구
04276,풍림아파트,127.0239062231,37.5591427175,11200,성동구
04277,벽산아파트,127.0256885739,37.555602288,11200,성동구
04278,대림아파트,127.0249260274,37.5565738309,11200,성동구
04279,행당역,127.0290982639,37.557000896,11200,성동구
04280,행당역,127.0287643907,37.557079373,11200,성동구
04281,무학중학교,127.0330162995,37.5583911544,11200,성동구
04282,극동그린아파트,127.011904958,37.5420646255,11200,성동구
04286,성수동차고지,127.055682,37.535793,11200,성동구
04288,성수두산위브아파트,127.0585185177,37.5365921538,11200,성동구
04289,왕십리자이.신당현대아파트,127.02363,37.560847,11200,성동구
04290,왕십리자이.신당현대아파트,127.024102104,37.5611519007,11200,성동구
04291,성수두산위브아파트,127.058488,37.536507,11200,성동구
04293,우리은행화양동지점,127.0661376875,37.548116421,11200,성동구
04295,황학교.텐즈힐몰,127.0236037286,37.5700517505,11200,성동구
04298,마장동주민센터,127.0446425019,37.5670632137,11200,성동구
04301,왕십리광장.왕십리역7번출구,127.0368888269,37.5611283256,11200,성동구
04302,왕십리광장.왕십리역4번출구,127.037133352,37.561364441,11200,성동구
04303,한양대후문앞,127.0496759962,37.5556432919,11200,성동구
04304,왕십리도선동주민센터,127.0244126998,37.5678169566,11200,성동구
04305,한양여대앞,127.050619338,37.5592243864,11200,성동구
04306,행당중학교,127.043024,37.553781,11200,성동구
04307,살곶이체육공원앞,127.05101917,37.5563590432,11200,성동구
04500,송정동현대아이파크아파트,127.0686200823,37.5521871167,11200,성동구
04501,극동아파트5동,127.0110790155,37.5431595377,11200,성동구
04502,대우아파트관리실,127.0199839497,37.5462141244,11200,성동구
04504,신금호역,127.0204908209,37.5545931778,11200,성동구
04505,옥수역.한강버스선착장,127.016845,37.541382,11200,성동구
04506,송정동우리동네작은체육관,127.0687627665,37.5508854915,11200,성동구
04507,대우아파트후문,127.0216589278,37.5469390691,11200,성동구
04509,금호1가동주민센터,127.02219553,37.5551290207,11200,성동구
04510,왕십리민자역사,127.0378535089,37.5618426928,11200,성동구
04511,무쇠막,127.0246947943,37.545277754,11200,성동구
04512,송정동공영주차장,127.0677474298,37.5490025833,11200,성동구
04514,대경생활과학고등학교,127.017537043,37.5559714265,11200,성동구
04515,금북초등학교.e편한세상금호105동,127.0237361041,37.5555378179,11200,성동구
04516,무학여고,127.0339123541,37.5574916088,11200,성동구
04517,힐스테이트서울숲리버,127.0253856278,37.5467445912,11200,성동구
04518,성수SKV1센터1동,127.0655811779,37.545816932,11200,성동구
04519,극동아파트상가,127.0121008716,37.5429197459,11200,성동구
04520,금호4가동주민센터.대도빌딩,127.0225635106,37.5480526537,11200,성동구
04521,화단삼거리,127.0198766785,37.5484174167,11200,성동구
04522,금호어린이집,127.0186201668,37.5567335018,11200,성동구
04523,논골.금호벽산아파트.성동공유센터,127.0253044367,37.5555394907,11200,성동구
04524,행당서울숲푸르지오상가앞,127.0338926682,37.5556173736,11200,성동구
04525,법학학술정보관,127.0485750382,37.5570403271,11200,성동구
04526,성수이비즈센터,127.0630583777,37.5465773977,11200,성동구
04527,한남하이츠아파트,127.0115923113,37.5400543105,11200,성동구
04528,금호사거리,127.0252690969,37.5480015945,11200,성동구
04529,금호산입구,127.0195736658,37.5567220851,11200,성동구
04530,한진아파트후문,127.0269971479,37.5560183016,11200,성동구
04531,신동아아파트후문,127.032693675,37.554894681,11200,성동구
04532,올림픽체육관맞은편,127.0492908049,37.5569341632,11200,성동구
04533,경수중학교입구,127.0600882973,37.5435110445,11200,성동구
04535,제일감리교회,127.0269036684,37.547866119,11200,성동구
04536,신금호역,127.019636929,37.5543806178,11200,성동구
04537,제3법학관,127.0486367607,37.556233909,11200,성동구
04538,행당서울숲푸르지오109동앞,127.0317164122,37.5544534388,11200,성동구
04539,벽산아파트정문,127.0252791565,37.5526575016,11200,성동구
04540,성수역2번출구,127.0576390687,37.5442691048,11200,성동구
04541,옥수종합사회복지관,127.0128519457,37.5408804856,11200,성동구
04542,응봉동현대아파트,127.0307682168,37.5498025299,11200,성동구
04544,행당2동주민센터,127.0306537631,37.5577375973,11200,성동구
04545,응봉경로당앞,127.031642249,37.5526279318,11200,성동구
04546,금호119안전센터,127.0247307916,37.5541870617,11200,성동구
04547,경동초등학교입구,127.0511563146,37.5458938897,11200,성동구
04548,옥수삼성아파트,127.0139484516,37.540635263,11200,성동구
04549,현대공업사앞,127.0325677907,37.549950728,11200,성동구
04550,두산상가후문.106동,127.0167386956,37.5491853986,11200,성동구
04551,중앙병원,127.0193175559,37.5519612784,11200,성동구
04552,무학중학교.무학여고,127.0331282771,37.5582100032,11200,성동구
04553,만물상회앞,127.0312234362,37.552827269,11200,성동구
04554,논골사거리,127.0248124231,37.5553150263,11200,성동구
04556,응봉초등학교.대림아파트,127.0334306978,37.5510678445,11200,성동구
04557,한신아파트,127.0192957404,37.5507538149,11200,성동구
04558,올림픽체육관앞,127.0496303854,37.5570151108,11200,성동구
04559,상봉노인정앞,127.030283193,37.5528739435,11200,성동구
04560,논골신협.대림아파트후문,127.0245743869,37.5577029753,11200,성동구
04562,옥수삼성아파트,127.0143207799,37.5407532621,11200,성동구
04563,응봉역.광희중,127.0344339086,37.5520425408,11200,성동구
04564,우리은행.백범학원터,127.0211726304,37.5480069051,11200,성동구
04566,금호공원,127.0195750088,37.5496769604,11200,성동구
04567,대현산체육관입구,127.0298541873,37.5530799025,11200,성동구
04568,한양대학교경영대학,127.0485297971,37.5570853955,11200,성동구
04570,옥수종합사회복지관,127.0132276487,37.5408867518,11200,성동구
04572,대우아파트입구,127.0191632324,37.5459834381,11200,성동구
04573,원형화단,127.0194898441,37.548592957,11200,성동구
04574,성동구청,127.0364064374,37.5641355512,11200,성동구
04575,금봉어린이집.또또와마트,127.0288090654,37.5529061904,11200,성동구
04576,한양대병원후문,127.0419651568,37.5600051066,11200,성동구
04577,경수중학교입구,127.0596206188,37.5433629833,11200,성동구
04578,옥정중학교,127.0113322323,37.5413329917,11200,성동구
04579,응봉사거리,127.0345427336,37.5548674402,11200,성동구
04582,천은교회.성동청소년상담복지센터,127.0267906941,37.554695676,11200,성동구
04583,극동아파트상가,127.0123679427,37.5429116083,11200,성동구
04584,무학여고,127.0342554186,37.5577185854,11200,성동구
04585,한전입구,127.0351185322,37.5662652006,11200,성동구
04586,논골입구.성동공유센터,127.0255715552,37.5555496417,11200,성동구
04587,극동아파트7동,127.0127539602,37.5436189277,11200,성동구
04588,성동보건소,127.0331862828,37.566494637,11200,성동구
04589,행당역.대림아파트정문,127.0286715654,37.5570496595,11200,성동구
04590,청계벽산아파트,127.0303705362,37.568262437,11200,성동구
04863,경일중고등학교,127.04921,37.542503,11200,성동구
04591,논골.e편한세상금호114동,127.0246041221,37.55519162,11200,성동구
04593,코스모타워,127.0332903821,37.5627939863,11200,성동구
04594,화단앞,127.019653956,37.5486244682,11200,성동구
04595,성동사회복지관.청계천박물관,127.0334777845,37.5703034715,11200,성동구
04596,금호119안전센터,127.0245723767,37.5542636796,11200,성동구
04597,왕약국,127.0655472648,37.5483411874,11200,성동구
04599,금호공원,127.0197741925,37.5496507955,11200,성동구
04600,성동구도시관리공단.서울시시설관리공단,127.0368611826,37.5718289131,11200,성동구
04602,e편한세상금호117동,127.0246821893,37.5526576279,11200,성동구
04603,왕십리자이.신당현대아파트,127.0236902472,37.5608470716,11200,성동구
04615,중앙슈퍼,127.0665317949,37.5495156648,11200,성동구
04648,한신아파트,127.0194077879,37.550758302,11200,성동구
04651,금호고등학교,127.0235529542,37.5530983943,11200,성동구
04658,극동.풍림아파트,127.0236410045,37.5590448945,11200,성동구
04659,GS25,127.0671617628,37.5503046673,11200,성동구
04667,중앙병원앞,127.019471524,37.5521279557,11200,성동구
04668,도선동사거리,127.0365326655,37.5667675811,11200,성동구
04669,논골신협.대림아파트후문,127.0245188619,37.5575119549,11200,성동구
04670,송정스마트헬스케어센터,127.0678257351,37.5511350971,11200,성동구
04671,성동구청,127.0360410344,37.563354049,11200,성동구
04672,논골사거리,127.0247742087,37.5561260191,11200,성동구
04674,신금호역,127.0197856168,37.5543355851,11200,성동구
04677,성동중앙교회.벽산아파트정문,127.0248775221,37.5530067236,11200,성동구
04679,무학중학교.무학여고,127.0332891007,37.5584226161,11200,성동구
04680,천은교회.성동청소년상담복지센터,127.0266661363,37.5545919447,11200,성동구
04684,금호어린이집,127.0182314515,37.5567429983,11200,성동구
04685,행당2동주민센터,127.0304206318,37.5578295691,11200,성동구
04686,금봉어린이집.또또와마트,127.028794376,37.5526423775,11200,성동구
04691,대경생활과학고등학교,127.0175178242,37.5560687475,11200,성동구
04696,대현산체육관입구,127.0297135329,37.5529629395,11200,성동구
04697,GS주유소,127.0251253545,37.546811328,11200,성동구
04698,대림아파트후문,127.026932687,37.5561715023,11200,성동구
04699,상봉노인정앞,127.0302182436,37.5526731081,11200,성동구
04700,서울숲푸르지오아파트정문,127.0243937555,37.5452561903,11200,성동구
04701,대림상가,127.0344662233,37.553878282,11200,성동구
04702,충북상회,127.0310093901,37.5527922994,11200,성동구
04706,서울숲푸르지오아파트후문,127.0228036345,37.5435444033,11200,성동구
04721,무학여고,127.0338768271,37.5581244034,11200,성동구
04722,무학여고,127.0342446422,37.5580995199,11200,성동구
04723,응봉사거리,127.0340901941,37.5553018991,11200,성동구
04724,응봉사거리,127.0344918986,37.5550801133,11200,성동구
04739,응봉역.광희중,127.0344034229,37.5522011423,11200,성동구
04740,응봉경로당앞,127.0316939654,37.5523884273,11200,성동구
04741,금호초등학교,127.0194943061,37.5526884328,11200,성동구
04742,응봉초등학교.대림아파트,127.0331680056,37.5508020956,11200,성동구
04743,행당서울숲푸르지오109동앞,127.031801204,37.5543861249,11200,성동구
04744,현대공업사앞,127.0324416568,37.5501059259,11200,성동구
04745,신동아아파트후문,127.0328358347,37.5546877083,11200,성동구
04746,신동아아파트,127.0300981967,37.5497675599,11200,성동구
04748,행당서울숲푸르지오상가앞,127.0340186862,37.5555729913,11200,성동구
04749,삼성래미안아파트,127.0275591319,37.5483750866,11200,성동구
04750,금호사거리,127.0250613034,37.5481765011,11200,성동구
04751,금남시장앞.백범학원터,127.0216479967,37.5482744945,11200,성동구
04753,왕십리광장.왕십리역7번출구,127.0365162885,37.5610465475,11200,성동구
04754,두산상가후문.106동,127.0166850915,37.5493384196,11200,성동구
04755,극동아파트7동,127.0126657069,37.543720761,11200,성동구
04756,두산아파트113동,127.016075787,37.5505884957,11200,성동구
04757,두산아파트109동,127.0166306849,37.54988947,11200,성동구
04758,극동아파트4동,127.011588323,37.5435316415,11200,성동구
04759,극동아파트4동,127.0116845111,37.5435055002,11200,성동구
04760,두산아파트109동,127.0167969818,37.5499149882,11200,성동구
04761,두산아파트115동,127.0159606783,37.5510558771,11200,성동구
04762,금호역,127.0169908982,37.5485492158,11200,성동구
04763,금호역.두산상가경비실,127.0166207533,37.5486130124,11200,성동구
04764,금호역,127.0164272951,37.5484240169,11200,성동구
04765,금호역.3호선,127.0166253219,37.5482942315,11200,성동구
04766,화단삼거리,127.0196278194,37.5482189796,11200,성동구
04767,두산아파트113동,127.0162396281,37.5507879397,11200,성동구
04770,벽산아파트501동앞,127.0254385471,37.5548866966,11200,성동구
04771,벽산아파트505동앞,127.0262518161,37.5544010055,11200,성동구
04772,벽산아파트111동앞,127.0267897943,37.5530630754,11200,성동구
04773,벽산아파트206동앞,127.027267386,37.5521525445,11200,성동구
04774,벽산아파트202동앞,127.027346896,37.5514902482,11200,성동구
04775,벽산하이피아상가앞,127.0256432644,37.5521961609,11200,성동구
04776,우리은행.백범학원터,127.0211246097,37.5482659508,11200,성동구
04780,행당푸르지오아파트,127.0340034675,37.556239062,11200,성동구
04781,왕십리역,127.036979,37.561097,11200,성동구
04782,옥정중학교,127.0113005335,37.5412473905,11200,성동구
04783,옥정중학교,127.0109934781,37.5409744546,11200,성동구
04784,옥수삼성아파트,127.0148090773,37.5436087758,11200,성동구
04785,옥수삼성아파트,127.014614465,37.5437908214,11200,성동구
04786,금옥초등학교.금호대우아파트,127.0189290928,37.546474573,11200,성동구
04787,금옥초등학교.금호대우아파트,127.018651851,37.5465899573,11200,성동구
04788,금호사거리,127.0241852708,37.5479784428,11200,성동구
04789,금호사거리,127.0250024528,37.5481765136,11200,성동구
04790,힐스테이트서울숲리버아파트,127.0269817622,37.5478769143,11200,성동구
04791,금호삼성래미안,127.0275353603,37.5483615758,11200,성동구
04792,응봉현대아파트,127.0307014263,37.5497628991,11200,성동구
04793,응봉현대아파트,127.0309019007,37.5501304936,11200,성동구
04794,응봉주민센터,127.0335211731,37.5534440055,11200,성동구
04795,응봉주민센터,127.0336017817,37.5539990568,11200,성동구
04800,래미안옥수리버젠아파트상가,127.0157270249,37.5443727865,11200,성동구
04801,옥수동주민센터.옥수동성당,127.0140191688,37.5436061689,11200,성동구
04802,국민은행,127.0122219232,37.5426971627,11200,성동구
04803,국민은행,127.0127560803,37.5427782048,11200,성동구
04804,옥수동주민센터.옥수동성당,127.0136716778,37.5432376614,11200,성동구
04805,삼성아파트정문,127.015293478,37.5438267793,11200,성동구
04807,성동노인종합복지관,127.0414402566,37.5652097737,11200,성동구
04808,중앙하이츠아파트,127.0389001215,37.5652526914,11200,성동구
04809,민자역사후문,127.0383642631,37.5635492836,11200,성동구
04811,금호1가동주민센터,127.0208123009,37.5547282857,11200,성동구
04812,금호정형외과,127.0204578591,37.5540867685,11200,성동구
04814,금호고등학교앞,127.0233929107,37.5529799549,11200,성동구
04815,벽산하이피아상가,127.026001811,37.5519671275,11200,성동구
04816,벽산노인정,127.0268504902,37.551058711,11200,성동구
04817,벽산아파트107동,127.0274313269,37.5516875417,11200,성동구
04818,벽산아파트109동,127.0274448395,37.5526114413,11200,성동구
04819,벽산아파트505동,127.0263706309,37.5543216827,11200,성동구
04820,벽산아파트501동,127.0255887508,37.5550078999,11200,성동구
04821,광희중학교.응봉역,127.035058499,37.5519110306,11200,성동구
04822,한신아파트후문,127.0370729773,37.5537403049,11200,성동구
04823,한신아파트정문,127.035382546,37.5548347521,11200,성동구
04824,민자역사후문,127.0386950898,37.56308291,11200,성동구
04825,중앙하이츠아파트,127.0384486598,37.5650542998,11200,성동구
04826,삼성래미안아파트,127.0402755817,37.565494021,11200,성동구
04827,금북초등학교입구,127.0236161649,37.5556558853,11200,성동구
04828,대현산배수지공원앞,127.0220574589,37.5551777057,11200,성동구
04829,선영약국,127.0306171809,37.5667721811,11200,성동구
04830,텐즈힐아파트101동.115동,127.029279632,37.5669824288,11200,성동구
04831,숭신초등학교.도선고등학교앞,127.0271676387,37.5673296859,11200,성동구
04832,왕십리도선동주민센터,127.0259157424,37.5677084261,11200,성동구
04833,텐즈힐아파트120동.213동앞,127.0260063322,37.56912306,11200,성동구
04834,왕십리중앙교회,127.026707232,37.5700015585,11200,성동구
04836,청계현대아파트,127.0430256561,37.5701654913,11200,성동구
04837,청계장원아파트,127.044748559,37.5693291776,11200,성동구
04839,마장2교사거리,127.0454636903,37.5679751585,11200,성동구
04840,마장2교사거리,127.0456033009,37.5681827453,11200,성동구
04842,청계장원아파트,127.0448455263,37.5693427411,11200,성동구
04843,옥수교회,127.016009017,37.5452371461,11200,성동구
04844,텐즈힐아파트107동앞,127.0285144783,37.5695685824,11200,성동구
04845,응봉동현대아파트,127.0309380064,37.5498619578,11200,성동구
04846,논골.대림아파트107동.금호동벽산아파트,127.0249544273,37.5558963995,11200,성동구
04847,옥수역5.6번출구.한강버스선착장,127.017002,37.541854,11200,성동구
04848,서울숲푸르지오아파트,127.0237432904,37.5450150995,11200,성동구
04852,경일중고등학교,127.049131,37.542316,11200,성동구
04854,이마트.서울숲힐스테이트아파트,127.052284,37.540121,11200,성동구
04855,서울숲코오롱디지털타워2차,127.05399,37.541411,11200,성동구
04856,서울경찰청제6기동단,127.054739,37.540076,11200,성동구
04857,한라시그마밸리앞,127.05532,37.539647,11200,성동구
04858,성수역3번출구,127.057061,37.543842,11200,성동구
04859,서울숲코오롱디지털타워2차,127.053848,37.541461,11200,성동구
04860,이마트.서울숲힐스테이트아파트,127.05257,37.540528,11200,성동구
04861,현대그린아파트,127.049622,37.540523,11200,성동구
04862,성수역3번출구,127.0566906693,37.5435598293,11200,성동구
04864,한라시그마밸리,127.0551786364,37.5399060735,11200,성동구
04865,서울경찰청제6기동단,127.0547711849,37.540228157,11200,성동구
04866,서울숲역,127.045146,37.543869,11200,성동구
04867,성동구민종합체육센터,127.044515,37.54527,11200,성동구
04868,서울숲2번출입구,127.04255,37.543527,11200,성동구
04871,서울숲9번출입구,127.03755914,37.5436374894,11200,성동구
04872,옥수역4번출구.한강버스선착장,127.0176124993,37.5418118508,11200,성동구
04873,성수대교북단교차로,127.0355169956,37.5442958508,11200,성동구
04876,마장역,127.0426522462,37.5661140833,11200,성동구
04877,마장역,127.0423947542,37.5656474129,11200,성동구
04878,옥정초등학교,127.015419565,37.5408892401,11200,성동구
04879,e편한세상금호109동,127.0218758358,37.5534825943,11200,성동구
04883,왕십리자이아파트107동,127.025641,37.559577,11200,성동구
04884,왕십리풍림아이원아파트102동,127.026382,37.559993,11200,성동구
04885,금호베스트빌아파트노인정앞,127.025069533,37.5618733218,11200,성동구
04887,응봉역.광희중학교,127.0352978775,37.5518786122,11200,성동구
04888,대림강변타운아파트A상가,127.0357171978,37.5547901705,11200,성동구
04889,리버그린동아아파트정문,127.0375237372,37.5534932401,11200,성동구
04890,서울숲리버뷰자이아파트제2주차장,127.0394073408,37.5561652703,11200,성동구
04891,서울숲리버뷰자이아파트제2주차장,127.0392797867,37.5557215716,11200,성동구
04892,서울숲리버뷰자이아파트제1주차장,127.0388889816,37.5541970798,11200,성동구
04893,왕십리로교차로,127.0389354428,37.557719765,11200,성동구
04894,왕십리로교차로,127.0391339263,37.5577676066,11200,성동구
04895,리버그린동아아파트,127.0382720735,37.553344391,11200,성동구
04896,서울숲리버뷰자이아파트제1주차장,127.0392367112,37.5545097441,11200,성동구
04897,왕십리역6-1번출구,127.0379129532,37.5607923799,11200,성동구
04898,행당동서울숲더샵,127.0397222715,37.5578072325,11200,성동구
04899,행당동서울숲더샵,127.0399091167,37.5580008839,11200,성동구
04900,서울숲공원,127.042573685,37.5420905951,11200,성동구
04901,성수역수제화거리,127.0546184401,37.5451580248,11200,성동구
04902,한양대역,127.0432470892,37.5568651503,11200,성동구
04904,한양대학교병원본관1층,127.0438016174,37.559459871,11200,성동구
04905,한양대학교병원본관1층,127.0435712108,37.5594516108,11200,성동구
04906,한양대학교병원응급실,127.0445985625,37.5598124622,11200,성동구
04907,한양대학교류마티스병원동관,127.044652417,37.5599701163,11200,성동구
04908,한양대학교백남학술정보관,127.0446277378,37.5589963484,11200,성동구
04909,한양종합기술연구원.생활과학대학,127.0449123153,37.5590603809,11200,성동구
04910,한양대학교생활과학대학,127.0465028779,37.5568034886,11200,성동구
04912,한양대학교제2의학관,127.0421309686,37.5593313351,11200,성동구
04914,한양대학교정문,127.0421228179,37.5577761117,11200,성동구
05001,군자교입구,127.0756461481,37.5587409868,11215,광진구
05002,군자교입구,127.0749002776,37.5587937258,11215,광진구
05003,군자역.용마초등학교,127.082473132,37.5560989145,11215,광진구
05004,군자역.용마초등학교,127.081556441,37.5562698192,11215,광진구
05005,중곡동입구삼거리,127.086550509,37.5544965543,11215,광진구
05006,어린이대공원후문.아차산역,127.0901491873,37.5512084718,11215,광진구
05007,어린이대공원후문.아차산역,127.0892141692,37.5527548961,11215,광진구
05008,중곡동입구삼거리,127.085229,37.554926,11215,광진구
05009,새밭교회,127.0931845435,37.5489834052,11215,광진구
05010,새밭교회,127.0926144514,37.548957926,11215,광진구
05011,광나루역,127.1026490566,37.5457409721,11215,광진구
05012,광나루역,127.1037600333,37.5451588569,11215,광진구
05101,군자교,127.0752029849,37.561532857,11215,광진구
05102,군자교,127.0752287457,37.5623861756,11215,광진구
05103,천주교서울대교구홍병철관,127.0773349708,37.5589508735,11215,광진구
05104,천주교서울대교구홍병철관,127.0776318627,37.559086619,11215,광진구
05105,중곡1동주민센터입구,127.0783835194,37.5605224214,11215,광진구
05106,중곡1동주민센터입구,127.078403699,37.5608783017,11215,광진구
05107,중곡1동사거리,127.0794725244,37.5624536807,11215,광진구
05108,중곡1동사거리,127.0792818001,37.5624813464,11215,광진구
05109,중마초등학교.중곡제일골목시장앞,127.0808443646,37.5649806937,11215,광진구
05111,용마사거리,127.0818720972,37.5622907455,11215,광진구
05112,중곡2동주민센터앞,127.0808552636,37.5598837254,11215,광진구
05113,중곡2동주민센터앞,127.0811551751,37.5598402672,11215,광진구
05114,중곡동성당앞,127.0829363287,37.5631682406,11215,광진구
05115,보건복지행정타운,127.0833601348,37.5638882429,11215,광진구
05116,대원여자고등학교앞,127.087052,37.562118,11215,광진구
05117,중곡보건지소,127.0869845748,37.5599194877,11215,광진구
05118,신성시장앞,127.0876755037,37.5583163621,11215,광진구
05119,중곡우체국앞,127.0838852989,37.5615773116,11215,광진구
05120,중곡3동주민센터,127.0797293274,37.569746048,11215,광진구
05121,중곡3동주민센터,127.0794405363,37.5700272219,11215,광진구
05122,중곡아파트,127.0778996992,37.5664012264,11215,광진구
05123,중곡아파트,127.0771769652,37.5657955541,11215,광진구
05124,중마초등학교.중곡제일골목시장앞,127.0808531239,37.5652307141,11215,광진구
05125,중곡역입구,127.0816150335,37.5663404337,11215,광진구
05126,중곡역입구,127.0816481504,37.5666597846,11215,광진구
05127,중곡문화체육센터,127.0827951289,37.5685360222,11215,광진구
05128,중곡문화체육센터,127.0826418853,37.5684915275,11215,광진구
05129,면곡시장앞,127.0832843745,37.5707949236,11215,광진구
05130,면곡시장앞,127.0834488311,37.5710831259,11215,광진구
05131,중곡SK아파트.용암사입구,127.0860566161,37.5679159934,11215,광진구
05132,용곡삼거리,127.0855902354,37.5679334531,11215,광진구
05133,중곡역.국립정신건강센터,127.0845454928,37.5660464177,11215,광진구
05134,대원고교앞,127.086708621,37.5639660286,11215,광진구
05135,중곡SK아파트.용암사입구,127.0863735321,37.5678680041,11215,광진구
05136,대원고교앞,127.0869681157,37.5641992207,11215,광진구
05137,대원여자고등학교앞,127.0873093515,37.5626950451,11215,광진구
05138,신성시장,127.0879297616,37.5583189468,11215,광진구
05139,중곡동입구,127.0886689538,37.5541967204,11215,광진구
05140,어린이대공원앞,127.0770314953,37.5520458638,11215,광진구
05141,군자역6번출구,127.0786346746,37.5551766839,11215,광진구
05142,구의사거리.광진소방서앞,127.083977653,37.545249575,11215,광진구
05143,어린이회관,127.079201,37.545612,11215,광진구
05144,구의사거리.광진소방서앞,127.0843023754,37.5449986565,11215,광진구
05145,광진경찰서. 건국사대부중,127.0836883111,37.5415336614,11215,광진구
05146,광진경찰서. 동대부가람중고,127.0846474366,37.5430873683,11215,광진구
05147,광진경찰서,127.0842426589,37.5422101065,11215,광진구
05148,NH농협은행자양로지점,127.0834073669,37.5389648482,11215,광진구
05149,광진구청.구의역2번출구,127.0879772581,37.5377026867,11215,광진구
05150,래미안구의파크스위트,127.0890122213,37.5447158904,11215,광진구
05151,구의2동주민센터입구,127.0897846677,37.5492515718,11215,광진구
05152,구의2동주민센터입구,127.08958588,37.5486416815,11215,광진구
05153,구의사거리,127.0857469566,37.5456510932,11215,광진구
05154,구의사거리,127.0863480831,37.5458173579,11215,광진구
05155,래미안구의파크스위트,127.0890507143,37.5449638155,11215,광진구
05156,현대아파트앞,127.0940086584,37.5395524961,11215,광진구
05157,현대아파트앞,127.0941742917,37.539643765,11215,광진구
05158,광진우체국,127.090409,37.537998,11215,광진구
05161,강변역A,127.0937169006,37.5361136997,11215,광진구
05162,테크노마트앞.강변역,127.0937549878,37.5368645137,11215,광진구
05163,구의현대2단지아파트,127.0965424639,37.5378533679,11215,광진구
05164,광장동금호베스트빌,127.0932099949,37.5433926994,11215,광진구
05165,광장동금호베스트빌,127.0936875546,37.5433887171,11215,광진구
05166,광장동현대아파트앞,127.0977640864,37.541909114,11215,광진구
05167,광장동현대아파트앞,127.0989722091,37.54207254,11215,광진구
05168,광나루역.극동아파트,127.1029628675,37.5435355041,11215,광진구
05169,광나루역.극동아파트,127.1033202823,37.5442424761,11215,광진구
05170,어린이대공원역2번출구,127.075378,37.546984,11215,광진구
05172,워커힐아파트.광장동,127.1067149694,37.547895755,11215,광진구
05173,워커힐아파트앞,127.1090263699,37.5504960052,11215,광진구
05174,워커힐입구,127.1087232242,37.550613427,11215,광진구
05175,NH농협은행자양로지점,127.0831891894,37.5387627825,11215,광진구
05176,자양사거리,127.0824320547,37.5369337778,11215,광진구
05177,자양사거리,127.0821044683,37.5367503042,11215,광진구
05178,자양초등학교앞,127.0784673729,37.5379478514,11215,광진구
05179,자양초등학교앞,127.0792651176,37.5374228649,11215,광진구
05180,건국대학교앞,127.0750483076,37.5387452063,11215,광진구
05183,자양미소약국.자양골목시장,127.077319,37.53275,11215,광진구
05185,자양동우체국.중앙농협,127.081413066,37.531572725,11215,광진구
05187,자양하늘채베르아파트앞,127.0846079653,37.5321922367,11215,광진구
05188,자양동잠실대교북단,127.0848057104,37.5329553244,11215,광진구
05189,신자초등학교앞,127.0749155368,37.5304403173,11215,광진구
05190,자양미소약국.자양골목시장,127.0768712862,37.5327003382,11215,광진구
05191,자양동우체국.중앙농협,127.0807386521,37.5315308364,11215,광진구
05192,동서울우편집중국앞,127.084337729,37.5350521104,11215,광진구
05193,자양하늘채베르아파트앞,127.0846733447,37.5319732231,11215,광진구
05194,자양동잠실대교북단,127.0858514017,37.5321201527,11215,광진구
05195,자양2동주민센터,127.08517,37.527949,11215,광진구
05196,구립행복마루어린이집,127.082213,37.527743,11215,광진구
05197,자양한강도서관,127.078333,37.528429,11215,광진구
05199,광진구청.구의역3번출구,127.0882893582,37.5375186301,11215,광진구
05200,자양한강전통시장,127.066874712,37.5355719112,11215,광진구
05201,신양초등학교앞,127.0692877009,37.5349118182,11215,광진구
05202,신양초등학교앞,127.0689474032,37.535233709,11215,광진구
05203,뚝도변전소앞,127.0689075815,37.5360909985,11215,광진구
05204,광진문화예술회관,127.0701692006,37.5385652456,11215,광진구
05205,건국대학교앞,127.0748753929,37.5384461141,11215,광진구
05209,신자초등학교앞,127.074922,37.530768,11215,광진구
05210,자양우성아파트앞,127.0734112939,37.5337952382,11215,광진구
05211,자양우성아파트앞,127.0734066984,37.533946958,11215,광진구
05212,자양고교앞,127.0711714016,37.5345790942,11215,광진구
05213,자양고교앞,127.0713601174,37.53431586,11215,광진구
05214,대동아파트앞,127.068967,37.536419,11215,광진구
05215,노룬산골목시장,127.0672016099,37.5357293289,11215,광진구
05216,영동교골목시장,127.0626912618,37.5395029881,11215,광진구
05217,건대입구역6번출구,127.0672788711,37.5408268775,11215,광진구
05218,건대로데오거리입구,127.070158,37.539081,11215,광진구
05219,롯데캐슬리버파크시그니처아파트,127.0629447386,37.5368058708,11215,광진구
05220,영동대교북단,127.0611888361,37.5367146879,11215,광진구
05221,롯데캐슬리버파크시그니처아파트,127.0628993085,37.5366067526,11215,광진구
05222,자양역1번출구,127.0679166913,37.5338028399,11215,광진구
05223,자양4동주민센터앞,127.067497,37.533632,11215,광진구
05224,성수사거리,127.0647765888,37.5431585111,11215,광진구
05225,화양사거리,127.0670885688,37.5472318425,11215,광진구
05226,광진광장,127.0715209148,37.5477151717,11215,광진구
05227,어린이대공원역4번출구,127.0736284938,37.5466216409,11215,광진구
05228,한아름공원,127.0722179767,37.5437160861,11215,광진구
05229,건대입구역사거리.건대병원,127.070878,37.540784,11215,광진구
05230,건대입구역1번출구,127.0681672642,37.5408957525,11215,광진구
05231,어린이대공원역3번출구,127.0751469149,37.5468045831,11215,광진구
05232,건대입구역사거리.건대병원,127.071248506,37.5408198597,11215,광진구
05233,어린이회관,127.079595313,37.5452722228,11215,광진구
05234,천주교화양동성당,127.0735881785,37.5459043941,11215,광진구
05235,송정동서울숲아이파크,127.0695975111,37.5517044591,11215,광진구
05236,송정동건영아파트,127.0712985506,37.5547537734,11215,광진구
05237,군자교남단,127.0727879339,37.557410967,11215,광진구
05238,중앙농협군자지점,127.0767090775,37.5577085489,11215,광진구
05239,중앙농협군자지점,127.0765591034,37.5571562758,11215,광진구
05240,능동우편취급국,127.0760329007,37.5561609072,11215,광진구
05241,군자동주민센터,127.0752869423,37.5549755455,11215,광진구
05242,군자동주민센터,127.0753228303,37.5546466232,11215,광진구
05243,세종초등학교.세종사이버대학교앞,127.0733966913,37.5535248785,11215,광진구
05244,세종초교앞,127.0743618087,37.5538666538,11215,광진구
05245,시립광진노인종합복지관,127.0713225073,37.5518512093,11215,광진구
05246,시립광진노인종합복지관,127.0710877554,37.5513566499,11215,광진구
05247,장안초등학교,127.070754754,37.5486923124,11215,광진구
05248,장안초등학교,127.0704835547,37.5485801736,11215,광진구
05249,서울화양동우체국,127.0686841693,37.5483288986,11215,광진구
05250,광진광장,127.0715410787,37.5480051511,11215,광진구
05251,세종대학교. 어린이대공원정문,127.07544,37.549752,11215,광진구
05252,능동교회앞,127.0769927342,37.5528739948,11215,광진구
05253,군자역7번출구,127.07882,37.556322,11215,광진구
05256,아차산역삼거리,127.0867859773,37.554581226,11215,광진구
05257,용마초등학교,127.081723671,37.5565422552,11215,광진구
05258,아차산역2번출구,127.0905075507,37.5508666828,11215,광진구
05259,서울화양동우체국,127.0687743625,37.5481104097,11215,광진구
05260,중곡동입구,127.0882622041,37.554798956,11215,광진구
05261,제일은행사거리,127.0747505569,37.5335505333,11215,광진구
05262,동곡삼거리,127.0779538856,37.5636739408,11215,광진구
05263,건대병원입구,127.0714727877,37.5421084758,11215,광진구
05265,광진청소년센터,127.1053745185,37.5459514944,11215,광진구
05266,강변역B,127.0937383582,37.5360541462,11215,광진구
05267,테크노마트앞.강변역,127.0938031252,37.5369050205,11215,광진구
05268,중곡동성당,127.0824010859,37.5627654195,11215,광진구
05269,보건복지행정타운,127.0833026919,37.564373065,11215,광진구
05270,중곡역.국립정신건강센터,127.0843249567,37.5662294972,11215,광진구
05271,용곡삼거리,127.0855997978,37.5685782991,11215,광진구
05272,구의3동주민센터,127.0925470575,37.5390684116,11215,광진구
05273,구의3동주민센터,127.0921000962,37.5390484885,11215,광진구
05298,광진구민체육센터,127.1078574657,37.5469081131,11215,광진구
05299,광나루우편취급국,127.1063092687,37.5474023285,11215,광진구
05500,중곡4동경로당입구앞,127.0939630731,37.5591306198,11215,광진구
05501,중곡아파트.종점,127.0779156425,37.5663789768,11215,광진구
05503,긴고랑종점,127.0960429247,37.562194465,11215,광진구
05504,정보도서관,127.1104622298,37.5502486719,11215,광진구
05505,강원설비앞,127.0901359394,37.5590029448,11215,광진구
05506,강원설비앞,127.0899354071,37.5588490108,11215,광진구
05508,중앙상회앞,127.0947974601,37.5601590013,11215,광진구
05509,포제스한강아파트,127.1094523282,37.5484546316,11215,광진구
05510,중곡4동경로당입구앞,127.0942812172,37.5591925416,11215,광진구
05511,중곡아파트.기점,127.0781637961,37.5668768426,11215,광진구
05512,대순진리회,127.0871709238,37.5614417271,11215,광진구
05513,CU중곡긴고랑점앞,127.0930312463,37.5589159963,11215,광진구
05514,광나루현대아파트,127.1075869834,37.546721738,11215,광진구
05515,긴고랑주차장,127.0956309346,37.5609606399,11215,광진구
05517,신성시장입구,127.088223,37.558433,11215,광진구
05518,중곡4동어린이집입구,127.0917043706,37.5586845522,11215,광진구
05519,신동아아파트,127.105328946,37.5463512912,11215,광진구
05522,마을금고.브레드제과점,127.0892468924,37.5576339581,11215,광진구
05523,긴고랑입구,127.0886688403,37.5588770015,11215,광진구
05527,우리들약국,127.0902850791,37.5569014807,11215,광진구
05528,광남고.삼성아파트,127.1014183009,37.5419477863,11215,광진구
05531,해오름공원입구,127.0911230749,37.5563079173,11215,광진구
05533,현대3차아파트,127.0996486938,37.5404651876,11215,광진구
05535,용마사거리,127.0814330674,37.5624460371,11215,광진구
05536,기원정사입구,127.0931371525,37.5548826175,11215,광진구
05539,송림식당앞,127.0766299665,37.5368221134,11215,광진구
05540,중곡우체국앞,127.0840577691,37.5611637445,11215,광진구
05541,영화사입구,127.0941176381,37.5542285469,11215,광진구
05542,군자역,127.0800822765,37.5578748138,11215,광진구
05543,강변역.테크노마트앞,127.0948590232,37.5363934727,11215,광진구
05544,자양중학교앞,127.0759963869,37.5346905273,11215,광진구
05545,구의2동주택가공동주차장,127.0932969209,37.5532100607,11215,광진구
05549,롯데프레시아차산점.한사랑약국,127.0921939479,37.5518187362,11215,광진구
05550,구의역,127.0892373497,37.5382387949,11215,광진구
05551,배건태한의원.로엘동물병원,127.0792387772,37.5319860054,11215,광진구
05553,아차산역사거리,127.0913081489,37.5507215451,11215,광진구
05554,중곡보건지소,127.0870747483,37.5595305795,11215,광진구
05555,썬더치킨앞,127.0900164716,37.5415506336,11215,광진구
05556,영동대교입구.성수사거리,127.064525855,37.5428255093,11215,광진구
05558,선화예고앞,127.0900588338,37.5494847466,11215,광진구
05559,긴고랑입구,127.0886686737,37.5587364311,11215,광진구
05560,구의홈마트앞,127.0897229975,37.5402902234,11215,광진구
05561,화양동현대아파트,127.0652401586,37.5439827587,11215,광진구
05562,성자초등학교앞,127.0822557273,37.5313000096,11215,광진구
05563,한국켄트외국인학교,127.0880988204,37.5477299911,11215,광진구
05564,중곡4동어린이집입구,127.0916679445,37.5585169771,11215,광진구
05565,래미안구의파크스위트사거리,127.0906000271,37.5440489261,11215,광진구
05566,성수대우프레시아1차아파트,127.0659848276,37.5452943403,11215,광진구
05569,CU중곡긴고랑점앞,127.0930027538,37.5587592285,11215,광진구
05571,화양사거리.SKV1센터,127.0664104572,37.546257958,11215,광진구
05572,본하이츠빌.삼부빌딩,127.0870098898,37.5329501167,11215,광진구
05574,중앙상회앞,127.0949721336,37.5601577922,11215,광진구
05576,성동초등학교,127.0891356598,37.5336144423,11215,광진구
05578,광장중학교앞,127.1024015366,37.5467903263,11215,광진구
05579,구의아크로리버앞,127.0921362577,37.5352926857,11215,광진구
05580,구의역4번출구,127.084837057,37.5366543055,11215,광진구
05581,장신대앞,127.1052273651,37.5475393553,11215,광진구
05582,강변역A,127.093833,37.535988,11215,광진구
05584,워커힐아파트입구,127.1065941453,37.5478863435,11215,광진구
05585,동서울호텔앞,127.0920490446,37.5345920961,11215,광진구
05587,워커힐아파트,127.1075883052,37.5500035243,11215,광진구
05588,성동초등학교,127.0891188071,37.5337153779,11215,광진구
05589,본하이츠빌.삼부빌딩,127.0870462374,37.5330699358,11215,광진구
05591,워커힐아파트입구,127.1065163612,37.5480798615,11215,광진구
05594,구의역1번출구,127.0845898343,37.5368949698,11215,광진구
05595,장신대앞,127.1051324275,37.5476304504,11215,광진구
05596,성자초등학교앞,127.0825682599,37.5315196593,11215,광진구
05597,광장중학교앞,127.1024888949,37.5469479421,11215,광진구
05599,광진경찰서앞,127.0843546327,37.542346877,11215,광진구
05600,양진중학교.재한몽골학교,127.097965691,37.5454433478,11215,광진구
05601,국립정신건강센터,127.0864985879,37.5654064298,11215,광진구
05665,자양동,127.0676371086,37.5356142027,11215,광진구
05666,자양동,127.0668479521,37.5356349246,11215,광진구
05668,배건태한의원.로엘동물병원,127.0790299525,37.5322779304,11215,광진구
05670,청구아파트앞,127.0967938276,37.5423895999,11215,광진구
05671,광장자이아파트,127.0949238539,37.542252836,11215,광진구
05672,서울서광교회앞,127.088351026,37.5475847263,11215,광진구
05677,자양중학교앞,127.0762758207,37.5346353803,11215,광진구
05679,래미안구의파크스위트사거리,127.0904643237,37.5441301287,11215,광진구
05680,자양1파출소앞,127.0769071428,37.5367651642,11215,광진구
05687,면곡시장,127.0813749581,37.571462406,11215,광진구
05690,동곡삼거리,127.0782624509,37.5638021287,11215,광진구
05694,광진구의회,127.0701166071,37.5391969456,11215,광진구
05695,광진구의회,127.0700807237,37.5383360513,11215,광진구
05696,건대입구역,127.0720930253,37.5433804463,11215,광진구
05697,건대입구역,127.0719007166,37.5422803253,11215,광진구
05698,세종대학교,127.0755658718,37.5498616561,11215,광진구
05699,세종대학교,127.0760310216,37.5498550499,11215,광진구
05700,군자역,127.0788605078,37.5563636008,11215,광진구
05701,군자역,127.0786410853,37.555213125,11215,광진구
05709,롯데프레시아차산점.한사랑약국,127.0923104685,37.5517744916,11215,광진구
05710,세븐일레븐구의중앙로점앞,127.089870505,37.5415633601,11215,광진구
05713,구의2동주택가공동주차장,127.0933919081,37.5531415024,11215,광진구
05714,구의홈마트앞,127.089564605,37.5403191787,11215,광진구
05716,종로약국앞,127.0881058981,37.5575879581,11215,광진구
05717,영화사입구,127.0941502787,37.5540834447,11215,광진구
05718,구의역,127.08909255,37.5382758492,11215,광진구
05720,기원정사입구,127.0930355787,37.5551737566,11215,광진구
05721,테크노마트.광진문화원,127.0961011535,37.5370205329,11215,광진구
05723,해오름공원입구,127.0913641894,37.5563302584,11215,광진구
05724,프라임아파트앞,127.0970323661,37.5378379672,11215,광진구
05726,용마사거리,127.0812432362,37.5627570449,11215,광진구
05727,우리들약국,127.0903690097,37.5570437893,11215,광진구
05728,현대3.5차아파트,127.1003518538,37.5407790748,11215,광진구
05731,마을금고앞,127.0893930217,37.5577311656,11215,광진구
05732,광남고.삼성아파트,127.1017492793,37.5423430827,11215,광진구
05733,자양종합복지관앞,127.075429514,37.5324649901,11215,광진구
05735,신성시장입구,127.0880630283,37.5586702034,11215,광진구
05737,대순진리회,127.0875676658,37.5609548433,11215,광진구
05739,대원외고앞,127.0871413296,37.5632448358,11215,광진구
05740,광나루현대아파트,127.1077533058,37.5466936524,11215,광진구
05741,중곡4동파출소,127.0867703018,37.5654194455,11215,광진구
05742,포제스한강아파트,127.1093151239,37.5482745397,11215,광진구
05744,워커힐팰리스,127.1096719072,37.5500133218,11215,광진구
05745,워커힐호텔비스타워커힐,127.1102655251,37.5542416044,11215,광진구
05752,아차산역사거리,127.0914351492,37.5506719315,11215,광진구
05755,중곡119안전센터,127.0863,37.566684,11215,광진구
05757,구의3동주민센터,127.0916151163,37.5380104633,11215,광진구
05900,뚝섬유원지,127.0668303967,37.5311823597,11215,광진구
05901,건국대입구,127.0675636466,37.5411150129,11215,광진구
05990,광장자이아파트,127.0949108596,37.5421672546,11215,광진구
05992,양진중학교.재한몽골학교,127.0980186154,37.5452405574,11215,광진구
05993,청구아파트앞,127.0961815897,37.5432605587,11215,광진구
05994,용마사거리,127.0822104997,37.5618532936,11215,광진구
05999,강변역.테크노마트앞,127.0947896041,37.5363411077,11215,광진구
06001,답십리역사거리,127.0550604632,37.5651870868,11230,동대문구
06002,청년회의소,127.0612838214,37.5619653169,11230,동대문구
06003,장한평역,127.0672869559,37.5611510646,11230,동대문구
06004,신답초등학교.청계한신휴플러스,127.044292,37.571753,11200,성동구
06005,신답초등학교.청계한신휴플러스,127.0447281029,37.5717559096,11200,성동구
06006,동대문구청,127.038327222,37.5740954485,11230,동대문구
06007,서울시동부병원,127.0309536211,37.5739292519,11230,동대문구
06008,신설동역.서울풍물시장,127.0257176822,37.574427911,11230,동대문구
06009,중랑교,127.0677039967,37.5916996082,11230,동대문구
06010,중랑교,127.0668383757,37.5914246178,11230,동대문구
06011,삼육서울병원.삼육보건대학교,127.0606858682,37.589691279,11230,동대문구
06012,삼육서울병원.삼육보건대학교,127.0619514091,37.589992454,11230,동대문구
06013,시조사삼거리.회기역,127.056888,37.588707,11230,동대문구
06014,떡전교사거리.동대문노인복지관,127.0520111918,37.5864439121,11230,동대문구
06015,청량리역환승센터,127.0454307288,37.5804025104,11230,동대문구
06016,청량리역환승센터,127.0460771387,37.5802508767,11230,동대문구
06017,동대문구청,127.0399889148,37.5734588708,11230,동대문구
06018,청량리역환승센터,127.0457513342,37.5802240706,11230,동대문구
06019,청량리역환승센터,127.0457230797,37.5803029185,11230,동대문구
06020,청량리역환승센터,127.0453667154,37.5807152606,11230,동대문구
06021,청량리미주아파트.동대문세무서,127.048395,37.58278,11230,동대문구
06022,청량리청과물도매시장,127.0406051232,37.5787911202,11230,동대문구
06023,제기동역.서울약령시,127.0377802394,37.5781433423,11230,동대문구
06024,제기동역.서울약령시,127.0353228624,37.5782168464,11230,동대문구
06025,용두동사거리,127.0299882252,37.5775320632,11230,동대문구
06026,용두동사거리.한국의류시험연구원,127.0282789088,37.5771526546,11230,동대문구
06027,신설동역,127.0250446359,37.5761500409,11230,동대문구
06028,신설동역,127.0238433051,37.575826798,11230,동대문구
06101,신설동역3번출구,127.0255836506,37.576453593,11230,동대문구
06102,신설동역4번출구,127.025947005,37.5762453617,11230,동대문구
06103,용두동한국의류시험연구원,127.029114172,37.5775187657,11230,동대문구
06104,용두로타리한국의류시험연구원,127.0294820292,37.5772564569,11230,동대문구
06105,제기역약령시장,127.0366096265,37.5782970238,11230,동대문구
06106,제기역약령시장,127.0368349109,37.5780535417,11230,동대문구
06107,신설동역1번출구,127.0233166791,37.5766303332,11230,동대문구
06108,청계한신휴플러스,127.044109,37.571799,11200,성동구
06112,청량리미주상가앞,127.0476780218,37.5818902252,11230,동대문구
06113,서울성심병원,127.0502442553,37.5843923886,11230,동대문구
06114,서울성심병원,127.0508977332,37.5846074691,11230,동대문구
06115,시조사,127.0522795666,37.5868487759,11230,동대문구
06117,휘경동입구,127.0552071034,37.5876644832,11230,동대문구
06118,삼육서울병원,127.0606123322,37.5897656487,11230,동대문구
06120,래미안라그란데아파트,127.0619199953,37.6004425321,11230,동대문구
06121,중랑교,127.0664306844,37.59114436,11230,동대문구
06122,회기시장,127.0566389299,37.5912026288,11230,동대문구
06123,회기시장,127.0565879609,37.5908060401,11230,동대문구
06124,경희중고,127.0577445104,37.5929228111,11230,동대문구
06125,경희중고,127.0583346646,37.5933472946,11230,동대문구
06126,외대앞,127.0596059335,37.5956282146,11230,동대문구
06127,외대앞,127.0597677578,37.5954812555,11230,동대문구
06128,이문동우체국,127.061338,37.598348,11230,동대문구
06129,이문동교회,127.062091,37.599973,11230,동대문구
06130,의릉입구,127.061963,37.603888,11230,동대문구
06131,의릉입구,127.0621763625,37.6034852714,11230,동대문구
06132,한천로쌍용아파트앞,127.0676192785,37.5981910949,11230,동대문구
06133,한천로쌍용아파트앞,127.0678869789,37.5986649133,11230,동대문구
06134,이문동삼익아파트,127.0682139128,37.5945485558,11230,동대문구
06135,이문동삼익아파트,127.0683627707,37.5951035399,11230,동대문구
06136,동일스위트리버아파트.휘봉고교,127.0677525508,37.5877987669,11230,동대문구
06137,휘경유수지견인차고지앞,127.068577,37.58842,11230,동대문구
06138,답십리래미안엘파인아파트,127.067330886,37.5756772295,11230,동대문구
06139,래미안엘파인아파트.장안동성당,127.06758,37.575593,11230,동대문구
06140,서울준법지원센터.동성빌라,127.0673893111,37.5855552625,11230,동대문구
06141,서울준법지원센터.동성빌라,127.0676702359,37.5856794521,11230,동대문구
06142,휘경여중고.휘경주공아파트앞,127.0682824634,37.5826030732,11230,동대문구
06143,휘경여중고.휘경주공아파트,127.0685434142,37.5821574897,11230,동대문구
06144,장안동현대아파트앞,127.0685412036,37.5797461738,11230,동대문구
06145,전곡시장앞,127.06779506,37.5772370675,11230,동대문구
06146,전곡시장앞,127.0681419969,37.5773293235,11230,동대문구
06147,촬영소사거리.우성그린아파트,127.0668512705,37.5741908611,11230,동대문구
06148,촬영소사거리.우성그린아파트,127.0669165487,37.5735106563,11230,동대문구
06149,동답초등학교,127.065489039,37.5710397628,11230,동대문구
06150,동답한신.동아아파트,127.0641135329,37.5696220827,11230,동대문구
06151,동답한신.동아아파트,127.0639045358,37.568881615,11230,동대문구
06152,동아.위더스빌아파트,127.0622143149,37.5667402906,11230,동대문구
06153,답십리2동주민센터,127.06181,37.566603,11230,동대문구
06154,하나은행장안동지점,127.0585564607,37.5634035936,11230,동대문구
06155,장한평역4번출구,127.067137684,37.5613115442,11230,동대문구
06156,청년회의소앞,127.0615307058,37.5621102645,11230,동대문구
06157,고미술상가,127.0572974308,37.563609188,11230,동대문구
06158,답십리역.동부시장,127.0525194449,37.5672562517,11230,동대문구
06159,신답역앞,127.0470913509,37.5708430857,11230,동대문구
06160,동대문구청.용두역4번출구,127.0397135905,37.5734350116,11230,동대문구
06161,용두역5번출구,127.037268,37.573977,11230,동대문구
06162,용두동신동아아파트,127.0317924634,37.5737704369,11230,동대문구
06163,동대문우체국.서울풍물시장,127.0245652731,37.574759758,11230,동대문구
06164,동대문구청.용두역3번출구,127.0383451914,37.5755374598,11230,동대문구
06165,동대문구청.용두동주민센터,127.0384168651,37.5765807726,11230,동대문구
06166,동대문구청.용두동주민센터,127.0379882341,37.5753096484,11230,동대문구
06167,경동시장앞,127.0387559286,37.5819989191,11230,동대문구
06168,제기동주민센터.서울약령시앞,127.0383947016,37.5819251477,11230,동대문구
06169,경동시장,127.038283869,37.5799644113,11230,동대문구
06170,홍파초등학교.정화여중고,127.038639,37.585531,11230,동대문구
06171,홍파초등학교.정화여중고,127.0383377075,37.5855971074,11230,동대문구
06172,제기동한신아파트앞,127.037888,37.587603,11230,동대문구
06173,고려대역.고대앞삼거리,127.0366856036,37.5894337656,11230,동대문구
06174,고려대역.고대앞삼거리,127.0366498479,37.5887478517,11230,동대문구
06175,고려대학교앞,127.0346801536,37.5881363102,11230,동대문구
06176,우신향병원,127.0323863454,37.5857223011,11230,동대문구
06177,안암오거리,127.0298970499,37.5824613624,11230,동대문구
06178,대광고등학교앞,127.0255621436,37.5797777214,11230,동대문구
06179,종암초등학교앞,127.0295992386,37.5816186068,11230,동대문구
06180,용두시장앞,127.0303341829,37.5791115868,11230,동대문구
06181,용두시장앞,127.030161,37.579035,11230,동대문구
06182,서울시동부병원,127.0304302445,37.5758964701,11230,동대문구
06183,서울시동부병원,127.0306952909,37.5761901571,11230,동대문구
06184,동아제약앞,127.0304424882,37.5725993738,11230,동대문구
06185,동아제약앞,127.0307312249,37.5727164409,11230,동대문구
06186,떡전교앞,127.0526948922,37.5849040401,11230,동대문구
06187,떡전교앞,127.0525769324,37.5846184473,11230,동대문구
06188,서울시립대입구,127.0540556741,37.5830057298,11230,동대문구
06189,서울시립대학교앞,127.053939948,37.5826804893,11230,동대문구
06190,서울시동부교육지원청.해성국제컨벤션고교,127.0568650184,37.5791853497,11230,동대문구
06191,전농로터리시장.동부교육지원청,127.05676,37.578817,11230,동대문구
06192,전농우체국앞,127.057575,37.576367,11230,동대문구
06193,전농우체국앞,127.0578903291,37.5765201613,11230,동대문구
06194,청솔우성아파트.답십리시장,127.0576479903,37.5737092806,11230,동대문구
06195,미드카운티아파트.청솔우성아파트,127.0573890413,37.5741112935,11230,동대문구
06196,답십리2동시온교회앞,127.0573999289,37.5705961302,11230,동대문구
06197,답십리1동희망샘교회앞,127.0571055329,37.5705241856,11230,동대문구
06198,답십리초등학교.현대시장,127.0572012663,37.568453856,11230,동대문구
06199,답십리초등학교앞,127.0569308801,37.5686265703,11230,동대문구
06200,답십리역사거리,127.0552010664,37.5655060079,11230,동대문구
06201,황물로사거리,127.0559919809,37.5665418919,11230,동대문구
06202,답십리1동주민센터.래미안위브,127.0510037445,37.5723670085,11230,동대문구
06203,답십리1동주민센터.래미안위브,127.0511402741,37.5720993946,11230,동대문구
06204,동대문중학교,127.0537544246,37.5750129513,11230,동대문구
06205,동대문중학교,127.0532771747,37.5741762971,11230,동대문구
06206,전농래미안크레시티아파트,127.0555920845,37.5762802499,11230,동대문구
06207,대한노인회동대문구지회,127.0559030771,37.5762111791,11230,동대문구
06208,전농사거리,127.0590375541,37.5778147722,11230,동대문구
06209,전농사거리,127.059240552,37.5775633596,11230,동대문구
06210,배봉초등학교.전농우성아파트,127.0672948159,37.5786953183,11230,동대문구
06211,배봉초등학교.전농우성아파트,127.0674157317,37.5784402407,11230,동대문구
06212,장안2동주민센터,127.0704039846,37.5788403828,11230,동대문구
06213,장안2동주민센터,127.0704638197,37.5786959839,11230,동대문구
06214,장안교앞,127.0739714006,37.5796533965,11230,동대문구
06215,장안교.은석초등학교,127.0746902496,37.5796191566,11230,동대문구
06216,청량리역6번출구,127.043803,37.578083,11230,동대문구
06217,청량리역6번출구,127.043785792,37.577945301,11230,동대문구
06218,롯데캐슬노블레스,127.0484716502,37.5755552627,11230,동대문구
06219,전농1파출소,127.0471184271,37.5760847235,11230,동대문구
06220,래미안크레시티.답십리도서관,127.0502439795,37.574561753,11230,동대문구
06221,동대문구답십리도서관앞,127.051026821,37.573881303,11230,동대문구
06222,답십리래미안위브아파트,127.0548282074,37.5727689807,11230,동대문구
06223,답십리래미안미드카운티,127.055558,37.57298,11230,동대문구
06224,답십리사거리,127.0567075826,37.5727320519,11230,동대문구
06225,답십리2동두산아파트,127.0585128409,37.572753697,11230,동대문구
06226,답십리시장.청솔우성아파트후문,127.0587580146,37.5729536188,11230,동대문구
06227,답십리2동한양아파트앞,127.0614069359,37.5726702291,11230,동대문구
06228,답십리2동한양아파트앞,127.0611222564,37.5729573511,11230,동대문구
06229,동답한신.대림아파트.동대문체육관,127.063768,37.572663,11230,동대문구
06230,촬영소사거리.동답초등학교,127.065212,37.572642,11230,동대문구
06231,촬영소사거리.세양청마루아파트앞,127.0653558711,37.5728897611,11230,동대문구
06232,동대문구.성동구선거관리위원회,127.0682024772,37.5724872082,11230,동대문구
06233,동대문구.성동구선거관리위원회,127.0678744595,37.5727734631,11230,동대문구
06234,장안사거리,127.070338726,37.5725845345,11230,동대문구
06235,국민은행장안동지점,127.0734972565,37.5723759111,11230,동대문구
06236,국민은행장안동지점,127.0742100898,37.5720533595,11230,동대문구
06237,장안동근린공원,127.0719536475,37.5773238141,11230,동대문구
06238,장안동근린공원,127.0723879948,37.5783141497,11230,동대문구
06239,동대문더퍼스트데시앙아파트,127.0717763134,37.574992107,11230,동대문구
07286,신내6단지,127.0917761025,37.6162098628,11260,중랑구
06240,NH농협장안평지점,127.0721655351,37.5751529569,11230,동대문구
06241,코리아병원,127.0716598633,37.5732069079,11230,동대문구
06242,새서울병원,127.0720050585,37.5731012702,11230,동대문구
06243,장안동삼성쉐르빌아파트,127.0713568649,37.5713996448,11230,동대문구
06244,장안동삼성쉐르빌아파트,127.070843,37.571238,11230,동대문구
06245,힐스테이트장안센트럴,127.070183,37.569605,11230,동대문구
06246,현대벤처빌.현대썬앤빌,127.0694007013,37.5689208635,11230,동대문구
06247,현대벤처빌,127.0692809071,37.5682414609,11230,동대문구
06248,우리은행장안지점앞,127.067727,37.566393,11230,동대문구
06249,우리은행장안지점앞,127.0676384821,37.565598658,11230,동대문구
06250,북한연구소앞,127.0661434798,37.5634648165,11230,동대문구
06251,장한평역2번출구,127.0649278366,37.5622965411,11230,동대문구
06252,장한평역3번출구,127.0654362294,37.5624370636,11230,동대문구
06253,신이문역,127.0679015637,37.6026165732,11230,동대문구
06254,이문동현대아파트앞,127.070677379,37.6010179381,11230,동대문구
06255,이문동현대아파트,127.0709847069,37.6008590191,11230,동대문구
06256,휘경2동주민센터,127.0680485017,37.5907361464,11230,동대문구
06257,휘경2동주민센터,127.0680858743,37.5905048929,11230,동대문구
06258,동부아동보호전문기관.동대부중고,127.0763833794,37.576833541,11230,동대문구
06259,장안삼성래미안2차아파트,127.0766223278,37.574681581,11230,동대문구
06260,장안삼성래미안2차아파트.성복교회,127.0768144692,37.5728468216,11230,동대문구
06261,장안현대홈타운아파트앞,127.073388625,37.5697591707,11230,동대문구
06262,동대문구민체육센터,127.073941301,37.5663862675,11230,동대문구
06263,파라브아파트,127.0723739757,37.5635828092,11230,동대문구
06264,장안현대홈타운상가,127.0743786204,37.571308398,11230,동대문구
06265,장안현대홈타운앞,127.0756173134,37.5692893642,11230,동대문구
06266,장안치안센터,127.0724996415,37.5679458841,11230,동대문구
06267,장안치안센터,127.0727017522,37.568222123,11230,동대문구
06268,장평중학교,127.0709395499,37.565745401,11230,동대문구
06269,회기역종점,127.0588619251,37.5899003691,11230,동대문구
06270,경희대입구,127.0530131529,37.5912717108,11230,동대문구
06271,경희대입구,127.0527127306,37.5915831099,11230,동대문구
06272,서울바이오허브,127.0501400812,37.5913878427,11230,동대문구
06273,서울바이오허브,127.0492768654,37.5916089493,11230,동대문구
06274,한국과학기술원.홍릉초등학교,127.045747,37.591769,11230,동대문구
06275,한국과학기술원.홍릉초등학교,127.0469641413,37.5915445702,11230,동대문구
06276,국방연구원,127.0411809472,37.5914093283,11230,동대문구
06277,국방연구원,127.040058371,37.5911039928,11230,동대문구
06278,세종대왕기념관,127.042380198,37.5898533719,11230,동대문구
06279,세종대왕기념관,127.0425673859,37.5904615395,11230,동대문구
06280,영휘원사거리.(구)홍릉사거리,127.0431751633,37.5860009275,11230,동대문구
06281,영휘원사거리.(구)홍릉사거리,127.043466176,37.586014337,11230,동대문구
06282,동대문경찰서,127.043784304,37.5841404107,11230,동대문구
06283,동대문경찰서,127.0442607393,37.5835585724,11230,동대문구
06284,현대코아,127.0448733855,37.5818120287,11230,동대문구
06285,현대코아,127.0446557984,37.5814859166,11230,동대문구
06286,동대문중앙새마을금고,127.0412131745,37.5831179316,11230,동대문구
06287,동대문중앙새마을금고,127.0422207161,37.5829869315,11230,동대문구
06288,제기동주민센터앞,127.0378676044,37.5829768901,11230,동대문구
06289,제기동한신아파트,127.0373610455,37.5866381789,11230,동대문구
06290,제기시장,127.0352199679,37.586385972,11230,동대문구
06291,제기시장,127.0346709609,37.5866248976,11230,동대문구
06293,외대역앞,127.0609470779,37.596009591,11230,동대문구
06294,외대역앞,127.0613604745,37.5960661454,11230,동대문구
06296,SK뷰아파트,127.065172,37.594405,11230,동대문구
06297,청랑리한신아파트.청량사입구,127.0474140067,37.5867421008,11230,동대문구
06298,전동초등학교.전농동SK아파트,127.060944646,37.5777508201,11230,동대문구
06299,벽산아파트,127.0305141879,37.5827562798,11230,동대문구
06300,제기동천주교회,127.033571029,37.582856812,11230,동대문구
06301,이문동쌍용아파트,127.0688553749,37.5988779848,11230,동대문구
06302,이문동쌍용아파트,127.0691211054,37.5988317049,11230,동대문구
06304,전동초등학교.전농동SK아파트,127.061494401,37.578119856,11230,동대문구
06308,한국산업인력공단서울지역본부,127.072970655,37.5837445296,11230,동대문구
06309,서울반도체고교.휘경주공아파트,127.0692518943,37.5841657316,11230,동대문구
06310,e편한세상청계센트럴포레아파트,127.0302942423,37.5708159089,11230,동대문구
06313,래미안장안1차아파트앞,127.0720204711,37.5668317101,11230,동대문구
06314,장평중학교앞,127.0702527994,37.564958189,11230,동대문구
06315,청량리미주상가앞,127.0472557344,37.5819579768,11230,동대문구
06316,동대문구청.용두역,127.04015,37.572834,11200,성동구
06318,종로사약국,127.0653057725,37.5945213658,11230,동대문구
06320,회기동현대아파트,127.0544608913,37.5891109228,11230,동대문구
06321,우산빌딩앞,127.0546770593,37.588882349,11230,동대문구
06322,배봉산입구,127.0682039807,37.5803416249,11230,동대문구
06324,면곡시장,127.0810660939,37.5716446389,11260,중랑구
06330,동부아파트,127.0452316453,37.5866888977,11230,동대문구
06335,자동차부품상가,127.0577756725,37.5645946726,11230,동대문구
06349,청랑리한신아파트.청량사입구,127.0476686082,37.5865144976,11230,동대문구
06356,장안동삼성쉐르빌아파트앞,127.0702110373,37.5723084893,11230,동대문구
06357,동대문노인종합복지관,127.0497131121,37.5859460919,11230,동대문구
06358,쌍용아파트,127.0683889136,37.6013501097,11230,동대문구
06359,쌍용아파트,127.0685176937,37.6014674544,11230,동대문구
06416,삼육서울병원,127.0623612795,37.5902833371,11230,동대문구
06417,동일스위트리버앞.휘봉고교,127.0676591393,37.5871806733,11230,동대문구
06418,청량리수산시장,127.0408714095,37.5786434462,11230,동대문구
06419,휘봉초등학교,127.0696854187,37.5877063782,11230,동대문구
06422,휘경미소지움아파트,127.0645643148,37.5909282333,11230,동대문구
06423,서울반도체고교.휘경주공아파트,127.0697135361,37.5844695451,11230,동대문구
06424,용두동신동아아파트,127.0325997915,37.5740450496,11230,동대문구
06425,다사랑행복센터.서울문화재단,127.033757,37.571438,11230,동대문구
06426,청량리수산시장,127.0418950942,37.5789521614,11230,동대문구
06500,답십리역3번출구,127.0531915243,37.5667684599,11230,동대문구
06501,가든아파트.수사연구소,127.0720741928,37.5845492166,11230,동대문구
06502,회기역,127.0578476787,37.5901230159,11230,동대문구
06503,답십리역1번출구,127.0506963586,37.5684978574,11230,동대문구
06504,동일하이빌.현대베스트빌아파트,127.0739978057,37.5824731826,11230,동대문구
06505,동안교회,127.0577430725,37.593867821,11230,동대문구
06506,경희대입구,127.0527811217,37.5915657534,11230,동대문구
06507,청계한신휴플러스,127.0450335285,37.571807229,11230,동대문구
06508,시조사삼거리,127.053504,37.588481,11230,동대문구
06509,경희중고,127.056427291,37.5943592428,11230,동대문구
06510,경희대의료원.경희여중고,127.052311,37.594127,11230,동대문구
06511,한신휴플러스정문,127.0450796439,37.5727352624,11230,동대문구
06512,천장산로33,127.057872,37.598865,11230,동대문구
06513,경희맨션,127.0570001318,37.5956150844,11230,동대문구
06515,동아아파트,127.0455832239,37.5742471004,11230,동대문구
06516,삼성래미안,127.058495,37.600017,11230,동대문구
06517,경희대동문,127.0568673052,37.5966712234,11230,동대문구
06518,래미안라그란데,127.060119,37.59979,11230,동대문구
06519,전농119안전센터,127.0456081798,37.5761835356,11230,동대문구
06520,래미안라그란데,127.059674,37.599997,11230,동대문구
06521,외대.경희대후문,127.0571505475,37.5983128684,11230,동대문구
06523,전농1동파출소,127.0480957022,37.5764222386,11230,동대문구
06524,휘경여중고.휘경주공아파트,127.0685629353,37.5824548381,11230,동대문구
06526,신성미소지움아파트,127.0501307614,37.5789318307,11230,동대문구
06528,삼성래미안,127.0573675632,37.5999118194,11230,동대문구
06530,청량리역고가도로교동단,127.0514146373,37.5805090878,11230,동대문구
06533,영광빌딩,127.0525059131,37.5818431221,11230,동대문구
06537,시립대입구,127.0534663672,37.5838521215,11230,동대문구
06539,외대앞역,127.0628249067,37.5953348737,11230,동대문구
06546,회기역종점,127.0587395905,37.5898517712,11230,동대문구
06556,외대.경희대후문,127.0569625455,37.5983039484,11230,동대문구
06557,신설동역1번출구,127.0236090065,37.5760124698,11230,동대문구
06559,천장산로33,127.0577550224,37.5988826722,11230,동대문구
06560,경희대동문,127.056746183,37.5967406655,11230,동대문구
06564,경희맨션,127.0569106983,37.5956556765,11230,동대문구
06567,경희중고,127.056342578,37.5946512359,11230,동대문구
06570,동안교회,127.0573015187,37.5928603119,11230,동대문구
06572,동대부고.은석초교앞,127.0736700296,37.5792594647,11230,동대문구
06575,서울시립대,127.0531816401,37.5831151587,11230,동대문구
06576,영광빌딩,127.0521991693,37.5819811249,11230,동대문구
06577,청량리역고가도로교동단,127.0511350317,37.5805903074,11230,동대문구
06578,신성미소지움아파트,127.0495757982,37.5786581335,11230,동대문구
06579,전농1동파출소,127.0476065132,37.5762782623,11230,동대문구
06580,동대문해병전우회,127.0455245142,37.5763718959,11230,동대문구
06581,태양하나어린이집.동아아파트,127.0454348029,37.5740642361,11230,동대문구
06582,한신휴플러스후문,127.0467315569,37.572989629,11230,동대문구
06583,답십리청소년독서실,127.0492345839,37.5711404728,11230,동대문구
06584,삼희아파트1동,127.0505437481,37.5701586306,11230,동대문구
06585,답십리고미술상가2동,127.0514870981,37.5689958143,11230,동대문구
06586,답십리건축자재시장,127.0534863549,37.567473882,11230,동대문구
06587,답십리1동교차로,127.0552015711,37.5661899369,11230,동대문구
06588,답십리1치안센터,127.0566146653,37.5651430993,11230,동대문구
06591,고려대역3번출구,127.0365261369,37.5904833874,11230,동대문구
06594,의료원입구사거리,127.052658489,37.5926993775,11230,동대문구
06595,삼육서울병원,127.0622219909,37.5902762019,11230,동대문구
06626,장안삼거리,127.0723517263,37.5780291247,11230,동대문구
06628,장안사거리,127.0720255408,37.5732093887,11230,동대문구
06629,장안사거리,127.0716864575,37.5737862935,11230,동대문구
06631,장한평역,127.0667268548,37.5613847656,11230,동대문구
06755,청량리역,127.046268,37.580477,11230,동대문구
06756,서울시립대입구,127.0538030705,37.5828562643,11230,동대문구
06757,전농동사거리,127.0571016136,37.5772526361,11230,동대문구
06758,신답역,127.0477839986,37.5705481504,11230,동대문구
06768,장안삼거리,127.0719971746,37.5778473212,11230,동대문구
06774,신설동역오거리.서울풍물시장,127.0234166489,37.5742755859,11230,동대문구
06775,경동시장앞,127.0386578148,37.58056802,11230,동대문구
06776,경동시장사거리,127.038109149,37.5772293536,11230,동대문구
06777,힐스테이트장안센트럴,127.0704788124,37.5705802667,11230,동대문구
06778,힐스테이트장안센트럴,127.0707390026,37.5703410911,11230,동대문구
06779,동답초교.대림아파트,127.0652298839,37.5712072227,11230,동대문구
06780,정화여중.정화고등학교,127.0417530049,37.5868028035,11230,동대문구
06781,정화여중.정화고등학교,127.0418434744,37.5866113105,11230,동대문구
06999,동대문노인종합복지관,127.0492581619,37.5863103228,11230,동대문구
07001,망우역,127.0911385806,37.5978283589,11260,중랑구
07002,망우역,127.0904651716,37.5976031898,11260,중랑구
07003,상봉역.중랑우체국,127.0837435605,37.5959590869,11260,중랑구
07004,상봉역.중랑우체국,127.0833008263,37.5957231398,11260,중랑구
07005,중랑역.동부시장,127.076052048,37.5939710999,11260,중랑구
07006,중랑역.동부시장,127.0749381812,37.5936152929,11260,중랑구
07007,망우역.망우지구대,127.0953897414,37.5988449322,11260,중랑구
07008,망우역.망우지구대,127.0948710737,37.5985580019,11260,중랑구
07009,우림시장.망우사거리,127.0986406612,37.5995720624,11260,중랑구
07010,우림시장.망우사거리,127.0982214008,37.5993651842,11260,중랑구
07011,금란교회,127.1040333871,37.6005297976,11260,중랑구
07012,금란교회,127.1033574704,37.6003640418,11260,중랑구
07013,동부제일병원.망우역사문화공원,127.1089021873,37.6004643043,11260,중랑구
07014,동부제일병원.망우역사문화공원,127.107756,37.600478,11260,중랑구
07101,극동늘푸른아파트,127.0764039758,37.6147026458,11260,중랑구
07102,묵동자이.신도브래뉴아파트,127.0765885798,37.6152702687,11260,중랑구
07103,묵동삼거리.먹골역,127.0771199228,37.6125566965,11260,중랑구
07104,먹골역.묵동자이아파트,127.0770859657,37.6138350067,11260,중랑구
07105,한국전력동대문중랑지사,127.0782566814,37.6069574374,11260,중랑구
07106,한국전력동대문중랑지사,127.0787485573,37.6062295611,11260,중랑구
07107,지하철7호선중화역,127.0791563016,37.6026485718,11260,중랑구
07108,지하철7호선중화역,127.0794497843,37.602844147,11260,중랑구
07109,국민은행중화동지점,127.0798038601,37.5989360038,11260,중랑구
07110,중화동한신아파트,127.0801694529,37.5990762154,11260,중랑구
07111,상봉2동복합청사.도서관,127.0799782951,37.5918910703,11260,중랑구
07112,상봉2동복합청사.도서관,127.0802876655,37.5920379201,11260,중랑구
07113,면목2동주민센터.중목초등학교,127.079858977,37.5893825204,11260,중랑구
07114,면목2동주민센터.중목초등학교,127.080221,37.590203,11260,중랑구
07115,면목2동사거리,127.0797304665,37.5871549201,11260,중랑구
07116,면목2동사거리,127.0801196457,37.5874792439,11260,중랑구
07117,면목5동주민센터,127.0796318097,37.584884485,11260,중랑구
07118,장안시장,127.0800230935,37.5855216728,11260,중랑구
07119,면목신우아파트,127.0794405095,37.5802709857,11260,중랑구
07120,면목신우아파트,127.0798122666,37.5806329732,11260,중랑구
07121,면목119안전센터,127.0799088318,37.5735215001,11260,중랑구
07122,경남아너스빌아파트앞,127.0801546872,37.5747495207,11260,중랑구
07123,늘푸른동아아파트,127.0803571864,37.5724984572,11260,중랑구
07124,중랑역.동부시장1,127.0755226426,37.5939241378,11260,중랑구
07125,중랑역.동부시장1,127.0767665567,37.5939499392,11260,중랑구
07128,한샘교회,127.0824936944,37.5954173697,11260,중랑구
07129,신내지하차도,127.0971021652,37.5994734943,11260,중랑구
07130,상봉역2번출구,127.0872459258,37.5966238431,11260,중랑구
07131,신내지하차도,127.0973547272,37.599481396,11260,중랑구
07132,중랑구방정환교육지원센터,127.0886276147,37.5973635689,11260,중랑구
07133,망우역,127.0940702529,37.5986432684,11260,중랑구
07134,망우지구대,127.0955395871,37.5986916426,11260,중랑구
07135,망우지구대,127.096136,37.599106,11260,중랑구
07136,양원숲초등학교,127.1048434288,37.6096870825,11260,중랑구
07137,하나은행망우동지점,127.0985869435,37.5996261667,11260,중랑구
07138,양원숲초등학교,127.1047390625,37.6099687342,11260,중랑구
07140,금란교회앞,127.1037916856,37.6006015315,11260,중랑구
07141,금란교회앞,127.104129,37.600352,11260,중랑구
07142,능산사거리,127.1019452732,37.6084800438,11260,중랑구
07143,망우동고개,127.1073787404,37.6006884215,11260,중랑구
07144,서울우유앞,127.072817,37.592108,11260,중랑구
07145,서울우유앞,127.0731675854,37.5914485486,11260,중랑구
07146,중랑초등학교,127.074318,37.58932,11260,중랑구
07147,중랑초등학교,127.0742727085,37.5895100706,11260,중랑구
07148,동부시장남문입구,127.0776647513,37.5904314044,11260,중랑구
07149,동부시장남문입구,127.078259265,37.5907703673,11260,중랑구
07150,88병원,127.0808960477,37.5913119461,11260,중랑구
07151,상봉2동주민센터,127.0810883377,37.5916499462,11260,중랑구
07152,서울창업카페상봉점,127.083885,37.592028,11260,중랑구
07153,서울창업카페상봉점,127.083713,37.59224,11260,중랑구
07154,면목6거리,127.0878523328,37.5928794643,11260,중랑구
07155,면목6거리,127.0872031229,37.5929402273,11260,중랑구
07156,상봉신협,127.0899024613,37.5933652483,11260,중랑구
07157,상봉신협,127.0905684056,37.5936531571,11260,중랑구
07158,혜원사거리,127.092532,37.59388,11260,중랑구
07159,혜원사거리,127.0936742231,37.5943706333,11260,중랑구
07160,혜원여중고입구,127.09505,37.594427,11260,중랑구
07161,혜원여중고입구,127.0955543919,37.5947723198,11260,중랑구
07162,봉우재고개,127.097837,37.595025,11260,중랑구
07163,봉우재고개,127.0973048687,37.5951120639,11260,중랑구
07164,우림시장,127.09954,37.595398,11260,중랑구
07165,우림시장,127.0992893063,37.5955711191,11260,중랑구
07166,상봉역3번출구,127.0862158322,37.5942959108,11260,중랑구
07167,상봉역4번출구,127.0859396558,37.5941972708,11260,중랑구
07168,면목초등학교,127.0869725161,37.5913436688,11260,중랑구
07169,면목초등학교,127.0866780454,37.5913024354,11260,중랑구
07170,지하철7호선면목역,127.0872405771,37.5891321995,11260,중랑구
07171,지하철7호선면목역,127.0875225751,37.5891662321,11260,중랑구
07172,면목본동주민센터.면목정보도서관,127.0882415953,37.5869146062,11260,중랑구
07173,면목본동주민센터.면목정보도서관,127.0880980871,37.5865148002,11260,중랑구
07174,면동초등학교,127.0884543619,37.5842573049,11260,중랑구
07175,면동초등학교,127.0883599559,37.5848547979,11260,중랑구
07176,면목우체국.녹색병원,127.0887178358,37.5820548439,11260,중랑구
07177,면목우체국.녹색병원,127.088457429,37.5827338377,11260,중랑구
07178,사가정역.국민건강보험공단중랑지사,127.0880662837,37.5798599612,11260,중랑구
07179,사가정역2번출구,127.0884337896,37.5812242521,11260,중랑구
07180,면목시장,127.0876506935,37.5796470274,11260,중랑구
07181,면목7동주민센터.면남초등학교,127.0863248288,37.5786342777,11260,중랑구
07182,면목7동주민센터.면남초등학교,127.085932,37.5783,11260,중랑구
07183,방약국앞,127.0858494168,37.5757745627,11260,중랑구
07184,방약국앞,127.08574,37.575997,11260,중랑구
07185,중곡초등학교,127.084205,37.572917,11260,중랑구
07186,중곡초등학교,127.0841787922,37.5731508875,11260,중랑구
07187,삼룡사입구,127.1001745527,37.5976831695,11260,중랑구
07188,삼룡사입구,127.1004181775,37.5969440708,11260,중랑구
07189,용마공원입구,127.0994371442,37.5939199282,11260,중랑구
07190,용마공원입구,127.099292,37.594253,11260,중랑구
07191,면일초등학교,127.0984014013,37.5920174515,11260,중랑구
07192,면일초등학교,127.097627,37.591217,11260,중랑구
07193,서일대학교,127.0967,37.58951,11260,중랑구
07194,서일대학교,127.0968691549,37.5891941093,11260,중랑구
07195,용마문화복지센터.서일대후문,127.09538,37.586485,11260,중랑구
07196,용마문화복지센터.서일대후문,127.095167,37.586712,11260,중랑구
07197,중화중학교.면목고등학교,127.0940498031,37.5839979712,11260,중랑구
07198,"중화중학교,중랑구가족센터",127.0941651172,37.5847547944,11260,중랑구
07199,면중초등학교.면목중학교,127.0934632177,37.5812311904,11260,중랑구
07200,면중초등학교.면목중학교,127.0933286447,37.5822693524,11260,중랑구
07201,한양수자인사가정파크,127.0928893022,37.5800702505,11260,중랑구
07202,묵동공감대아파트,127.0781223172,37.6138410826,11260,중랑구
07203,면목동금호어울림아파트,127.0917165625,37.5792467583,11260,중랑구
07204,면목동금호어울림아파트,127.0907072898,37.5778374829,11260,중랑구
07205,면목동대원칸타빌아파트,127.0902826707,37.5777612239,11260,중랑구
07206,용마폭포공원,127.0887419869,37.5756922268,11260,중랑구
07207,용마폭포공원,127.0885475333,37.5759266564,11260,중랑구
07208,용마산역,127.0866708555,37.5733815658,11260,중랑구
07209,용마산역,127.0863981576,37.5735061163,11260,중랑구
07210,용마산하늘채아파트,127.086306987,37.5710236763,11260,중랑구
07211,용마산하늘채아파트,127.0860197064,37.5712581697,11260,중랑구
07212,묵동구길,127.0790554743,37.6155190845,11260,중랑구
07213,묵동구길,127.0790668957,37.6158923116,11260,중랑구
07214,묵1동주민센터입구.먹골역,127.077951746,37.6118632153,11260,중랑구
07215,묵1동주민센터입구.먹골역,127.0777995873,37.6125895905,11260,중랑구
07216,신성은하수아파트,127.0737056648,37.588577899,11260,중랑구
07217,신성은하수아파트,127.0734454772,37.5884540581,11260,중랑구
07218,면목2동한신아파트,127.0740441033,37.5873343176,11260,중랑구
07219,면목2동한신아파트,127.074238,37.586758,11260,중랑구
07220,겸재교입구.서울시집집마당,127.0758895994,37.5856077735,11260,중랑구
07221,겸재교입구.서울시집집마당,127.0761004529,37.5859071889,11260,중랑구
07222,동서그랜드맨션,127.0779518031,37.5861109566,11260,중랑구
07223,동서그랜드맨션,127.0788070081,37.5864865532,11260,중랑구
07224,하나은행면목지점,127.081111399,37.586816107,11260,중랑구
07225,하나은행면목지점,127.0810408656,37.5870278887,11260,중랑구
07226,면목복개천,127.086043,37.587913,11260,중랑구
07227,면목복개천,127.0856702328,37.5880528782,11260,중랑구
07228,면목역2번출구,127.0886340822,37.5884955539,11260,중랑구
07229,면목역2번출구,127.0885501828,37.5886788778,11260,중랑구
07230,동원전통종합시장정문,127.0919716473,37.5891826734,11260,중랑구
07231,동원전통종합시장정문,127.0919968842,37.5894466728,11260,중랑구
07232,혜원여중고후문,127.09618,37.590197,11260,중랑구
07233,혜원여중고후문,127.0963952514,37.590464896,11260,중랑구
07234,면목마젤란아파트,127.0837401254,37.5868243425,11260,중랑구
07235,면목마젤란아파트,127.0839472075,37.5867052516,11260,중랑구
07236,녹색병원입구,127.0836907108,37.5841544497,11260,중랑구
07237,녹색병원입구,127.0833643143,37.584902585,11260,중랑구
07238,면목두산1차.사가정아이파크,127.0838863683,37.5819331246,11260,중랑구
07239,면목두산1차.사가정아이파크,127.0834865686,37.5818306838,11260,중랑구
07240,면목두산아파트4.5단지,127.0811929141,37.5784555953,11260,중랑구
07241,면목두산아파트4.5단지,127.0810260054,37.5785405427,11260,중랑구
07242,사가정센트럴아이파크아파트,127.081988552,37.5813735031,11260,중랑구
07243,홈플러스면목동점,127.0817183593,37.581130873,11260,중랑구
07244,면목두산아파트2차,127.0848478468,37.5811079401,11260,중랑구
07245,면목두산아파트2차,127.0846429611,37.5809977174,11260,중랑구
07246,사가정역,127.0876316521,37.5809076897,11260,중랑구
07247,사가정역3번출구,127.0872973908,37.5806624166,11260,중랑구
07248,사가정시장,127.0894314037,37.5806427993,11260,중랑구
07249,사가정역4번출구.사가정시장,127.0893009686,37.5804401745,11260,중랑구
07250,용마산교차로,127.0925022558,37.5806359279,11260,중랑구
07251,중화2동주민센터,127.0767626166,37.6016352466,11260,중랑구
07252,중화2동주민센터,127.0770110188,37.6014130353,11260,중랑구
07253,중화역3번출구,127.0787352964,37.6017066002,11260,중랑구
07254,중화역3번출구,127.0789975477,37.6014504691,11260,중랑구
07255,중화역2번출구.중화1동주민센터,127.0806830436,37.6016944246,11260,중랑구
07256,중화역2번출구.중화1동주민센터,127.080945,37.601522,11260,중랑구
07257,중흥초등학교,127.082731936,37.6017894225,11260,중랑구
07258,중흥초등학교,127.0830923091,37.6016833408,11260,중랑구
07259,이화연립.경동제일교회앞,127.084996551,37.6023518938,11260,중랑구
07260,이화연립.경동제일교회앞,127.0853154073,37.6022944281,11260,중랑구
07261,쌍용아파트.신내테크노타운앞,127.088091,37.60335,11260,중랑구
07262,쌍용아파트.신내테크노타운앞,127.0880531041,37.6031155767,11260,중랑구
07263,엘지아파트앞,127.0898625255,37.6041023768,11260,중랑구
07264,엘지아파트앞,127.0900020003,37.6039493788,11260,중랑구
07265,신현중학교,127.0917485534,37.6053101712,11260,중랑구
07266,신현중학교,127.0914211649,37.6047917401,11260,중랑구
07267,중랑구청,127.0941822536,37.6066439712,11260,중랑구
07268,중랑구청,127.0936349035,37.6062056111,11260,중랑구
07269,동성프라자앞,127.0971854414,37.6077715316,11260,중랑구
07270,동성프라자앞,127.0976236907,37.6077071928,11260,중랑구
07271,성원아파트.경남아너스빌앞,127.0954657423,37.6039568351,11260,중랑구
07272,성원아파트.경남아너스빌앞,127.0958886791,37.6034500817,11260,중랑구
07273,중랑구청사거리,127.0952115317,37.6056205222,11260,중랑구
07274,중랑구청사거리,127.0953791322,37.6060573668,11260,중랑구
07275,신내동성3차아파트,127.0952480857,37.6076432141,11260,중랑구
07276,신내동성1.2차아파트,127.0960572283,37.6097526098,11260,중랑구
07277,신내10단지아파트,127.0955629892,37.6091470123,11260,중랑구
07278,신내9단지아파트,127.0959906996,37.6105694794,11260,중랑구
07279,신내8단지아파트.서울의료원,127.0961797384,37.6131148914,11260,중랑구
07280,신내9단지아파트.서울의료원,127.0966220017,37.612626142,11260,중랑구
07281,신내7단지아파트.홈플러스,127.0938875252,37.6152532096,11260,중랑구
07282,신내7단지아파트.홈플러스,127.0937064155,37.6155235948,11260,중랑구
07283,봉화초등학교,127.0917243901,37.6137609119,11260,중랑구
07284,봉화초등학교,127.0915285695,37.6138773039,11260,중랑구
07285,신내6단지아파트.옹기테마공원,127.0904185112,37.6138970824,11260,중랑구
07287,신내6단지아파트.옹기테마공원,127.0900829285,37.6139812216,11260,중랑구
07288,신내우체국.5단지두산대림아파트,127.0900173419,37.6165664023,11260,중랑구
07289,신내우체국.5단지두산대림아파트,127.0897718167,37.6166348689,11260,중랑구
07290,중랑구립정보도서관.구민체육센터,127.0870833854,37.6156097571,11260,중랑구
07291,중랑구립정보도서관.구민체육센터,127.0871347189,37.6157123025,11260,중랑구
07292,신내4단지아파트,127.0860809693,37.6165927675,11260,중랑구
07293,신내5단지아파트,127.086246288,37.6165271272,11260,중랑구
07294,화랑대역6번출구,127.0858732595,37.6196403121,11260,중랑구
07295,화랑대역5번출구,127.0861849977,37.6198518169,11260,중랑구
07296,봉화산역2번출구,127.0931755465,37.6167043095,11260,중랑구
07297,봉화산역3번출구,127.0929080569,37.616458735,11260,중랑구
07298,중랑경찰서후문,127.1055543519,37.619876625,11260,중랑구
07299,새우개마을,127.1033558569,37.6182441062,11260,중랑구
07300,신내능마을,127.1016592961,37.6143619055,11260,중랑구
07301,신내능마을,127.1014318828,37.6145594387,11260,중랑구
07302,신내데시앙아파트.신내역프라디움,127.101332875,37.6105405898,11260,중랑구
07303,신내데시앙아파트.신내역프라디움,127.101015256,37.6105382531,11260,중랑구
07304,신내초등학교.신내교회,127.1007499588,37.6061555986,11260,중랑구
07305,신내새한아파트.신내교회,127.101048541,37.605838161,11260,중랑구
07306,능산지하차도,127.1006376085,37.6009474144,11260,중랑구
07307,능산지하차도,127.1003489912,37.6010819221,11260,중랑구
07308,상봉터미널,127.0931425288,37.5964661524,11260,중랑구
07309,상봉터미널,127.092859113,37.5962266864,11260,중랑구
07310,망우3동주민센터.혜원여중고후문,127.0935437056,37.5921676455,11260,중랑구
07311,망우3동주민센터.혜원여중고후문,127.0932383267,37.5924652462,11260,중랑구
07312,동원시장,127.0937068936,37.5904581513,11260,중랑구
07313,동원시장,127.0934407109,37.5903997916,11260,중랑구
07314,면목본동파출소,127.0941326831,37.5886709536,11260,중랑구
07315,면목본동파출소,127.0942915914,37.5871759203,11260,중랑구
07316,중화2동체육공원,127.0738729937,37.6003605105,11260,중랑구
07317,중화빗물펌프장,127.0720150896,37.5983343549,11260,중랑구
07318,중랑으뜸새마을금고본점,127.072125,37.595615,11260,중랑구
07319,중랑으뜸새마을금고본점,127.0723480536,37.5955321436,11260,중랑구
07320,중랑세무서,127.0724587364,37.5938170461,11260,중랑구
07321,중랑세무서,127.072696613,37.5938844814,11260,중랑구
07324,면목아남리치카운티아파트,127.0853817614,37.5904056002,11260,중랑구
07325,망우동고개,127.1083597586,37.6012829905,11260,중랑구
07327,망우금호어울림아파트,127.108053267,37.6020220028,11260,중랑구
07328,망우동금호어울림아파트,127.1080906424,37.6023627391,11260,중랑구
07329,경남아파트.서울특별시북부병원,127.1071130742,37.6038260938,11260,중랑구
07330,서울특별시북부병원,127.1071826257,37.6040965947,11260,중랑구
07331,양원역입구,127.1061947194,37.6055398887,11260,중랑구
07332,양원역입구,127.106301327,37.6056398133,11260,중랑구
07333,양원리.LH서울양원1단지,127.1065901668,37.6095278447,11260,중랑구
07334,양원리.신내역힐데스하임아파트,127.1065048426,37.6096361832,11260,중랑구
07335,신내차량사업소입구.동서울교회,127.1052682161,37.6117522212,11260,중랑구
07336,신내차량사업소입구.동서울교회,127.105257509,37.6115852113,11260,중랑구
07337,중랑공영차고지,127.1020230606,37.613645229,11260,중랑구
07346,면목아남리치카운티아파트,127.0850893069,37.5903178004,11260,중랑구
07347,중랑소방서,127.0952202984,37.6148745872,11260,중랑구
07348,세방아파트입구,127.0846193165,37.6151092487,11260,중랑구
07349,원묵고등학교,127.0855859412,37.6156010333,11260,중랑구
07350,먹골파출소.신안아파트입구,127.0823392781,37.6145590063,11260,중랑구
07351,먹골파출소.신안아파트입구,127.0812404699,37.6144133573,11260,중랑구
07352,신안2차아파트,127.0788949924,37.6147974229,11260,중랑구
07353,신안2차아파트입구,127.080062537,37.6144119098,11260,중랑구
07354,중랑소방서,127.0952174211,37.6146822138,11260,중랑구
07355,송곡여고.양원역,127.105800493,37.6057286331,11260,중랑구
07356,송곡여고.양원역,127.1056,37.605473,11260,중랑구
07357,엘림재가방문요양센터,127.1035239722,37.6046853285,11260,중랑구
07358,엘림재가방문요양센터,127.103255,37.604392,11260,중랑구
07359,이화미디어고.중랑숲어린이도서관,127.1021141659,37.6032313021,11260,중랑구
07360,이화미디어고.중랑숲어린이도서관,127.1023246716,37.6031193851,11260,중랑구
07361,금란교회,127.101992086,37.601292358,11260,중랑구
07362,금란교회,127.10215,37.60118,11260,중랑구
07363,망우사거리,127.1001455367,37.6005378384,11260,중랑구
07364,망우사거리,127.0999213485,37.6003751191,11260,중랑구
07365,신내지하차도,127.0974107927,37.5999201792,11260,중랑구
07366,신내지하차도,127.0974547542,37.5997615516,11260,중랑구
07367,신내6단지아파트,127.0917055579,37.6164103875,11260,중랑구
07369,브라운스톤태릉아파트,127.0830767893,37.6182750652,11260,중랑구
07370,브라운스톤태릉아파트,127.082952084,37.6181760443,11260,중랑구
07371,구묵동교,127.079282,37.618035,11260,중랑구
07372,구묵동교,127.0794582367,37.618000502,11260,중랑구
07373,동양쇼핑,127.0783873294,37.6154401612,11260,중랑구
07374,동양쇼핑,127.0779686293,37.6156197109,11260,중랑구
07375,우리은행,127.076789072,37.6157665771,11260,중랑구
07376,목동교입구.로프트원오피스텔,127.076850054,37.6155845183,11260,중랑구
07377,한국아파트,127.073241805,37.6149321561,11260,중랑구
07378,동구햇살아파트,127.0740058681,37.6134823027,11260,중랑구
07379,묵동롯데시네마,127.0752719666,37.6148475372,11260,중랑구
07380,묵동롯데시네마,127.0755071723,37.615029837,11260,중랑구
07381,브라운캐슬,127.075317679,37.613589603,11260,중랑구
07382,브라운캐슬,127.0755737065,37.6136191751,11260,중랑구
07383,먹골역입구,127.0758008697,37.6114639864,11260,중랑구
07384,먹골역입구,127.0759056609,37.6114909487,11260,중랑구
07385,묵2동주민센터,127.0760354677,37.6098946925,11260,중랑구
07386,묵2동주민센터,127.0761956874,37.6099095261,11260,중랑구
07387,금보당금은방,127.0764232694,37.6081884895,11260,중랑구
07388,금보당금은방,127.0766496237,37.6079263237,11260,중랑구
07389,신묵초등학교입구,127.0767077415,37.6067354594,11260,중랑구
07390,신묵초등학교,127.0767983469,37.6067399055,11260,중랑구
07391,제일시장,127.0769920333,37.6049696369,11260,중랑구
07392,제일프라자,127.0771419617,37.6049962662,11260,중랑구
07393,신동신약국,127.0772499173,37.6035367408,11260,중랑구
07394,신동신약국,127.0774178373,37.6034689076,11260,중랑구
07395,중화역입구.대원사약국,127.0777107671,37.6012530842,11260,중랑구
07396,중화역입구,127.0777474502,37.601900968,11260,중랑구
07397,태릉시장입구,127.0780328218,37.5994786312,11260,중랑구
07398,태릉프라자약국.농협,127.0771464085,37.5983356921,11260,중랑구
07399,태릉시장입구굴다리,127.0757518958,37.5966765194,11260,중랑구
07401,우남푸르미아아파트,127.0992085559,37.6072435159,11260,중랑구
07402,우남푸르미아아파트,127.0992197585,37.606984993,11260,중랑구
07403,신내초등학교,127.0977024595,37.6051950212,11260,중랑구
07404,신내초등학교,127.0979376894,37.6053772766,11260,중랑구
07405,경남아파트,127.0969519586,37.6028372991,11260,중랑구
07406,대명프라자,127.0970063858,37.6024633795,11260,중랑구
07407,건영아파트,127.0959547422,37.6023453076,11260,중랑구
07408,상봉1동주민센터,127.0876490313,37.6004378473,11260,중랑구
07409,상봉1동주민센터,127.0873672963,37.6006651301,11260,중랑구
07410,신내쌍용아파트,127.0874691143,37.601538208,11260,중랑구
07411,신내쌍용아파트,127.087174952,37.6022345053,11260,중랑구
07415,면목두산아파트2.3단지,127.0826783287,37.579814057,11260,중랑구
07417,망우역,127.0929810127,37.5986297908,11260,중랑구
07418,중랑공영차고지.신내역,127.102796137,37.613532392,11260,중랑구
07420,중랑캠핑숲.서울특별시북부병원,127.108843,37.605022,11260,중랑구
07421,양원역,127.1074180142,37.6063443498,11260,중랑구
07422,성은교회앞,127.0719816228,37.5971721716,11260,중랑구
07424,해모로아파트앞,127.1113412232,37.6019303688,11260,중랑구
07425,먹골역5번출구,127.0778546804,37.6089365533,11260,중랑구
07426,먹골역4번출구,127.0781824676,37.6093643524,11260,중랑구
07427,중화2동체육공원,127.0736950143,37.6003626826,11260,중랑구
07429,태릉고등학교앞,127.0853769562,37.618437592,11260,중랑구
07430,태릉고등학교.원묵초등학교,127.0872443872,37.618294625,11260,중랑구
07431,태릉고등학교.원묵초등학교,127.087341249,37.6180387443,11260,중랑구
07432,서울의료원후문,127.0974333582,37.6137726593,11260,중랑구
07433,서울의료원후문,127.098397,37.613665,11260,중랑구
07434,신내데시앙아파트후문,127.0994457719,37.6131628134,11260,중랑구
07435,신내데시앙아파트후문,127.1002631605,37.6130754494,11260,중랑구
07436,중화중학교삼거리,127.0948851433,37.5864491668,11260,중랑구
07437,새우개마을입구,127.099770009,37.6142437258,11260,중랑구
07438,신내역프라디움더테라스후문,127.10186655,37.6126730935,11260,중랑구
07439,용마산빌라,127.0841213979,37.5713121285,11260,중랑구
07440,신내역4번출구,127.1033381633,37.6124792229,11260,중랑구
07442,능말입구,127.1056704161,37.6138466599,11260,중랑구
07443,망우역사문화공원,127.1152135677,37.6015482363,11260,중랑구
07444,망우역사문화공원,127.1153104035,37.6018460877,11260,중랑구
07446,신내SKV1센터,127.1132712119,37.614461291,11260,중랑구
07447,능말입구,127.1054798008,37.6137803146,11260,중랑구
07448,중랑경찰서후문,127.1048418581,37.6196890354,11260,중랑구
07450,당너머,127.109738,37.612606,11260,중랑구
07451,당너머,127.109838,37.612494,11260,중랑구
07452,신내데시앙포레아파트220동앞,127.1128015572,37.6154037584,11260,중랑구
08479,세븐마트,127.0356653798,37.5925498469,11290,성북구
07453,신내데시앙포레아파트220동앞,127.1127524972,37.6159863803,11260,중랑구
07454,신내데시앙포레아파트정문앞,127.1109420061,37.6165642773,11260,중랑구
07455,새솔초등학교입구,127.1098030048,37.6172677017,11260,중랑구
07456,새솔초등학교,127.1083861254,37.6174362942,11260,중랑구
07457,중랑경찰서정문.우디안101동앞,127.1056205034,37.6177710478,11260,중랑구
07458,중랑경찰서정문.우디안101동앞,127.1053545797,37.6176886487,11260,중랑구
07459,신내우디안아파트107동앞,127.1054535122,37.6156282044,11260,중랑구
07460,신내우디안아파트107동앞,127.1058994532,37.6152979971,11260,중랑구
07461,신내10단지아파트,127.0952912241,37.6103866911,11260,중랑구
07462,중랑공영차고지삼거리,127.1046668259,37.6129735956,11260,중랑구
07463,우디안아파트114동앞,127.1074162008,37.6188635865,11260,중랑구
07464,우디안아파트114동앞,127.1071503349,37.6190845701,11260,중랑구
07465,늘푸른공원.면목라온프라이빗,127.0796405872,37.5831084305,11260,중랑구
07466,늘푸른공원.사가정센트럴아이파크,127.0799298741,37.5830485102,11260,중랑구
07467,브라운캐슬B동,127.0749989291,37.6136471439,11260,중랑구
07500,진로아파트앞.용마산동행길.종점,127.1019875708,37.5876130613,11260,중랑구
07501,중화동종점,127.082531829,37.6000603766,11260,중랑구
07502,진주빌라.바다약국,127.1000297097,37.5882702086,11260,중랑구
07503,정신교회,127.0813967466,37.599794443,11260,중랑구
07504,마을금고,127.0804464349,37.5996788543,11260,중랑구
07505,공판장,127.0991229153,37.5886290229,11260,중랑구
07506,수협,127.0793873937,37.5995534192,11260,중랑구
07507,새마을금고,127.0976560283,37.5891664311,11260,중랑구
07508,태릉시장,127.0782426453,37.5997722467,11260,중랑구
07509,서일대정문,127.0960782719,37.5883050259,11260,중랑구
07510,신일교회,127.094431648,37.5877930543,11260,중랑구
07511,서일대정문,127.0961200991,37.587813951,11260,중랑구
07512,면목역,127.0869542692,37.588313321,11260,중랑구
07515,중랑초교정문.면목2동치안센터,127.0760239509,37.5896743021,11260,중랑구
07517,한신아파트상가,127.0765526169,37.5884214469,11260,중랑구
07518,IBK기업은행면목동지점,127.085009712,37.5876550553,11260,중랑구
07519,한신아파트후문,127.0765028357,37.5873563919,11260,중랑구
07520,마을금고,127.0803975494,37.5995049778,11260,중랑구
07521,정신교회,127.0816027142,37.5996555334,11260,중랑구
07523,중화동종점,127.0826438086,37.599933245,11260,중랑구
07524,지하철7호선면목역,127.088323368,37.588387996,11260,중랑구
07525,면목본동파출소,127.0941044299,37.5878158428,11260,중랑구
07526,새마을금고,127.097321946,37.5890945823,11260,중랑구
07527,공판장,127.0990423344,37.5884903229,11260,중랑구
07528,진주빌라.바다약국,127.099993,37.588189,11260,중랑구
07529,진로아파트앞.용마산동행길.종점,127.1019846511,37.5875477419,11260,중랑구
07530,수협,127.0794313809,37.5993830841,11260,중랑구
07550,중랑공영차고지.신내역,127.103628,37.613209,11260,중랑구
07551,중랑공영차고지.종점,127.104468,37.613322,11260,중랑구
07554,사가정역3번출구,127.0870023398,37.5807358238,11260,중랑구
07771,망우역,127.0925152302,37.5986473807,11260,중랑구
08001,길음2동주민센터,127.028209324,37.6069061871,11290,성북구
08002,길음2동주민센터,127.027468805,37.6061107314,11290,성북구
08003,길음뉴타운,127.0242800346,37.6037080396,11290,성북구
08004,길음뉴타운,127.0234418237,37.603111303,11290,성북구
08005,미아리고개.미아리예술극장,127.0217090638,37.5988112954,11290,성북구
08006,미아리고개.미아리예술극장,127.0218209221,37.5979210002,11290,성북구
08007,돈암사거리.성신여대입구,127.0181313708,37.5937432794,11290,성북구
08008,돈암사거리.성신여대입구,127.0176837862,37.5932509586,11290,성북구
08009,삼선교.한성대학교,127.0093609216,37.5899227463,11290,성북구
08010,삼선교.한성대학교.조소앙활동터,127.0082314311,37.589325923,11290,성북구
08101,숭곡초교입구,127.0320881862,37.6098576825,11290,성북구
08102,창문여고,127.035819966,37.6118505947,11290,성북구
08103,동방고개,127.0382739231,37.6137075663,11290,성북구
08104,장위동그린빌아파트,127.0431131466,37.6178525754,11290,성북구
08105,북서울꿈의숲,127.0453451219,37.6203171059,11290,성북구
08106,장월초등학교,127.0486034702,37.6235604931,11290,성북구
08107,국민대앞,126.9940273315,37.6106795513,11290,성북구
08108,국민대앞,126.9940766263,37.611089494,11290,성북구
08110,국민대학교앞,126.9946485975,37.6108079623,11290,성북구
08111,청덕초등학교입구,126.999082643,37.6086704828,11290,성북구
08112,청덕초등학교입구,127.00006,37.60863,11290,성북구
08113,북악중학교,127.002908,37.607386,11290,성북구
08114,고려대사범대학부속고등학교,127.002378,37.607888,11290,성북구
08115,봉국사,127.007624,37.605854,11290,성북구
08116,봉국사,127.007657,37.606138,11290,성북구
08117,정릉2동주민센터,127.011258,37.604593,11290,성북구
08118,정릉2동주민센터,127.0111989608,37.6049808949,11290,성북구
08119,숭덕초교,127.0146827395,37.6033583637,11290,성북구
08120,숭덕초교,127.0151143204,37.603698019,11290,성북구
08121,정릉길음시장,127.0193251172,37.6022155634,11290,성북구
08122,정릉길음시장.길음뉴타운9단지,127.0195998271,37.6025691568,11290,성북구
08123,길음역2번출구.돈암삼성아파트,127.0245753189,37.6018744304,11290,성북구
08124,길음역3번출구B,127.0237698953,37.6020413112,11290,성북구
08125,돈암1동주민센터,127.0264232103,37.6036715396,11290,성북구
08126,돈암1동주민센터,127.0265678982,37.6045116804,11290,성북구
08127,종암사거리,127.031172,37.603607,11290,성북구
08128,KT월곡지사,127.0343782041,37.6024463961,11290,성북구
08129,KT월곡지사,127.0347002149,37.6030292596,11290,성북구
08130,종암SK아파트,127.0376139648,37.602046721,11290,성북구
08131,성북구보건소,127.0391628595,37.6025890639,11290,성북구
08132,월곡역,127.0414527013,37.601628727,11290,성북구
08133,월곡역,127.0423481401,37.6030699938,11290,성북구
08134,동덕여대앞,127.0428338902,37.6030027838,11290,성북구
08135,상월곡역.한국과학기술연구원,127.0472775982,37.605588258,11290,성북구
08136,상월곡역.한국과학기술연구원,127.046447,37.605489,11290,성북구
08137,월곡중학교,127.049787,37.606895,11290,성북구
08138,월곡중학교,127.0492360318,37.6069663554,11290,성북구
08139,장위아트포레.장위전통시장입구,127.052529,37.608343,11290,성북구
08140,장위아트포레.장위전통시장입구,127.0521051555,37.6084472513,11290,성북구
08141,돌곶이역5번출구,127.058213,37.611291,11290,성북구
08142,돌곶이역1번출구,127.0562084808,37.6105861206,11290,성북구
08143,장위동동원베네스트.온누리병원,127.058969,37.612043,11290,성북구
08144,석관동주민센터,127.061917,37.613393,11290,성북구
08145,석관동주민센터,127.0614333997,37.6134412485,11290,성북구
08146,석계역굴다리앞,127.0657965807,37.6143314819,11290,성북구
08147,석계역4번출구,127.067112,37.615104,11290,성북구
08148,성가복지병원,127.0311378827,37.6058827177,11290,성북구
08149,성가복지병원,127.0315287406,37.6059227612,11290,성북구
08150,종암경찰서,127.0330443723,37.6014326326,11290,성북구
08151,종암경찰서,127.0336839773,37.6011063729,11290,성북구
08152,종암동주민센터,127.0341075456,37.5994152643,11290,성북구
08153,종암동주민센터,127.0349566767,37.5983737481,11290,성북구
08154,숭례초교,127.0356811781,37.5948052663,11290,성북구
08155,숭례초등학교,127.036170198,37.5943969245,11290,성북구
08156,고대앞,127.0348108154,37.5885636851,11290,성북구
08157,우신향병원,127.0316104668,37.5851359404,11230,동대문구
08158,안암오거리,127.029064935,37.5824863475,11290,성북구
08159,대광초교,127.0250277117,37.5797066498,11290,성북구
08160,정릉북한산국립공원입구,126.9992949087,37.6177209169,11290,성북구
08161,정릉산장아파트,127.0033451915,37.6167130001,11290,성북구
08162,정릉대우아파트,127.00386,37.616708,11290,성북구
08163,정릉4동주민센터.경국사,127.0063369706,37.6135243952,11290,성북구
08164,정릉4동주민센터.경국사,127.0067135499,37.6133621964,11290,성북구
08165,성북청수도서관.정릉4동성당,127.0084193769,37.6115696748,11290,성북구
08166,성북청수도서관.정릉4동성당,127.0090747434,37.6108955811,11290,성북구
08167,정릉시장입구,127.0098212542,37.6084653256,11290,성북구
08168,정릉시장입구,127.0101519307,37.6080327763,11290,성북구
08169,정릉우체국앞,127.0114121305,37.6051645031,11290,성북구
08170,정릉우체국앞,127.0115259154,37.6053925733,11290,성북구
08171,미아초교,127.0220389791,37.6115318739,11290,성북구
08172,미아초교,127.0224658136,37.6108866161,11290,성북구
08173,길음동동부아파트,127.023530903,37.607282869,11290,성북구
08174,길음동동부아파트,127.0234547019,37.6080248717,11290,성북구
08175,삼선동주민센터,127.0143473137,37.5906107149,11290,성북구
08176,삼선동주민센터,127.0147153546,37.5906917676,11290,성북구
08177,성북구청.성북경찰서,127.0174306588,37.5881513802,11290,성북구
08178,성북구청.성북경찰서,127.0172299027,37.5886054063,11290,성북구
08179,보문역2번출구,127.0189209428,37.5858514183,11290,성북구
08180,보문역6번출구,127.019770675,37.5848759024,11290,성북구
08181,보문동성당,127.0207962235,37.5823963244,11290,성북구
08182,보문동성당,127.0211155216,37.582398971,11290,성북구
08183,보문동주민센터,127.0218634882,37.5804514958,11290,성북구
08184,보문동주민센터,127.0223781466,37.5800480873,11290,성북구
08185,월계2교.참누리아파트,127.0503746013,37.6232183587,11290,성북구
08186,월계2교,127.050133,37.623825,11290,성북구
08187,광운초교앞,127.0529580116,37.6199529582,11290,성북구
08188,광운초교,127.053113038,37.6202857913,11290,성북구
08189,성북청소년센터,127.056887,37.616488,11290,성북구
08190,성북청소년센터,127.0575142283,37.6161560006,11290,성북구
08480,죽림정사,127.0292269396,37.5995314443,11290,성북구
08191,장위자이레디언트아파트,127.0592242299,37.6141178016,11290,성북구
08192,장위자이레디언트아파트,127.0597361132,37.61397337,11290,성북구
08193,장위사거리,127.0618334097,37.6115892599,11290,성북구
08194,장위사거리,127.0618298638,37.6119253322,11290,성북구
08195,석관중고등학교앞,127.0640251528,37.6092611472,11290,성북구
08196,석관고등학교,127.064361798,37.6094354736,11290,성북구
08197,석관동코오롱아파트,127.0661262457,37.6065852831,11290,성북구
08198,석관동코오롱아파트,127.06635,37.606655,11290,성북구
08199,북서울꿈의숲,127.0451012788,37.6192462321,11290,성북구
08200,북서울꿈의숲,127.0456590521,37.6191131219,11290,성북구
08201,장곡초교앞,127.0477168014,37.6176594647,11290,성북구
08202,장곡초교앞,127.0479421691,37.6177065388,11290,성북구
08203,진흥선원,127.0500209793,37.6162107764,11290,성북구
08204,진흥선원,127.050048,37.61643,11290,성북구
08205,장위동원천주유소,127.0525710587,37.6146908982,11290,성북구
08206,장위동원천주유소,127.0529741295,37.6146307869,11290,성북구
08207,돌곶이역2번출구,127.0555322537,37.6120921548,11290,성북구
08209,돌곶이역7번출구,127.057553,37.610227,11290,성북구
08210,돌곶이역3번출구,127.056203,37.611744,11290,성북구
08211,석관시장,127.0590704145,37.6086897394,11290,성북구
08212,석관시장,127.0590600371,37.6090023944,11290,성북구
08213,석관동새마을금고,127.0603973513,37.6074589679,11290,성북구
08214,석관동새마을금고,127.0609375732,37.6072717639,11290,성북구
08215,한국예술종합학교,127.0618293174,37.6056471604,11290,성북구
08216,한국예술종합학교,127.0620208629,37.6057619079,11290,성북구
08218,돈암힐스테이트.코오롱하늘채,127.0142965055,37.5984370068,11290,성북구
08219,꿈의숲아이파크아파트,127.0513840846,37.6180160676,11290,성북구
08220,꿈의숲아이파크아파트,127.0510442788,37.6180139626,11290,성북구
08221,장곡초교사거리,127.050137,37.617218,11290,성북구
08222,장곡초교사거리,127.0499054393,37.617273387,11290,성북구
08223,서울다원학교.한용운활동터,126.9918132916,37.594504378,11290,성북구
08224,동방문화대학원대학교,126.9931664205,37.5944954542,11290,성북구
08225,동방문화대학원대학교,126.9937265473,37.5947840057,11290,성북구
08226,성북구립미술관.쌍다리앞,126.9958337905,37.5935941166,11290,성북구
08227,성북구립미술관.쌍다리앞,126.995943628,37.5937446022,11290,성북구
08228,성북초교.성북선잠박물관,126.9987771128,37.5930630687,11290,성북구
08229,성북초교.성북선잠박물관,126.9978031597,37.5930854464,11290,성북구
08230,홍익대부속중고등학교입구,127.0006477466,37.5932175334,11290,성북구
08231,홍익대부속중고등학교입구,127.0015310386,37.5932724917,11290,성북구
08232,경신중고입구,127.0028344034,37.5917865725,11290,성북구
08233,경신중고입구,127.0026665502,37.5924098258,11290,성북구
08234,성북동주민센터.서울동구고,127.0036474176,37.5907466938,11290,성북구
08235,성북동주민센터.서울동구고,127.0038751968,37.5909389227,11290,성북구
08236,한성대입구역5번출구.삼선교,127.005502,37.588812,11290,성북구
08237,한성대입구역6번출구.삼선교,127.0056130939,37.589094071,11290,성북구
08238,서울다원학교.한용운활동터,126.9916547399,37.5947386247,11290,성북구
08239,장위래미안아파트,127.0528994712,37.6191701905,11290,성북구
08240,종월2교,127.0412493106,37.5973107996,11290,성북구
08241,창문여고,127.0356906378,37.6117802597,11290,성북구
08242,장위래미안아파트,127.0526589415,37.6188534243,11290,성북구
08243,남대문중학교,127.0546974877,37.6180556213,11290,성북구
08244,남대문중학교,127.055378769,37.617766679,11290,성북구
08245,길음시장,127.023582426,37.603009102,11290,성북구
08246,길음시장,127.0230920656,37.603149768,11290,성북구
08247,길음역11번출구,127.0259507581,37.6046830059,11290,성북구
08248,길음역10번출구,127.0259217322,37.605087769,11290,성북구
08249,미아사거리,127.0300443665,37.6101676658,11290,성북구
08250,서경로꿈마루도서관앞,127.013387398,37.6115052388,11290,성북구
08251,길원초등학교입구,127.0143749082,37.6104382371,11290,성북구
08252,길원초등학교입구,127.014672,37.610337,11290,성북구
08253,길음뉴타운11단지롯데캐슬,127.0153629325,37.608833917,11290,성북구
08254,길음뉴타운11단지롯데캐슬,127.015477,37.608783,11290,성북구
08255,정릉동아.길음뉴타운데시앙아파트,127.0149528803,37.606292268,11290,성북구
08256,길음뉴타운데시앙.정릉동아아파트,127.015123,37.60641,11290,성북구
08257,숭덕초교,127.0145783295,37.6038076998,11290,성북구
08258,성북생태체험관,127.0064961192,37.6202232341,11290,성북구
08259,정릉초교,127.00634,37.619058,11290,성북구
08260,정릉동풍림상가앞,127.0077085694,37.6167005028,11290,성북구
08261,정릉동풍림상가앞,127.008189261,37.6167639907,11290,성북구
08262,정릉동풍림아파트.청소년문화의집,127.0086761598,37.6164772363,11290,성북구
08263,정릉입구.정릉역,127.0135090711,37.6024257513,11290,성북구
08264,정릉입구.정릉역,127.0135073176,37.6028763481,11290,성북구
08265,아리랑고개.아리랑시네미디어센터,127.0137784395,37.6006317832,11290,성북구
08266,아리랑고개.아리랑시네미디어센터,127.0137361959,37.6004661719,11290,성북구
08267,돈암2동주민센터입구.흥천사,127.0151169845,37.5967201329,11290,성북구
08268,돈암2동주민센터입구.흥천사,127.01560379,37.596199747,11290,성북구
08269,성신여대입구역5번출구,127.0161354636,37.5937399685,11290,성북구
08270,성신여대입구역6번출구,127.0164185434,37.5937466869,11290,성북구
08271,한국과학기술연구원입구,127.044818,37.603913,11290,성북구
08272,대농빌라앞,127.043291,37.601778,11290,성북구
08273,월곡샹그레빌아파트,127.0408149328,37.5954776166,11290,성북구
08274,월곡샹그레빌아파트,127.0408915697,37.5954008225,11290,성북구
08275,장위동고개,127.0406505559,37.6142454988,11290,성북구
08276,장위동고개,127.0409175754,37.6143780182,11290,성북구
08277,장위1동주민센터,127.0427868796,37.613861789,11290,성북구
08278,장위1동주민센터,127.043464302,37.6139940851,11290,성북구
08279,장위1동치안센터,127.045172,37.613833,11290,성북구
08280,장위1동치안센터,127.046117453,37.6139750583,11290,성북구
08281,청소년문화누림센터,127.0484390748,37.6135912081,11290,성북구
08282,청소년문화누림센터,127.0487688779,37.6138828968,11290,성북구
08283,월곡1동주민센터,127.035225829,37.610829856,11290,성북구
08284,월곡1동주민센터,127.0356202126,37.6103304009,11290,성북구
08285,밤나무골시장,127.03575,37.609406,11290,성북구
08286,월곡삼성래미안아파트,127.0359,37.609549,11290,성북구
08287,월곡동두산아파트,127.036649,37.606735,11290,성북구
08288,월곡동두산아파트,127.036751,37.606913,11290,성북구
08289,생명의전화,127.037215,37.604518,11290,성북구
08290,생명의전화,127.0375355438,37.6041772379,11290,성북구
08293,장곡초교,127.0485302331,37.6162024332,11290,성북구
08294,장곡초교,127.048798454,37.6161195728,11290,성북구
08295,보문역5번출구,127.0202535696,37.5854637287,11290,성북구
08296,보문역4번출구,127.0200803771,37.5856511849,11290,성북구
08297,안암동주민센터,127.021938613,37.5860464325,11290,성북구
08298,안암동주민센터,127.0223689592,37.5862680197,11290,성북구
08299,고려대이공대.고대병원,127.0259867888,37.58617438,11290,성북구
08300,고려대이공대.고대병원,127.0258793196,37.5864334391,11290,성북구
08301,안암역3번출구,127.0305239036,37.586229248,11290,성북구
08302,안암역2번출구,127.0302759807,37.5863644753,11290,성북구
08303,안암오거리,127.0295931093,37.5832964381,11290,성북구
08304,개운사입구,127.029458235,37.5858303361,11290,성북구
08305,성신여대입구역3번출구.돈암시장,127.016715,37.591444,11290,성북구
08306,성신여대입구역2번출구.돈암시장,127.0167719353,37.5917149004,11290,성북구
08307,성북구청,127.01817,37.589376,11290,성북구
08308,성북구청,127.0175710536,37.5899335613,11290,성북구
08309,보문2교,127.0194349551,37.5891196342,11290,성북구
08310,보문2교,127.0191459598,37.589049348,11290,성북구
08311,성신여대후문,127.0220957059,37.5890493392,11290,성북구
08312,성신여대후문,127.0221070536,37.5891349314,11290,성북구
08313,용문중고교,127.0229774528,37.5876943273,11290,성북구
08314,용문중고교,127.0231483316,37.5873563855,11290,성북구
08315,안암초교,127.0233961765,37.5869202094,11290,성북구
08316,안암초교,127.0234339727,37.5871051895,11290,성북구
08318,돈암초교입구,127.0121379652,37.5910757635,11290,성북구
08320,정릉3동주민센터앞,127.0044112283,37.608447409,11290,성북구
08321,정릉3동주민센터앞,127.0047217755,37.6085559975,11290,성북구
08322,삼덕단지.성북구최만린미술관,127.0050597014,37.6103867411,11290,성북구
08323,삼덕단지.성북구최만린미술관,127.005234,37.610712,11290,성북구
08324,솔샘사거리,127.0069541753,37.6127787922,11290,성북구
08325,솔샘사거리,127.0072777201,37.6126699762,11290,성북구
08326,보문역3번출구,127.019202,37.585933,11290,성북구
08327,성북우체국.현대백화점,127.0293808251,37.6078214049,11290,성북구
08328,정릉동풍림아파트,127.008888534,37.6164839779,11290,성북구
08329,현대백화점,127.0292316503,37.6082685042,11290,성북구
08330,돈암동일신건영휴먼빌아파트,127.013386,37.601461,11290,성북구
08332,석계역5번출구,127.0653703051,37.6138925287,11290,성북구
08333,석계역,127.0654622702,37.6135987601,11290,성북구
08334,월곡2SH빌아파트,127.0422175977,37.5975109278,11290,성북구
08335,석관고등학교후문,127.0664988617,37.610699249,11290,성북구
08336,길음역3번출구A,127.0243191825,37.6022078826,11290,성북구
08338,청소년문화의집.정릉e편한세상,127.0089068708,37.6151911012,11290,성북구
08341,상진운수종점,127.0652478073,37.6111977438,11290,성북구
08342,상진운수종점,127.065628767,37.6112674279,11290,성북구
08344,대진여객차고지,127.000797,37.617689,11290,성북구
08347,정릉북한산국립공원입구,126.9993487096,37.6178583179,11290,성북구
08348,풍림아파트삼거리,127.007432,37.617339,11290,성북구
08349,성북생태체험관,127.0064961131,37.6201534076,11290,성북구
08350,정릉초교,127.006424,37.618938,11290,성북구
08351,파크빌라앞,127.005908199,37.5982256085,11290,성북구
08352,골드하우스,127.0045550193,37.5984869558,11290,성북구
08353,월곡중학교,127.0478487259,37.6062348572,11290,성북구
08355,508단지삼거리,127.0055357424,37.5993330895,11290,성북구
08357,산장빌라,127.0074088371,37.5990157438,11290,성북구
08358,산장빌라,127.0073998099,37.5987761153,11290,성북구
08359,성북참노인전문병원,127.005665,37.597675,11290,성북구
08360,교수단지,127.009282874,37.5996669769,11290,성북구
08361,우방아파트,127.0094554943,37.6002114009,11290,성북구
08363,일신건영아파트.꿈에그린아파트,127.0121089813,37.6014914182,11290,성북구
08364,일신건영아파트.꿈에그린아파트,127.0122269985,37.6014510424,11290,성북구
08365,돈암힐스테이트.코오롱하늘채,127.014404006,37.5988330463,11290,성북구
08366,돈암동일신건영휴먼빌아파트,127.0136260986,37.6016437467,11290,성북구
08367,구민회관입구,127.0064556975,37.596703351,11290,성북구
08368,508단지입구,127.006386249,37.5991744552,11290,성북구
08369,스카이힐스,127.0036633229,37.599483255,11290,성북구
08370,508단지삼거리,127.0056342632,37.5992258555,11290,성북구
08371,대일외고.서경대정문,127.013145,37.612945,11290,성북구
08372,서경대본관,127.011423,37.61546,11290,성북구
08373,서경대본관,127.011687,37.615626,11290,성북구
08380,길음뉴타운8단지,127.015877,37.60757,11290,성북구
08381,길음뉴타운8단지,127.0157040433,37.6074068143,11290,성북구
08382,서경로꿈마루도서관앞,127.013476,37.611633,11290,성북구
08390,국민커뮤니티센터,127.0044096525,37.6122826515,11290,성북구
08391,정릉연립,127.00437181,37.6122135456,11290,성북구
08392,국민대후문,126.9994533062,37.6111973107,11290,성북구
08393,국민대후문,126.9998640907,37.6111729841,11290,성북구
08394,고려대사범대학부속고등학교후문,126.9992950559,37.6095059773,11290,성북구
08395,고려대사범대학부속고등학교후문,126.9995106864,37.6094614333,11290,성북구
08396,월곡래미안루나밸리,127.0411600129,37.5996556599,11290,성북구
08400,길음뉴타운10단지.라온유아파트,127.0181336142,37.6029875372,11290,성북구
08401,숭곡초교후문,127.0328337687,37.609277551,11290,성북구
08402,월곡아남아파트,127.0345110882,37.6064773977,11290,성북구
08403,월곡동신아파트,127.0360244691,37.6045305985,11290,성북구
08404,돌곶이역8번출구,127.056327,37.610303,11290,성북구
08405,한성대입구역,127.0047236816,37.5893629858,11290,성북구
08406,장위동입구,127.0390305016,37.6137313245,11290,성북구
08408,북한산보국문역2번출구,127.0079858233,37.612293899,11290,성북구
08409,북한산보국문역1번출구,127.008329146,37.6120835499,11290,성북구
08410,일신초교.래미안라센트아파트,127.039436762,37.598241968,11290,성북구
08411,서울사대부설중학교,127.0383641124,37.5961434071,11290,성북구
08412,서울사대부설고등학교,127.0371653045,37.5936473735,11290,성북구
08448,일신휴먼빌.우정아파트,127.0112533717,37.600439405,11290,성북구
08449,고려아파트,127.0272458091,37.5985623481,11290,성북구
08450,장월초교.참누리아파트,127.0482620157,37.6234017046,11290,성북구
08451,동방주택,127.0437263808,37.6165854246,11290,성북구
08452,장위중학교,127.0405010899,37.6119090424,11290,성북구
08453,신안APT.길음초등학교,127.0164202375,37.6142243316,11290,성북구
08454,정릉4동종점,127.0101775182,37.6129436918,11290,성북구
08455,산림초소,126.9979440805,37.6139199881,11290,성북구
08456,정릉2동주민센터,127.011536,37.604467,11290,성북구
08457,성신여대입구역3번출구,127.0164516544,37.5922918719,11290,성북구
08458,삼선푸르지오APT앞,127.0135777075,37.5851583375,11290,성북구
08459,한성대정문,127.0112286496,37.5825625217,11290,성북구
08460,한신113동앞,127.0085997586,37.5943426813,11290,성북구
08462,낙산삼거리,127.0105670837,37.5802666048,11290,성북구
08463,돈암2동주민센터,127.0108661056,37.5975911861,11290,성북구
08464,종암중학교,127.0348752977,37.5932844701,11290,성북구
08465,종암교통정보센터,127.0359029589,37.5940261807,11290,성북구
08466,고려슈퍼,127.027767923,37.598640621,11290,성북구
08467,슈퍼앞,127.0422165656,37.6158087153,11290,성북구
08468,월곡청소년센터.오동숲속도서관,127.0404315108,37.6110151894,11290,성북구
08469,푸르지오211동,127.017015,37.612893,11290,성북구
08470,KEB하나은행.오렌지마트,127.0091703259,37.6113037986,11290,성북구
08471,중앙하이츠정문,127.0109779802,37.6026973686,11290,성북구
08474,한양슈퍼앞,127.0111699073,37.5834681227,11290,성북구
08475,구민회관.201동앞,127.0092873052,37.5955879331,11290,성북구
08477,돈암지구대.현대아파트,127.0127098361,37.596978894,11290,성북구
08478,선경아파트,127.0344613329,37.5943749086,11290,성북구
08482,나약국,127.041354229,37.6143344683,11290,성북구
08483,동아아파트,127.0474093545,37.6081543482,11290,성북구
08484,월곡인조잔디구장,127.0394708753,37.6086618783,11290,성북구
08485,푸르지오정문.e편한세상후문,127.0176158808,37.6119651381,11290,성북구
08487,넓은마당,126.9997043527,37.6146057316,11290,성북구
08488,중앙하이츠후문,127.0093597957,37.6035344728,11290,성북구
08489,성신여대정문앞,127.0197375056,37.590765825,11290,성북구
08490,한성대입구3거리,127.0109450153,37.5864120039,11290,성북구
08491,(구)법화사,127.0110898368,37.5847416354,11290,성북구
08492,이수아파트.한신휴아파트입구,127.0141174417,37.5966164967,11290,성북구
08493,극동아파트정문,127.0343689551,37.5954238021,11290,성북구
08494,고려대법과대학.한국어교육관입구,127.0330195331,37.5913557733,11290,성북구
08495,래미안세레니티,127.0293309418,37.5990484356,11290,성북구
08497,장위1동주민센터,127.0432920552,37.6138183526,11290,성북구
08498,이지마트,127.0476777016,37.6097861067,11290,성북구
08499,월곡1동밤골경로당,127.0403853901,37.6074171689,11290,성북구
08500,새생명교회,127.018240126,37.6110319213,11290,성북구
08502,도광사,127.001466925,37.6154094907,11290,성북구
08503,정수초교,127.0088361313,37.6043724341,11290,성북구
08504,성신여대평생교육원,127.02006663,37.5892753684,11290,성북구
08505,성신여대입구역5번출구,127.016236,37.593452,11290,성북구
08506,극동아파트후문,127.0334881714,37.5960223777,11290,성북구
08507,고려대안암학사,127.030584842,37.5912582105,11290,성북구
08508,통일교회,127.0297868295,37.5977570629,11290,성북구
08510,장위1동치안센터,127.0455235372,37.6138039967,11290,성북구
08511,GS25장위제일점,127.0482277397,37.610855472,11290,성북구
08512,초림빌라,127.0410680515,37.6074650247,11290,성북구
08513,대림상가앞,127.019928561,37.6108023697,11290,성북구
08514,현대아파트앞,127.0203178716,37.6090831925,11290,성북구
08516,산장아파트,127.0035140799,37.616659953,11290,성북구
08517,그린빌라,127.008202672,37.6039281291,11290,성북구
08519,삼선시장앞,127.0088742018,37.5881107312,11290,성북구
08521,종암아이파크2차정문,127.0326607185,37.5968921594,11290,성북구
08522,고려대아이스링크,127.0278066095,37.5930412509,11290,성북구
08523,그린마트,127.0310202081,37.5979829182,11290,성북구
08526,장위동성당앞,127.0489730694,37.6126113808,11290,성북구
08527,동덕여대후문,127.0408382727,37.6066542137,11290,성북구
08528,e편한세상정문,127.0216763929,37.6111129362,11290,성북구
08529,래미안821동앞,127.0217978896,37.6063912219,11290,성북구
08532,정수빌라,127.0078193261,37.6034392147,11290,성북구
08534,한성대입구역.성북천분수마루,127.0067691679,37.5880973543,11290,성북구
08535,삼선시장,127.0091097341,37.5881449546,11290,성북구
08536,동방고개,127.0383227067,37.6137524896,11290,성북구
08537,정덕초교입구.이수아파트,127.0144253969,37.5967304932,11290,성북구
08538,현대홈마트,127.0330031027,37.59774179,11290,성북구
08539,성북구의회,127.0264561677,37.594558093,11290,성북구
08540,종암아이파크2차후문,127.0319702953,37.5978024471,11290,성북구
08542,장위시장,127.0500348524,37.6133087107,11290,성북구
08543,두산아파트후문,127.0402905965,37.605962848,11290,성북구
08544,파리바게트앞,127.0226562581,37.6113884844,11290,성북구
08545,길음시장입구,127.0223666084,37.6051725267,11290,성북구
08546,길음역출구,127.0243523151,37.6022105821,11290,성북구
08548,그린빌라,127.0082621961,37.6037248291,11290,성북구
08550,한신105동앞,127.0088903855,37.592651899,11290,성북구
08551,장위동그린빌아파트,127.0430066211,37.6177787253,11290,성북구
08552,돈암지구대.현대아파트,127.0127463341,37.5971725293,11290,성북구
08554,개운중학교,127.0248944002,37.5941781735,11290,성북구
08555,성북노인정입구,127.0327766528,37.5978526869,11290,성북구
08557,어해랑앞,127.0529124982,37.6139775278,11290,성북구
08558,자산약국.월곡전철역입구.6호선,127.0392307477,37.6043412492,11290,성북구
08559,동부아파트.샘물교회앞,127.0238853806,37.6118369827,11290,성북구
08560,길음역7번출구,127.024173,37.604146,11290,성북구
08562,수녀원,127.0053135319,37.6119203778,11290,성북구
08563,정수초교,127.0087719123,37.6041816433,11290,성북구
08564,고려대이공대,127.025042317,37.586127814,11290,성북구
08566,삼선교.한성대입구역,127.0051556693,37.5894788054,11290,성북구
08567,한신103동앞,127.0082620546,37.5922035215,11290,성북구
08568,북서울꿈의숲,127.0451511821,37.6199450324,11290,성북구
08569,돈암신일해피트리아파트,127.0110067037,37.5977882419,11290,성북구
08570,통일교회,127.0297528957,37.5978597954,11290,성북구
08571,풍림아파트.성신초교,127.0235199391,37.5951930807,11290,성북구
08572,한미약국,127.034352,37.598912,11290,성북구
08574,장위자이레디언트2단지,127.054654,37.614853,11290,성북구
08576,래미안길음센터피스120동앞,127.0255414558,37.6120078422,11290,성북구
08580,중앙하이츠후문,127.0092606947,37.6034488866,11290,성북구
08581,고대병원,127.0271631411,37.5861138287,11290,성북구
08584,풍림106동,127.0220560921,37.5976425376,11290,성북구
08585,성북노인정입구,127.0328514477,37.5979671042,11290,성북구
08586,성북청소년센터,127.056928,37.616426,11290,성북구
08587,장위3동주민센터,127.055661,37.615919,11290,성북구
08588,동덕여대부속유치원앞,127.0452758609,37.6061228727,11290,성북구
08589,영훈중고후문.길음래미안센터피스,127.0274932778,37.612454342,11290,성북구
08590,성북미디어문화마루,127.022848,37.604206,11290,성북구
08592,구.정릉3동주민센터,127.0058966843,37.6094883196,11290,성북구
08593,중앙하이츠정문,127.0107185841,37.6026956338,11290,성북구
08596,한성대입구역5번출구,127.0050894402,37.5892202337,11290,성북구
08597,참누리아파트,127.047741,37.622979,11290,성북구
08598,고명중고교,127.0203281149,37.5987114012,11290,성북구
08599,종암아이파크2차후문,127.0319114484,37.5979024838,11290,성북구
08600,장위자이레디언트1단지,127.0581116015,37.6152176785,11290,성북구
08603,석계역7번출구,127.065428,37.614303,11290,성북구
08604,석관두산아파트,127.0676260739,37.6141629103,11290,성북구
08605,성북레포츠타운,127.0703008849,37.6100821203,11290,성북구
08606,석관고,127.067226,37.610065,11290,성북구
08657,미아사거리전철역,127.0297023033,37.6123270172,11290,성북구
08662,길음시장입구,127.022454,37.605175,11290,성북구
08714,정든마을,127.0073021258,37.6094586262,11290,성북구
08715,국민은행장위동지점,127.048192117,37.6135767647,11290,성북구
08716,고대사거리,127.032286944,37.5862774378,11290,성북구
08718,한성대입구역2번출구,127.0067963836,37.5885307766,11290,성북구
08721,삼선교제1시장,127.0068903011,37.5877945813,11290,성북구
08722,개운초등학교,127.0288153961,37.6013301158,11290,성북구
08727,정릉쌍용예가아파트,127.0175918525,37.5995443971,11290,성북구
08728,그린마트,127.0309919428,37.5980964627,11290,성북구
08731,래미안610동앞,127.0222829921,37.605554924,11290,성북구
08733,수보약국,127.007874243,37.6086862377,11290,성북구
08734,쌍다리,126.9958836268,37.5934247138,11290,성북구
08744,녹십자약국,127.0092820358,37.5896344415,11290,성북구
08745,삼선교제2시장,127.0086669439,37.5877791457,11290,성북구
08748,종암래미안,127.0297680319,37.6017407751,11290,성북구
08749,힐스테이트,127.0170331603,37.599802358,11290,성북구
08750,현대백화점,127.0293255215,37.6083206204,11290,성북구
08751,래미안609동앞,127.0218415618,37.6065398941,11290,성북구
08757,오렌지마트,127.0093640245,37.6113614529,11290,성북구
08758,정릉시장입구,127.0098053714,37.6082706923,11290,성북구
08759,용광교회,126.9948588415,37.5925307938,11290,성북구
08760,삼영탕앞,127.0100292895,37.5888116861,11290,성북구
08765,성북세무서앞,127.0101254524,37.5881655969,11290,성북구
08766,종암아이파크1차후문,127.0304477445,37.6021839366,11290,성북구
08767,우성APT정문,127.0152065619,37.6006018719,11290,성북구
08769,길음2동주민센터,127.0278026247,37.6066792098,11290,성북구
08770,래미안501동앞,127.020692544,37.6086973016,11290,성북구
08771,북정마을삼거리,126.9925917473,37.5925495961,11290,성북구
08772,성북세무서앞,127.010448131,37.5878763191,11290,성북구
08773,본교회앞,127.0116236224,37.5886421351,11290,성북구
08775,성북소방서,127.0309356235,37.6025734873,11290,성북구
08780,장위자이레디언트1단지,127.058557,37.615128,11290,성북구
08781,석계역,127.0647168159,37.6146287295,11290,성북구
08782,장위2동주민센터,127.0548564845,37.6127866945,11290,성북구
08783,길음역7번출구,127.024372,37.604236,11290,성북구
08784,장위2동주민센터,127.0550830532,37.6128820215,11290,성북구
08785,돌곶이역3번출구,127.0568972381,37.6111169884,11290,성북구
08786,길음1동주민센터.길음중앙새마을금고앞,127.0197436999,37.609922941,11290,성북구
08787,국민은행사거리,127.0482091911,37.6137056129,11290,성북구
08788,슈퍼앞,126.9927207864,37.5931263008,11290,성북구
08789,한성대입구사거리,127.0109053037,37.5858614419,11290,성북구
08790,성북경찰서사거리앞,127.0147162769,37.5896248782,11290,성북구
08791,종암아이파크1차정문,127.0303644793,37.6035229732,11290,성북구
08792,꿈의숲대명루첸아파트,127.0480041459,37.6197496401,11290,성북구
08795,돈암힐스테이트.코오롱하늘채,127.0142623966,37.5985154642,11290,성북구
08796,고려슈퍼,127.0276682695,37.5986595673,11290,성북구
08797,성북청소년센터,127.0571250268,37.6165801077,11290,성북구
08798,새생명교회,127.0183054636,37.6109999704,11290,성북구
08799,돈암코오롱하늘채.일신휴먼빌,127.0113466683,37.5995992222,11290,성북구
08800,서경대정문.대일외고,127.0130249816,37.613125159,11290,성북구
08801,북정경로당,126.9909757805,37.5926486034,11290,성북구
08807,(구)법화사,127.0109979664,37.5845908968,11290,성북구
08808,범양APT입구,127.0272103996,37.6039526599,11290,성북구
08809,선잠로3길입구,126.9972123529,37.5959526063,11290,성북구
08810,선잠로3길입구,126.9968838263,37.596027983,11290,성북구
08815,원진프라자앞,127.0329450077,37.5995439814,11290,성북구
08819,푸르지오정문.e편한세상후문,127.0176895841,37.61229132,11290,성북구
08821,선잠단지.성락원앞,126.9989242882,37.5947299049,11290,성북구
08822,선잠단지.성락원앞,126.9989214593,37.5945947562,11290,성북구
08823,북정마을삼거리.모정앞,126.9922226001,37.5923603438,11290,성북구
08824,성북동성당,126.9977806154,37.5954461773,11290,성북구
08825,성북동성당,126.9976560572,37.5954754571,11290,성북구
08826,성북빌리지,126.9966104959,37.5967146098,11290,성북구
08827,성북빌리지,126.9965774499,37.5966512245,11290,성북구
08828,한양슈퍼앞,127.0110533004,37.5835870776,11290,성북구
08829,돈암초등학교,127.0123873098,37.5915399594,11290,성북구
08830,길음역,127.0256430693,37.6044477074,11290,성북구
08831,북악슈퍼,126.9949423033,37.5975084085,11290,성북구
08832,래미안장위퍼스트하이아파트,127.0505518894,37.6195039893,11290,성북구
08833,북악슈퍼,126.9948250653,37.5975408896,11290,성북구
08835,푸르지오211동,127.016919,37.613075,11290,성북구
08836,용광교회,126.9947886382,37.5924406819,11290,성북구
08837,길상사,126.9938901546,37.5983184366,11290,성북구
08838,수협동소문동지점,127.0102797636,37.5904336247,11290,성북구
08839,길상사,126.993744,37.598274,11290,성북구
08840,정릉꿈에그린아파트,127.0115042175,37.6015704448,11290,성북구
08841,종암사거리입구,127.0334093139,37.6009938271,11290,성북구
08842,정릉꿈에그린아파트,127.0112628186,37.6015704448,11290,성북구
08843,아리랑시장,127.0114966535,37.6024197844,11290,성북구
08844,아리랑시장,127.0113725526,37.6022616471,11290,성북구
08845,중앙하이츠빌아파트,127.0107922182,37.6025545235,11290,성북구
08846,세계문화유산정릉,127.0096709641,37.6015365015,11290,성북구
08847,정릉꿈에그린1단지,127.0108956099,37.6021750047,11290,성북구
08848,일신휴먼빌.우정아파트,127.0113042765,37.6000835088,11290,성북구
08849,돈암코오롱하늘채아파트,127.0113125874,37.5988806852,11290,성북구
08850,돈암코오롱하늘채아파트,127.0113720246,37.5987928328,11290,성북구
08854,힐스테이트입구,127.0281286376,37.6065115165,11290,성북구
08855,한국가구박물관입구,126.9926082763,37.5992909467,11290,성북구
08856,우리옛돌박물관.정법사,126.99003,37.600604,11290,성북구
08858,한국가구박물관입구,126.9921864081,37.5997706972,11290,성북구
08866,북서울꿈의숲,127.0452973432,37.6203566244,11290,성북구
08868,장위3동주민센터,127.055394,37.615948,11290,성북구
08872,쌍다리,126.9959968718,37.5933823665,11290,성북구
08873,삼선교,127.0074486831,37.5891741149,11290,성북구
08874,현대백화점별관주차장,127.0291417258,37.6075367209,11290,성북구
08876,장위자이레디언트2단지,127.054397,37.61486,11290,성북구
08877,간대어린이공원,127.0511834599,37.6186378364,11290,성북구
08878,돌곶이역2번출구,127.0561739802,37.6115075259,11290,성북구
08881,성가복지병원앞,127.0311141214,37.6059394924,11290,성북구
08883,꿈의숲코오롱하늘채아파트,127.0456141233,37.6191413885,11290,성북구
08884,어해랑앞,127.0526527202,37.614046655,11290,성북구
08886,고대병원,127.0262501333,37.5864829118,11290,성북구
08888,한신103동앞,127.0082088116,37.5920233074,11290,성북구
08889,성북소방서,127.031525069,37.6027999972,11290,성북구
08892,장위시장,127.0505764271,37.6134406042,11290,성북구
08893,생명의전화로터리,127.0378090878,37.6038353025,11290,성북구
08894,정릉시장입구.정릉약국,127.0097442213,37.608370718,11290,성북구
08895,꿈의숲동문앞,127.0458244048,37.6209240431,11290,성북구
08896,꿈의숲대명루첸아파트,127.0469646561,37.6193829059,11290,성북구
08897,종암아이파크1차후문,127.0302914603,37.602206504,11290,성북구
08898,돈암힐스테이트.코오롱하늘채,127.0143670046,37.5987916924,11290,성북구
08900,자산약국.월곡전철역입구.6호선,127.0393382553,37.6041727102,11290,성북구
08901,수보약국,127.0080441437,37.608704248,11290,성북구
08904,종암래미안,127.0298303694,37.6018588018,11290,성북구
08908,장위동성당앞,127.0487837637,37.6123942977,11290,성북구
08909,월곡시장.동덕여대오거리,127.0427144806,37.6041273834,11290,성북구
08910,정든마을,127.0073694927,37.6096167331,11290,성북구
08911,용문중고교,127.023075,37.58776,11290,성북구
08912,개운초등학교,127.02905,37.601682,11290,성북구
08913,우성APT정문,127.0152061932,37.6004509363,11290,성북구
08914,나약국,127.0414527557,37.614294786,11290,성북구
08915,GS25장위제일점,127.0481667022,37.6110537358,11290,성북구
08916,월곡로데오거리,127.0438728583,37.6048993942,11290,성북구
08917,대동슈퍼,127.0058854907,37.6111778561,11290,성북구
08919,한진206동앞,127.0107232511,37.5954940982,11290,성북구
08920,죽림정사앞,127.0291748905,37.5996513018,11290,성북구
08921,쌍용APT,127.0164193819,37.6000277168,11290,성북구
08922,슈퍼앞,127.0423241257,37.6156500659,11290,성북구
08923,이지마트,127.0476291248,37.6099870685,11290,성북구
08924,동아아파트정문앞,127.0461343399,37.6068870252,11290,성북구
08925,수녀원입구,127.0055480005,37.6118951367,11290,성북구
08926,성신여대평생교육원,127.0202580181,37.5893438185,11290,성북구
08927,명신초.삼선푸르지오.힐스테이트,127.0145993366,37.5822593867,11290,성북구
08928,브라운스톤,127.0176785796,37.5992976541,11290,성북구
08930,동아아파트,127.0472756242,37.6080318541,11290,성북구
08931,월곡중학교입구,127.0471292345,37.6075912815,11290,성북구
08934,돈암시장,127.0134834289,37.5913019518,11290,성북구
08935,창신쌍용2단지.한성대후문,127.0127354927,37.5813963581,11110,종로구
08936,고명중고교,127.02029673,37.5984610236,11290,성북구
08937,상월곡역,127.0478038236,37.6068638336,11290,성북구
08938,월곡초교,127.0461798986,37.6091289096,11290,성북구
08939,산장아파트,127.0034685688,37.616608793,11290,성북구
08941,성북구청.경동고입구,127.0175977286,37.5878015805,11290,성북구
08942,한신301동앞,127.0089861462,37.5962151136,11290,성북구
08943,낙산삼거리,127.0103598878,37.5802801396,11290,성북구
08945,풍림아파트,127.022078987,37.5974334637,11290,성북구
08946,월곡중학교,127.0488367104,37.6067975857,11290,성북구
08947,월곡초등학교후문,127.0454756183,37.6113791943,11290,성북구
08948,도광사,127.0013581804,37.6154320192,11290,성북구
08949,경동고앞,127.0149048675,37.5870414318,11290,성북구
08950,구민회관.201동앞,127.0091043886,37.5954999855,11290,성북구
08951,현대홈마트,127.0328694828,37.5977742664,11290,성북구
08952,풍림아파트.성신초교,127.0230545241,37.595269765,11290,성북구
08953,누구나교회,127.0448959944,37.6119083534,11290,성북구
08954,넓은마당,126.9997383348,37.6146859282,11290,성북구
08956,삼선노인정,127.0138720583,37.5863747515,11290,성북구
08957,한신113동앞,127.0085261637,37.5944634325,11290,성북구
08958,종암아이파크2차정문,127.0325169289,37.596973297,11290,성북구
08959,개운중학교,127.0250868706,37.5940465738,11290,성북구
08960,태광빌라,127.043916285,37.6122936821,11290,성북구
08961,삼선초교,127.0134135316,37.5851065492,11290,성북구
08962,동구고등학교후문,127.0084192423,37.5937038561,11290,성북구
08964,극동아파트후문,127.0333330207,37.596016114,11290,성북구
08965,성북구의회,127.0261062172,37.5944860839,11290,성북구
08966,장위1동노인정,127.043044981,37.6116143881,11290,성북구
08967,고려대역.숭례초교,127.036034544,37.5948925645,11290,성북구
08969,극동아파트정문,127.0342670319,37.5954193263,11290,성북구
08970,고려대아이스링크,127.0278065619,37.5929132964,11290,성북구
08971,하트마트편의점,127.0415425301,37.6120812083,11290,성북구
08972,선경아파트,127.0343480838,37.5943641285,11290,성북구
08973,고려대안암학사,127.029975612,37.5912538614,11290,성북구
08975,종암중학교,127.0347676921,37.5932304366,11290,성북구
08976,고려대법과대학.한국어교육관입구,127.033307,37.591334,11290,성북구
08977,해병대전우회,127.0356891028,37.5924290939,11290,성북구
08979,성북세무서앞,127.0105659012,37.5879222642,11290,성북구
08980,꿈의숲대명루첸아파트,127.0456216446,37.6208195823,11290,성북구
08981,래미안세레니티,127.0294147509,37.5990565246,11290,성북구
08982,양광교회.죽림정사앞,127.0293639897,37.5995701571,11290,성북구
08983,석관동주민센터,127.0613211365,37.6129858688,11290,성북구
08984,한신105동앞,127.0090298604,37.5926731519,11290,성북구
08985,한신108동앞,127.0094244147,37.5935739534,11290,성북구
08986,스카이프라자앞.111동앞,127.010411688,37.5945110389,11290,성북구
08987,한진207동앞,127.0106667452,37.5963140934,11290,성북구
08988,한진202동앞,127.0096986249,37.5965292419,11290,성북구
08989,한진204동앞,127.0096872905,37.5964459011,11290,성북구
08990,한진207동앞,127.0104211977,37.5963571148,11290,성북구
08991,스카이프라자앞.111동,127.0104114676,37.5947555941,11290,성북구
08992,한신108동앞,127.0096419085,37.5939786975,11290,성북구
08997,삼선동주민센터,127.0142590636,37.5910090068,11290,성북구
09001,수유3동우체국,127.0291614982,37.6413456809,11305,강북구
09002,수유3동우체국,127.0288270779,37.6408930184,11305,강북구
09003,수유역.수유사거리,127.024004631,37.6365085542,11305,강북구
09004,수유역.강북구청,127.0253079045,37.6375917165,11305,강북구
09005,수유시장.성신여대미아캠퍼스앞,127.0241719892,37.6312262117,11305,강북구
09006,수유시장.성신여대미아캠퍼스앞,127.024614399,37.6303501914,11305,강북구
09007,미아역.신일중고,127.0266493048,37.6248696784,11305,강북구
09008,미아역.신일중고,127.0270450398,37.6242950292,11305,강북구
09009,도봉세무서.성암국제무역고,127.028719403,37.6197140913,11305,강북구
09010,도봉세무서.성암국제무역고,127.0292480892,37.6188372063,11305,강북구
09011,미아사거리역,127.0299325391,37.6137621245,11305,강북구
09012,미아사거리역,127.0302131064,37.6128943078,11305,강북구
09013,수유역.강북구청,127.0258703828,37.6382895216,11305,강북구
09102,우이동도선사입구.북한산우이역,127.0127134568,37.6626545921,11305,강북구
09103,우이동성원아파트,127.013424,37.660809,11305,강북구
09104,우이동성원아파트,127.013357,37.662045,11305,강북구
09105,강북씨앤지,127.013759831,37.659690941,11305,강북구
09106,서라벌중학교.우이동대우아파트,127.012954,37.655152,11305,강북구
09107,덕성여대.솔밭근린공원,127.0126091716,37.6513809333,11305,강북구
09108,4.19민주묘지역,127.0137114618,37.6491109904,11305,강북구
09109,4.19민주묘지역,127.014019,37.649113,11305,강북구
09110,국립4.19민주묘지입구사거리,127.013448,37.648147,11305,강북구
09111,국립4.19민주묘지입구사거리,127.013435,37.647978,11305,강북구
09112,국립419묘지삼거리.윤극영가옥,127.010438,37.64653,11305,강북구
09113,국립419묘지삼거리.윤극영가옥,127.0106931578,37.6463224596,11305,강북구
09114,인수동백운교회입구,127.0106566466,37.644587883,11305,강북구
09115,인수동백운교회입구,127.0109421731,37.644309423,11305,강북구
09116,인수초등학교.극동아파트,127.010828591,37.6425036675,11305,강북구
09117,인수초등학교.극동아파트,127.0110529305,37.6423108154,11305,강북구
09118,서울영어마을수유캠프.국립재활원입구,127.0119023303,37.6400512667,11305,강북구
09119,서울영어마을수유캠프.국립재활원입구,127.011851385,37.6403058,11305,강북구
09120,인수동장미원,127.0155272484,37.6450333774,11305,강북구
09121,인수동장미원,127.0159997041,37.6445998945,11305,강북구
09122,가오리역,127.016555,37.64188,11305,강북구
09123,가오리역,127.0168113608,37.6416805827,11305,강북구
09124,강북청년창업마루,127.01746,37.646853,11305,강북구
09125,강북청년창업마루,127.0170948735,37.6467578286,11305,강북구
09126,수유2동주민센터.우이시장,127.019428906,37.6450886664,11305,강북구
09127,수유2동주민센터.우이시장,127.020202,37.644893,11305,강북구
09128,광산사거리,127.0217661991,37.6433654819,11305,강북구
09129,광산사거리,127.021916414,37.643651517,11305,강북구
09130,우이초등학교후문,127.0136267756,37.6383971504,11305,강북구
09131,우이초등학교후문,127.0138284749,37.6384286647,11305,강북구
09132,인수동청수탕입구,127.0128648965,37.6371680139,11305,강북구
09133,인수동청수탕입구,127.0130723558,37.6365184578,11305,강북구
09134,우이초교정문입구,127.0171140536,37.6365089299,11305,강북구
09135,우이초교정문입구,127.017357,37.63681,11305,강북구
09136,화계사입구.한신대학교대학원,127.013957617,37.6339738966,11305,강북구
09137,화계사입구.한신대학교대학원,127.0139522376,37.6337259037,11305,강북구
09138,수유동삼양탕앞,127.015551,37.63408,11305,강북구
09139,수유동삼양탕앞,127.0149108072,37.6338204001,11305,강북구
09140,화계사입구사거리.화계역,127.016899104,37.6342866157,11305,강북구
09141,화계사입구사거리.화계역,127.0168721385,37.6339931438,11305,강북구
09142,강북노인종합복지관,127.0189955726,37.6344334502,11305,강북구
09143,강북노인종합복지관,127.0191414322,37.634217125,11305,강북구
09144,신일병원,127.0222678339,37.6347226913,11305,강북구
09145,신일병원,127.0212163361,37.6343871166,11305,강북구
09146,강북구청,127.025665,37.640715,11305,강북구
09147,강북구청,127.0262068516,37.6406143243,11305,강북구
09148,강북경찰서입구,127.0286868166,37.6351433469,11305,강북구
09149,강북경찰서입구,127.0291221925,37.6349869893,11305,강북구
09150,북부시장입구,127.032014,37.635415,11305,강북구
09151,북부시장입구,127.0322955083,37.6351732556,11305,강북구
09152,번동사거리,127.0350310027,37.6361251293,11305,강북구
09153,번동사거리,127.0345096148,37.6356319935,11305,강북구
09154,북부수도사업소,127.0361604414,37.6342350364,11305,강북구
09155,북부고용노동지청,127.0352743398,37.6349568396,11305,강북구
09156,수유보건지소,127.0174696835,37.6333403549,11305,강북구
09157,수유보건지소,127.0177047638,37.6332538827,11305,강북구
09158,빨래골입구.수유1동주민센터,127.017765125,37.629858846,11305,강북구
09159,빨래골입구.서울수유초등학교,127.017982,37.630007,11305,강북구
09160,롯데마트삼양점.래미안1차아파트,127.0182240004,37.6252947897,11305,강북구
09161,롯데마트삼양점.래미안1차아파트,127.0184390605,37.6254702234,11305,강북구
09162,삼양초등학교,127.0189878991,37.6232424458,11305,강북구
09163,삼양초등학교,127.019088,37.623407,11305,강북구
09164,삼양사거리역,127.0201740841,37.6218299513,11305,강북구
09165,삼양사거리역,127.0205867332,37.62151722,11305,강북구
09166,삼양동사거리.래미안트리베라,127.0213079919,37.6180883036,11305,강북구
09167,삼양동사거리.래미안트리베라,127.0214576496,37.6185334123,11305,강북구
09168,송천초등학교.미아뉴타운입구,127.0221103696,37.6154596915,11305,강북구
09169,송천초등학교.미아뉴타운입구,127.0223138592,37.6140963114,11305,강북구
09170,삼양동사거리,127.021935,37.619327,11305,강북구
09171,삼양동사거리,127.0217902854,37.6191447206,11305,강북구
09172,성암국제무역고.성암여중,127.0249842203,37.6183241886,11305,강북구
09173,성암국제무역고.성암여중,127.0255230955,37.6179423926,11305,강북구
09174,삼양입구사거리,127.0283809304,37.6172887669,11305,강북구
09175,삼양입구사거리,127.028487,37.61706,11305,강북구
09176,강북보건소,127.0390339762,37.6322518875,11305,강북구
09177,신창교.강북소방서,127.0385729384,37.633285201,11305,강북구
09179,강북보건소,127.039233,37.632478,11305,강북구
09180,번동주공4단지,127.0399848073,37.6313780406,11305,강북구
09181,초안교,127.04109,37.63111,11305,강북구
09182,번동주공3단지,127.0434628856,37.6290195783,11305,강북구
09183,벌리교.번동주공3단지,127.044375,37.628652,11305,강북구
09184,번동주공1단지,127.048129578,37.6255071471,11305,강북구
09185,번동주공1단지.2단지,127.047227,37.627015,11305,강북구
09186,오현초등학교,127.0479843518,37.6234130879,11305,강북구
09187,북서울꿈의숲,127.044136,37.618998,11305,강북구
09188,송중동한일유엔아이,127.0379534336,37.6137499056,11290,성북구
09189,창문여고앞,127.0354111524,37.611997767,11305,강북구
09190,숭곡초등학교입구,127.0318277681,37.6100221835,11305,강북구
09194,강북청소년센터,127.0068382647,37.6456670533,11305,강북구
09195,강북청소년센터,127.0067787872,37.6457796797,11305,강북구
09196,국립4.19민주묘지,127.0091441274,37.6468996874,11305,강북구
09197,국립4.19민주묘지,127.008957,37.64695,11305,강북구
09198,강북중학교,127.0235480508,37.6448419212,11305,강북구
09199,북부수도사업소,127.036703825,37.634381273,11305,강북구
09200,광산사거리,127.0229920646,37.6425235501,11305,강북구
09201,광산사거리,127.0231023914,37.643844513,11305,강북구
09203,수유중앙시장,127.0227228438,37.6403601066,11305,강북구
09205,대한병원,127.0231692841,37.6367337539,11305,강북구
09206,삼성화재강북지점,127.0248073406,37.6355100656,11305,강북구
09207,강북구청사거리.번1동주민센터,127.028345,37.638748,11305,강북구
09208,강북구청사거리.번1동주민센터,127.028612,37.638982,11305,강북구
09209,수송초등학교,127.031455,37.636832,11305,강북구
09210,수송초등학교,127.031647,37.636998,11305,강북구
09211,혜화여고.수유중학교입구,127.0135834136,37.6321134046,11305,강북구
09212,혜화여고.수유중학교입구,127.013795806,37.6319759796,11305,강북구
09213,서울정인학교.우광타운,127.013001965,37.6292133906,11305,강북구
09214,서울정인학교.우광타운,127.013126928,37.6292978747,11305,강북구
09215,구세군강북종합사회복지관입구,127.0123860255,37.6247738195,11305,강북구
09216,구세군강북종합사회복지관입구,127.012504,37.62492,11305,강북구
09217,솔샘중고등학교.팔팔?미송경로당,127.013138,37.623368,11305,강북구
09218,솔샘중고등학교.팔팔?미송경로당,127.0130269844,37.6232608308,11305,강북구
09219,동북프라자,127.018109,37.619886,11305,강북구
09220,동북프라자,127.0187973439,37.6199944163,11305,강북구
09221,두산위브아파트입구,127.0162572448,37.6200218233,11305,강북구
09222,두산위브아파트입구,127.0161949742,37.6201498963,11305,강북구
09223,삼각산동SK아파트북한산시티미양초등학교,127.0133943451,37.6201843608,11305,강북구
09224,삼양동벽산라이브파크미양초등학교,127.0126071297,37.6203083333,11305,강북구
09225,SK아파트.벽산아파트상가,127.0111968544,37.6197323732,11305,강북구
09226,SK아파트.벽산아파트상가,127.0113418872,37.6199369055,11305,강북구
09227,솔샘터널,127.0092342783,37.6187769661,11305,강북구
09228,번동주공아파트3단지4단지,127.0399359248,37.6293796927,11305,강북구
09229,번동주공아파트3단지4단지,127.041138,37.63011,11305,강북구
09230,번동초등학교,127.0398418797,37.6289388579,11305,강북구
09231,번동한솔솔파크,127.0382810784,37.627663862,11305,강북구
09232,번동한솔솔파크,127.037812026,37.6275338363,11305,강북구
09233,번동해모로아파트,127.0368164778,37.6263750938,11305,강북구
09234,번동해모로아파트,127.0370034124,37.6268511292,11305,강북구
09235,강북문화정보도서관,127.0372886392,37.6252315157,11305,강북구
09236,강북문화정보도서관,127.0369290562,37.6253893015,11305,강북구
09237,동문굿모닝힐,127.0377556282,37.6235474611,11305,강북구
09238,동문굿모닝힐,127.0374543779,37.623740389,11305,강북구
09239,북서울꿈의숲서문,127.0375263014,37.6225842756,11305,강북구
09240,꿈의숲롯데캐슬아파트,127.0358153703,37.6179925377,11305,강북구
09241,꿈의숲롯데캐슬아파트,127.0359374797,37.6185988921,11305,강북구
09242,경남아너스빌.꿈의숲해링턴아파트,127.0345036012,37.6164972882,11305,강북구
09243,경남아너스빌.꿈의숲해링턴아파트,127.0345744355,37.6167487855,11305,강북구
09244,송중초등학교,127.031162228,37.6164216339,11305,강북구
09245,송중초등학교,127.0316486841,37.6165541394,11305,강북구
09246,수유3동우체국,127.0275793554,37.6400256713,11305,강북구
09247,수유3동우체국,127.0281157885,37.6400597793,11305,강북구
09248,수유역.노스페이스문화센터,127.026897397,37.6389518521,11305,강북구
09249,수유역6번출구,127.0250607476,37.6376933332,11305,강북구
09253,미아역8번출구.신일중고,127.025544449,37.627378539,11305,강북구
09255,영신여객차고지(우이동종점),127.011523,37.662868,11305,강북구
09256,영신여객차고지(우이동종점),127.0112627968,37.6629182765,11305,강북구
09260,미아사거리역.송천동우체국,127.0297349566,37.6153850288,11305,강북구
09261,미아사거리역,127.030442,37.610209,11305,강북구
09263,한신대학교,127.0130710226,37.635375886,11305,강북구
09266,수유사거리,127.0243325744,37.6346209227,11305,강북구
09267,수유사거리,127.0249133041,37.6349248841,11305,강북구
09269,송중동주민센터앞,127.0333691522,37.6160580688,11305,강북구
09270,송중동경남아너스빌정문,127.0340715248,37.6133360851,11305,강북구
09271,북서울꿈의숲서문,127.0378333766,37.6227175379,11305,강북구
09272,수유역.강북구청,127.0260514034,37.6386311446,11305,강북구
09273,삼각산보건지소,127.015438,37.617673,11305,강북구
09274,삼각산보건지소,127.0152813623,37.6174683906,11305,강북구
09275,삼각산동삼각산아이원아파트후문,127.0188312494,37.616347829,11305,강북구
09276,삼각산동삼각산아이원아파트후문,127.0187454371,37.6162710915,11305,강북구
09277,롯데백화점미아점,127.0307561737,37.614709413,11305,강북구
09278,우이동주민센터입구,127.0123580949,37.6476640054,11305,강북구
09279,창문여고,127.0358638935,37.6121340119,11305,강북구
09283,솔샘터널,127.0092116202,37.6187431808,11305,강북구
09286,우이동도선사입구,127.0129571525,37.6627897127,11305,강북구
09289,우이동차고지기점,127.011738,37.663032,11305,강북구
09290,북부고용노동지청.한성운수종점,127.035297,37.634618,11305,강북구
09291,화계사입구.종점,127.01343,37.632413,11305,강북구
09293,SK아파트벽산아파트상가,127.0111164185,37.6196972385,11305,강북구
09294,우이동차고지종점,127.012147,37.663129,11305,강북구
09295,삼각산동삼각산아이원아파트정문,127.0166880013,37.6161778465,11305,강북구
09298,삼각산동삼각산아이원아파트정문,127.0164422295,37.616358098,11305,강북구
09302,삼각산고.래미안트리베라,127.0218143938,37.6144302952,11305,강북구
09303,삼각산고.래미안트리베라,127.0212027862,37.6144686987,11305,강북구
09304,방천시장입구,127.0330881115,37.6111758164,11305,강북구
09305,화계사입구.한신대학교대학원,127.01343,37.633257,11305,강북구
09306,미아사거리역.롯데백화점,127.0302283114,37.6140792311,11305,강북구
09307,삼각산119안전센터,127.0151790977,37.619549299,11305,강북구
09308,삼각산119안전센터,127.0153453647,37.6197921935,11305,강북구
09310,무량사입구,127.00794393,37.6462100417,11305,강북구
09311,무량사입구,127.007842,37.646323,11305,강북구
09312,꿈의숲주차장입구,127.0453126023,37.6208649775,11305,강북구
09313,수유중앙시장,127.0223875946,37.6408936108,11305,강북구
09314,대한병원,127.0228830982,37.6368331317,11305,강북구
09500,우이동,127.0122904688,37.6634309704,11305,강북구
09501,미송경로당,127.0127201301,37.6241772665,11305,강북구
09502,번동초교.솔그린APT.하나은행,127.0395643313,37.6289921152,11305,강북구
09503,영암마트,127.0303510091,37.6289011321,11305,강북구
09504,빨래골,127.01017946,37.6274393769,11305,강북구
09505,본원정사,127.0063793815,37.6381013089,11305,강북구
09506,아카데미하우스.통일교육원,127.0020125009,37.6420400906,11305,강북구
09507,성원아파트,127.0133988593,37.6610980709,11305,강북구
09510,번동슈퍼,127.0378426735,37.627648264,11305,강북구
09512,동아할인마트,127.0310972055,37.6278746042,11305,강북구
09513,SH스카이,127.0113566058,37.6277190796,11305,강북구
09514,모아빌라,127.0074386095,37.638200457,11305,강북구
09515,신성빌라,127.003531011,37.6435025092,11305,강북구
09516,송중동주민센터,127.0333691747,37.6161085295,11305,강북구
09517,스카이빌,127.0129139934,37.6249774078,11305,강북구
09518,청화슈퍼,127.036646366,37.6278189463,11305,강북구
09520,믿음슈퍼,127.0321221868,37.6270885851,11305,강북구
09521,다리앞,127.0122018705,37.6278825764,11305,강북구
09522,해청빌라,127.0076913639,37.6375342546,11305,강북구
09523,백련사,127.0045157924,37.6441927035,11305,강북구
09525,구세군강북종합사회복지관,127.0138350809,37.6251665309,11305,강북구
09526,교육촌경로당,127.0356413496,37.6271601364,11305,강북구
09528,당진슈퍼,127.0323057443,37.6255754824,11305,강북구
09529,삼흥연립,127.013344785,37.628083771,11305,강북구
09530,기도원입구,127.0079137924,37.6370107775,11305,강북구
09531,강북청소년수련관,127.0070203007,37.6456973855,11305,강북구
09532,마을버스사무실,127.015405311,37.6252573458,11305,강북구
09533,영순슈퍼,127.0344605841,37.6266121006,11305,강북구
09534,동문굿모닝힐,127.0374657868,37.6238998772,11305,강북구
09535,하나할인마트,127.0321493948,37.6244988638,11305,강북구
09536,한빛맹아학교,127.0152179897,37.6287112892,11305,강북구
09537,형제슈퍼,127.0098045717,37.6366827714,11305,강북구
09539,쌍문교,127.0246386377,37.6461780008,11305,강북구
09540,페리카나치킨,127.01654052,37.625406772,11305,강북구
09541,당진슈퍼,127.0325364143,37.6255924772,11305,강북구
09543,동성마트,127.0321875376,37.6236275055,11305,강북구
09544,한빛예술단,127.0162904401,37.6293965888,11305,강북구
09545,삼성하이츠빌라,127.0110180881,37.6367334755,11305,강북구
09546,도일타운,127.0119357932,37.6367536584,11305,강북구
09547,강북중학교,127.023286184,37.6445347047,11305,강북구
09548,삼양시장,127.0174161828,37.6250705419,11305,강북구
09550,한영교회,127.0323753581,37.623077793,11305,강북구
09551,수유1동주민센터.파출소,127.0175250022,37.6301526349,11305,강북구
09553,광산사거리,127.023056642,37.6424802856,11305,강북구
09554,삼양파출소,127.0180165771,37.6248776198,11305,강북구
09556,제일슈퍼,127.0326717873,37.6221991545,11305,강북구
09557,진주빌딩,127.0179523198,37.6309112824,11305,강북구
09558,청수탕,127.0126565535,37.6367446746,11305,강북구
09560,강북구청,127.0256998687,37.6406725215,11305,강북구
09561,삼양오거리.삼양동주민센터,127.0188481065,37.6247891837,11305,강북구
09562,도일타운,127.0118237871,37.6369021524,11305,강북구
09563,홈빌라트,127.0329273916,37.62124033,11305,강북구
09564,광성슈퍼,127.0186380913,37.6321483624,11305,강북구
09566,인수초중학교,127.0107834163,37.6435561341,11305,강북구
09567,수유역,127.0249677991,37.6375906296,11305,강북구
09568,오현초등학교,127.0459678973,37.6235355369,11305,강북구
09569,자이홈타운,127.0211399902,37.6248635854,11305,강북구
09571,한신더휴정문앞,127.033245,37.619899,11305,강북구
09572,화계유치원,127.019526826,37.6338728904,11305,강북구
09573,한신대신학대학원.화계사,127.0139839635,37.6337304054,11305,강북구
09576,주공1.2단지한진아파트,127.0447499944,37.6253372712,11305,강북구
09577,삼양신협,127.0232915478,37.6254173467,11305,강북구
09578,번3동주민센터,127.0466039503,37.6261592427,11305,강북구
09579,미아사거리전철역,127.0304262542,37.6128683546,11305,강북구
09580,꿈의숲해링턴105동.강북50플러스센터,127.0335841655,37.6183851236,11305,강북구
09582,삼양탕,127.0149765253,37.6338294026,11305,강북구
09583,국립재활원,127.0115682035,37.6402544989,11305,강북구
09585,신원아파트.북서울꿈의교회,127.044224785,37.6261160053,11305,강북구
09586,미아역6번출구,127.0253864806,37.625939543,11305,강북구
09587,수유시장,127.024096,37.629647,11305,강북구
09588,꿈의숲해링턴아파트108동앞,127.033985486,37.6166641214,11305,강북구
09589,북한산스카이빌딩,127.0236086128,37.6356860225,11305,강북구
09590,송암교회.화계사거리.수유보건지소,127.016816616,37.6339778333,11305,강북구
09591,강북구의회.강북문화예술회관,127.0142820851,37.6403416065,11305,강북구
09592,경남아너스빌정문,127.0344291798,37.6130688648,11305,강북구
09593,기산아파트.2단지후문,127.0442392677,37.6276136002,11305,강북구
09594,미아역7번출구,127.0258341771,37.6267385325,11305,강북구
09595,수유역,127.0253881411,37.6374815091,11305,강북구
09597,가오리,127.016284405,37.6406305942,11305,강북구
09598,송중동주민센터,127.0336239934,37.6159868107,11305,강북구
09599,쌍문교,127.0245795335,37.6456427714,11305,강북구
09600,주공3단지정문,127.0423068222,37.6282486714,11305,강북구
09631,미아역6번출구,127.0253321368,37.6260467836,11305,강북구
09642,8번지입구,127.037865155,37.6137591585,11305,강북구
09656,번동삼거리,127.0279469112,37.6350975692,11305,강북구
09682,벽산아파트,127.0199332209,37.6409823569,11305,강북구
09717,한양아파트입구.삼덕상운,127.0409777233,37.6279896285,11305,강북구
09718,삼양신협,127.0235196961,37.6256382551,11305,강북구
09739,미아사거리역2번출구,127.030438,37.613023,11305,강북구
09753,양지빌라,127.0380243258,37.6150510498,11305,강북구
09754,성당앞,127.0220299226,37.6422570137,11305,강북구
09760,하나은행.새마을금고,127.0395277612,37.6287446347,11305,강북구
09767,북서울꿈의숲,127.0440958536,37.6189853257,11305,강북구
09769,북서울자이폴라리스입구,127.0214408606,37.6251048164,11305,강북구
09770,8번지슈퍼,127.0380371932,37.6158503081,11305,강북구
09771,롯데백화점,127.0309377135,37.6144552857,11305,강북구
09773,중앙시장,127.0224706365,37.6403898489,11305,강북구
09774,강북구민운동장.4단지,127.0385973548,37.630107976,11305,강북구
09775,삼양오거리.삼양동주민센터,127.0188730581,37.624899112,11305,강북구
09776,산장빌라,127.0380476824,37.6164279001,11305,강북구
09777,화계유치원,127.0193274421,37.6339936682,11305,강북구
09779,강북보건소.번2동주민센터,127.0370685406,37.631544792,11305,강북구
09780,삼일약국.롯데마트,127.0179320311,37.6250378278,11305,강북구
09781,삼우하이츠빌라,127.0372251142,37.6160812447,11305,강북구
11358,롯데마트,127.0702112033,37.6471915457,11350,노원구
09782,꿈의숲해링턴아파트108동앞,127.0340676265,37.6167136521,11305,강북구
09783,성일빌딩,127.0183911221,37.6322619376,11305,강북구
09785,금호.현대아파트,127.0363141169,37.6318694163,11305,강북구
09786,삼양시장,127.0173515224,37.6252316268,11305,강북구
09787,한일아파트후문,127.0371511878,37.6154856509,11305,강북구
09788,꿈의숲해링턴105동.강북50플러스센터,127.0336691211,37.6183941092,11305,강북구
09789,수유1동주민센터.파출소,127.0175703804,37.6304022281,11305,강북구
09790,수유역,127.0245853867,37.636850809,11305,강북구
09791,로얄공인중계사무소,127.0350081615,37.632733949,11305,강북구
09792,페리카나치킨,127.016582455,37.6254842593,11305,강북구
09793,장미맨션,127.0371417568,37.6147440609,11305,강북구
09794,꿈의숲해링턴아파트101동앞,127.033337,37.619964,11305,강북구
09795,한빛예술단,127.0162720978,37.6296268423,11305,강북구
09798,주공5단지,127.0343739731,37.6333955299,11305,강북구
09799,마을버스사무실,127.015432518,37.6253402419,11305,강북구
09800,한일아파트정문,127.0371221189,37.6139772435,11305,강북구
09801,홈빌라트,127.0330531131,37.6211844276,11305,강북구
09802,한빛맹아학교,127.015157464,37.6287953314,11305,강북구
09803,송암교회.화계사거리.수유보건지소,127.0170113546,37.6342732728,11305,강북구
09804,백년시장,127.0253984583,37.6411606222,11305,강북구
09805,금강산병원.전자공단,127.0337455976,37.6344085277,11305,강북구
09806,구세군강북종합사회복지관,127.0137637329,37.625303504,11305,강북구
09807,8번지입구,127.0377293648,37.6136948475,11305,강북구
09808,제일슈퍼,127.0327828202,37.6222270573,11305,강북구
09809,삼흥연립,127.0134410991,37.6282121507,11305,강북구
09811,성당앞,127.0218894421,37.6423669718,11305,강북구
09812,번동5거리.북부노동지청,127.0340110218,37.6350464176,11305,강북구
09813,다리앞,127.0122245437,37.627969078,11305,강북구
09814,한신대신학대학원.화계사,127.0135376169,37.634119725,11305,강북구
09815,벽산아파트,127.0199139997,37.6411409504,11305,강북구
09817,초록마트,127.012515263,37.6252901267,11305,강북구
09818,방천시장입구,127.0334019855,37.6109552133,11305,강북구
09819,한영교회,127.0325242794,37.6229939721,11305,강북구
09820,SH스카이,127.0113792758,37.6278069236,11305,강북구
09821,유진슈퍼,127.0132670716,37.63553896,11305,강북구
09822,가오리,127.0162289098,37.6407630608,11305,강북구
09824,정은빌라,127.012449672,37.6259965831,11305,강북구
09825,미아사거리역,127.0309369798,37.6127736242,11305,강북구
09826,보람할인마트,127.0322762463,37.6244222371,11305,강북구
09827,빨래골,127.0100814183,37.6274903404,11305,강북구
09828,청수탕,127.0126679297,37.6369587608,11305,강북구
09829,강북구의회.강북문화예술회관,127.014098535,37.6404389454,11305,강북구
09830,빨래골입구,127.0123647948,37.6265516594,11305,강북구
09831,삼성하이츠빌라,127.011080062,37.6368907918,11305,강북구
09832,국립재활원,127.0119761285,37.6402256236,11305,강북구
09833,성원아파트,127.0134032107,37.6617153182,11305,강북구
09834,수유역.강북구청,127.026169,37.637516,11305,강북구
09835,SM빌라,127.0122706768,37.6260353485,11305,강북구
09836,믿음슈퍼,127.0322943991,37.6271020543,11305,강북구
09837,형제슈퍼,127.0097995802,37.6368864275,11305,강북구
09841,당진슈퍼,127.0327877998,37.6255168584,11305,강북구
09843,율곡어린이놀이터,127.0316117026,37.6280104647,11305,강북구
09844,기도원입구,127.0079732801,37.6370738425,11305,강북구
09845,인수초중학교,127.011019117,37.6435398929,11305,강북구
09847,솔샘중고등학교,127.0125898279,37.6240619418,11305,강북구
09848,영순슈퍼,127.0345928361,37.6264670403,11305,강북구
09851,해청빌라,127.0078345363,37.6375040721,11305,강북구
09853,벽산아파트,127.0110031514,37.619802676,11305,강북구
09854,금강슈퍼,127.0357113281,37.6270767404,11305,강북구
09856,모아빌라,127.0077503725,37.6382309279,11305,강북구
09857,국립419민주묘지삼거리.윤극영가옥,127.0107157988,37.6461584609,11305,강북구
09859,청화슈퍼,127.0367029926,37.6277765778,11305,강북구
09860,동문굿모닝힐,127.0377522537,37.6235952196,11305,강북구
09861,본원정사,127.0064915618,37.6381346428,11305,강북구
09863,주공5단지,127.0341463204,37.6335857244,11305,강북구
09865,번동초등학교,127.0393340964,37.6285317388,11305,강북구
09868,로얄공인중계사무소,127.0347759274,37.6328106097,11305,강북구
09870,강북문화정보도서관.해모로아파트,127.0370107352,37.6258127839,11305,강북구
09872,금호.현대아파트,127.0364126242,37.6317369268,11305,강북구
09873,강북보건소앞.번2동주민센터,127.0376226365,37.6316563508,11305,강북구
09875,백련사,127.00480365,37.6445864643,11305,강북구
09876,강북보건소.번2동주민센터,127.0373743139,37.6312689643,11305,강북구
09877,신성빌라,127.0034868249,37.6436773202,11305,강북구
09878,강북구민운동장.4단지,127.0385078133,37.6300386219,11305,강북구
12105,동명여고,126.924228,37.616295,11380,은평구
09880,아카데미하우스.통일교육원,127.0019309161,37.6421608368,11305,강북구
09881,번동슈퍼,127.0376036568,37.6277177238,11305,강북구
09882,한양아파트입구.삼덕상운,127.0410988513,37.627812073,11305,강북구
09883,주공3단지정문,127.0422330792,37.6280702834,11305,강북구
09884,기산아파트.2단지후문,127.0440252483,37.6277956991,11305,강북구
09885,신원아파트.북서울꿈의교회,127.0441737213,37.6259772576,11305,강북구
09886,주공1.2단지한진아파트,127.0448958911,37.6249236185,11305,강북구
09887,오현초등학교,127.0460254038,37.6230966867,11305,강북구
09888,주공1.2단지한진아파트,127.0446457062,37.6252363894,11305,강북구
09890,번3동주민센터,127.0466752399,37.6260240521,11305,강북구
09893,현대백화점.E마트.빅토리아호텔,127.0304500466,37.6102684942,11305,강북구
09894,미아사거리역.롯데백화점,127.030133461,37.6142392565,11305,강북구
09895,광산사거리,127.0227668587,37.6434913546,11305,강북구
09896,보람빌딩,127.0250915337,37.6348963686,11305,강북구
09897,번동5거리.북부노동지청,127.0338943188,37.6350509566,11305,강북구
09898,금강산병원.전자공단,127.0336730577,37.6343535824,11305,강북구
09899,하나은행.새마을금고,127.0396898577,37.6285541467,11305,강북구
09903,우이3교,127.0357080785,37.6364064842,11305,강북구
09905,당진슈퍼,127.0324720413,37.625596726,11305,강북구
09908,삼성래미안아파트,127.0210554967,37.6144948223,11305,강북구
09909,성우아파트,127.0217994295,37.6174096971,11305,강북구
09913,미아사거리역,127.029758625,37.6150849616,11305,강북구
09920,두산위브아파트,127.0154198988,37.6190948303,11305,강북구
09934,한영교회,127.0318418008,37.6231428162,11305,강북구
09936,달팽이계단,127.0311295427,37.6239152351,11305,강북구
09937,대성빌라정문,127.0304263922,37.6248327216,11305,강북구
09938,신구.한일아파트입구,127.029785532,37.6257429795,11305,강북구
09939,실버복지센터,127.0293711961,37.6271731261,11305,강북구
09940,남양빌라,127.0284681063,37.6269042294,11305,강북구
09941,미아역3번출구,127.0269767981,37.6265558405,11305,강북구
09942,미아역1번출구,127.0258843935,37.6275568794,11305,강북구
09943,수유시장,127.0240584476,37.6321924359,11305,강북구
09944,요진아파트,127.026553857,37.6336246217,11305,강북구
09945,우일빌딩앞,127.0274879166,37.634811133,11305,강북구
09946,신구.한일아파트입구,127.0296336871,37.6256574148,11305,강북구
09947,대성빌라정문,127.0301941441,37.6248255726,11305,강북구
09948,달팽이계단,127.0309176532,37.623820677,11305,강북구
09949,한영교회,127.0320253405,37.6231743045,11305,강북구
09950,한국전력공사,127.0247048513,37.6305370136,11305,강북구
09994,창문여고앞,127.0353820571,37.6118839664,11305,강북구
10001,도봉산역,127.0455120837,37.689202857,11320,도봉구
10002,도봉산역,127.045813,37.688568,11320,도봉구
10003,도봉한신아파트,127.0459850042,37.6839229454,11320,도봉구
10004,도봉한신아파트,127.046067,37.682672,11320,도봉구
10005,서울북부지방법원.검찰청.도봉역성황당,127.0449581366,37.6777606492,11320,도봉구
10006,서울북부지방법원.검찰청.도봉역성황당,127.045103,37.677262,11320,도봉구
10007,신도봉사거리,127.044147339,37.673289362,11320,도봉구
10008,신도봉사거리,127.044333,37.67275,11320,도봉구
10009,도봉소방서.방학역남부,127.0429308393,37.6661748051,11320,도봉구
10010,도봉소방서.방학역남부,127.043051246,37.66567657,11320,도봉구
10011,도봉보건소,127.0407623758,37.6589364195,11320,도봉구
10012,도봉보건소.북한산아이파크아파트,127.040517,37.658205,11320,도봉구
10013,도봉구민회관.도봉문화원,127.0381736668,37.6545598452,11320,도봉구
10014,도봉구민회관.도봉문화원,127.037977,37.653968,11320,도봉구
10015,쌍문역,127.0347686574,37.6488174173,11320,도봉구
10016,쌍문역,127.0344600639,37.6480714136,11320,도봉구
10017,우이교.한일병원입구,127.0326524367,37.6452929962,11320,도봉구
10018,우이교.한일병원입구,127.03242,37.644652,11320,도봉구
10019,신도봉시장.도봉구청.방학역북부,127.0436499626,37.6699992027,11320,도봉구
10020,신도봉시장.도봉구청.방학역북부,127.043757,37.669197,11320,도봉구
10103,도봉1동우체국,127.0456109086,37.6826140348,11320,도봉구
10104,도봉동한신아파트,127.0459586654,37.6821047926,11320,도봉구
10105,녹천역3번출구,127.0524268652,37.643222946,11320,도봉구
10107,서울북부지방법원.검찰청.도봉역성황당,127.0451325639,37.6771834389,11320,도봉구
10108,서울북부지방법원.검찰청.도봉역성황당,127.0446529158,37.6770277354,11320,도봉구
10109,도봉견인차량보관소,127.0446001847,37.6741632354,11320,도봉구
10110,도봉견인차량보관소,127.0441500898,37.6741048347,11320,도봉구
10111,방학역1번출구,127.0437945509,37.6692437083,11320,도봉구
10113,도봉소방서,127.043188402,37.6656756185,11320,도봉구
10114,도봉소방서,127.0425798048,37.6651007798,11320,도봉구
10115,방학사거리.바로선병원,127.0422791488,37.6612173924,11320,도봉구
10116,방학사거리,127.0421039333,37.6622176747,11320,도봉구
10117,도봉보건소,127.0402286427,37.6575128224,11320,도봉구
10119,함석헌기념관.정의여중고,127.0373872846,37.6526308865,11320,도봉구
10120,함석헌기념관.정의여중고,127.0365880712,37.6521851028,11320,도봉구
10121,도봉구민회관.도봉문화원,127.0382221679,37.6541047846,11320,도봉구
10122,도봉구민회관.도봉문화원,127.0381420661,37.6548202673,11320,도봉구
10124,쌍문역.쌍문시장,127.0340974005,37.6480246628,11320,도봉구
10126,쌍문역.쌍리단길,127.0342799955,37.6475318122,11320,도봉구
10127,우이교앞,127.0321793259,37.643993768,11320,도봉구
10129,서울북부지방법원.검찰청.성우아파트,127.048374262,37.676134203,11320,도봉구
10130,서울북부지방법원.검찰청.성우아파트,127.0477862346,37.6758077674,11320,도봉구
10131,법조타운공영주차장,127.047318,37.674737,11320,도봉구
10132,법조타운공영주차장,127.046582,37.673315,11320,도봉구
10133,도봉구청,127.0463337031,37.6689552465,11320,도봉구
10134,도봉구청,127.0460153661,37.6688382917,11320,도봉구
10135,방학1동대상타운현대.삼성아파트,127.0464385387,37.665833356,11320,도봉구
10136,방학1동삼성.대상타운현대아파트,127.0460053525,37.6663876289,11320,도봉구
10137,창동성원.쌍용아파트,127.0494952497,37.6604251641,11320,도봉구
10138,창동쌍용아파트,127.04877913,37.6604967889,11320,도봉구
10139,자운고등학교앞,127.0500065597,37.658932863,11320,도봉구
10140,자운고등학교앞,127.0496686321,37.6586807038,11320,도봉구
10141,창동동아청솔아파트,127.0498048344,37.6566813833,11320,도봉구
10142,창동동아청솔아파트,127.0495822895,37.656671335,11320,도봉구
10143,창동농협물류센터,127.0503385996,37.6549321325,11320,도봉구
10144,창동농협물류센터,127.0512466785,37.6542124806,11320,도봉구
10145,창동농협물류센터,127.0510007909,37.6538281446,11320,도봉구
10146,창동역1번출구.노원세무서,127.0505902348,37.6535907021,11320,도봉구
10147,창동동아아파트,127.051465,37.651933,11320,도봉구
10148,창동동아아파트,127.0514438738,37.6513525023,11320,도봉구
10149,창동주공19단지,127.0523899949,37.6490406835,11320,도봉구
10150,창동주공19단지,127.0520286111,37.6492264659,11320,도봉구
10151,창동주공18단지,127.0530436187,37.6470625209,11320,도봉구
10152,창동주공18단지,127.0527729177,37.6472653853,11320,도봉구
10153,도봉산입구,127.0407179415,37.6870828083,11320,도봉구
10154,도봉산성당,127.0441871881,37.6873184373,11320,도봉구
10155,김근태기념도서관,127.0440286782,37.6874938159,11320,도봉구
10156,도봉역,127.0466814888,37.6803220296,11320,도봉구
10157,도봉역.도봉래미안아파트,127.0470845566,37.6803959104,11320,도봉구
10158,노원교,127.0490169573,37.6794237641,11320,도봉구
10159,노원교,127.0491191453,37.6796543968,11320,도봉구
10160,성대야구장.노원교앞,127.049212,37.678442,11320,도봉구
10161,천주교도봉동교회,127.0427070454,37.6712158708,11320,도봉구
10162,천주교도봉동교회,127.0428107756,37.6713119921,11320,도봉구
10163,오봉초등학교,127.0391794072,37.6705203068,11320,도봉구
10164,오봉초등학교,127.0393403556,37.6707868238,11320,도봉구
10165,방학2동제4공영주차장,127.0366363352,37.6694362247,11320,도봉구
10166,방학2동제4공영주차장,127.03657,37.66956,11320,도봉구
10167,방학2동주민센터,127.0348108899,37.6682136969,11320,도봉구
10168,방학2동주민센터,127.0346224327,37.6682708426,11320,도봉구
10172,신방학중학교앞,127.0279943718,37.6637196179,11320,도봉구
10173,방학동신우빌라,127.03514,37.664078,11320,도봉구
10174,방학동신우빌라,127.0348959433,37.6641158948,11320,도봉구
10175,방학동삼익세라믹,127.03493,37.661672,11320,도봉구
10176,방학동삼익세라믹,127.0346738125,37.6617551365,11320,도봉구
10177,쌍문동청구아파트,127.0350817617,37.6597398904,11320,도봉구
10178,쌍문동청구아파트,127.0348107133,37.6596243231,11320,도봉구
10179,샘말어린이공원,127.0318158985,37.6686672058,11320,도봉구
10180,방학중학교정문,127.034428,37.666488,11320,도봉구
10181,방학중학교정문,127.0341413947,37.6665470787,11320,도봉구
10182,신한은행방학동지점,127.0372935845,37.6634557599,11320,도봉구
10183,신한은행방학동지점,127.037197641,37.6632312342,11320,도봉구
10184,연산군.정의공주묘,127.02332141,37.6617317184,11320,도봉구
10185,연산군.정의공주묘,127.0231445962,37.6620015247,11320,도봉구
10186,방학동신동아타워,127.028111025,37.6616802914,11320,도봉구
10187,방학동신동아타워,127.028692,37.662028,11320,도봉구
10188,방학3동신동아프라자,127.027558,37.661225,11320,도봉구
10189,방학동신동아아파트,127.0313834612,37.6619831294,11320,도봉구
10190,방학동신동아아파트,127.03202,37.662362,11320,도봉구
10191,방학초등학교,127.0342414798,37.6623619933,11320,도봉구
10192,방학초등학교,127.034113,37.662595,11320,도봉구
10193,신한은행방학동지점,127.037002395,37.6626546059,11320,도봉구
10194,신한은행방학동지점,127.036807,37.662933,11320,도봉구
10195,방학사거리,127.0406167927,37.6627158579,11320,도봉구
10196,방학사거리,127.0403874289,37.6629772212,11320,도봉구
10197,서울문화고등학교,127.046309519,37.6628720833,11320,도봉구
10198,서울문화고등학교,127.047821244,37.662343449,11320,도봉구
10199,서울문화고등학교,127.0480629127,37.6626297182,11320,도봉구
10200,쌍문동청한빌라,127.0150062055,37.6574593323,11320,도봉구
10201,쌍문동청한빌라,127.014762,37.657732,11320,도봉구
10202,쌍문동우이빌라,127.0190078891,37.6572501084,11320,도봉구
10203,쌍문동우이빌라,127.0180163153,37.6574304604,11320,도봉구
10204,초당초등학교,127.0230480688,37.6574025551,11320,도봉구
10205,초당초등학교,127.022295,37.657531,11320,도봉구
10206,방학동우성아파트,127.0242705926,37.6574046264,11320,도봉구
10207,방학동우성.청구아파트,127.0251,37.657656,11320,도봉구
10208,방학3동신동아프라자,127.0277400677,37.6608342669,11320,도봉구
10209,방학3동주민센터,127.0276286112,37.6598133715,11320,도봉구
10210,쌍문동금호타운2차.성원아파트,127.0289334878,37.6576477672,11320,도봉구
10211,쌍문동성원.금호타운2차아파트,127.0287373024,37.6578472924,11320,도봉구
10212,쌍문동한양.현대아파트,127.0314515194,37.6578398426,11320,도봉구
10213,쌍문동현대.한양아파트,127.0313205806,37.6580003804,11320,도봉구
10214,쌍문동삼익.금호1차아파트,127.0347919771,37.658048383,11320,도봉구
10215,쌍문동금호1차.삼익아파트,127.0345433384,37.6582514168,11320,도봉구
10216,도봉구보건소앞,127.0375306952,37.6572458182,11320,도봉구
10217,도봉구보건소앞,127.0375891737,37.6574389797,11320,도봉구
10218,북서울교회,127.0136533178,37.6572562221,11320,도봉구
10219,서라벌중학교.우이동대우아파트,127.013223,37.655025,11320,도봉구
10220,창동119안전센터,127.0437915624,37.6463788339,11320,도봉구
10221,덕성여대입구,127.013138,37.65106,11320,도봉구
10222,쌍문초등학교,127.0256814814,37.6469743334,11320,도봉구
10223,쌍문초등학교,127.02539,37.647095,11320,도봉구
10224,숭미초등학교,127.027789,37.649556,11320,도봉구
10225,숭미초등학교,127.027819184,37.6498332726,11320,도봉구
10226,둘리뮤지엄.대우이안극동아파트,127.02842575,37.6517710532,11320,도봉구
10227,둘리뮤지엄.대우이안극동아파트,127.0282645929,37.6515270149,11320,도봉구
10228,창동주공1단지,127.0410046287,37.6542705499,11320,도봉구
10229,창동주공1단지아파트,127.0408838385,37.6536699078,11320,도봉구
10231,서울북부지방법원등기국,127.044525,37.651106,11320,도봉구
10232,서울북부지방법원등기국,127.0445412495,37.6514245604,11320,도봉구
10234,창동역서측,127.0461227769,37.652335845,11320,도봉구
10235,창4동주민센터,127.0523314066,37.6525121272,11320,도봉구
10236,창4동주민센터,127.0519925342,37.6527469996,11320,도봉구
10241,창동주공4단지,127.0482244126,37.6451010377,11320,도봉구
10242,창동주공4단지,127.0480754907,37.6453057413,11320,도봉구
10244,도봉문화정보도서관,127.0443542991,37.6440866968,11320,도봉구
10245,도봉문화정보도서관,127.0440281367,37.6442125083,11320,도봉구
10246,창림초교.창동신창아파트앞,127.0410384214,37.6415355739,11320,도봉구
10247,창림초교.창동신창아파트앞,127.0407268539,37.6416284932,11320,도봉구
10248,국립현대미술관창동레지던시,127.0394443113,37.6398501948,11320,도봉구
10249,국립현대미술관창동레지던시,127.0395396001,37.640398878,11320,도봉구
10250,창동서울탁주앞,127.0373826795,37.637707889,11320,도봉구
10251,창동서울탁주앞,127.036931039,37.6375883927,11320,도봉구
10252,창2동건영캐스빌아파트,127.0336397512,37.6408990489,11320,도봉구
10253,창2동건영캐스빌아파트,127.033467,37.640778,11320,도봉구
10256,창2동한일아파트,127.037265,37.64619,11320,도봉구
10257,창1동제1공영주차장입구,127.037607982,37.6463797917,11320,도봉구
10258,한신아파트101동앞,127.034828,37.646023,11320,도봉구
10259,KT도봉지점,127.0351240039,37.6461924766,11320,도봉구
10260,창동청구빌라,127.039732,37.64608,11320,도봉구
10261,창동청구빌라,127.0395258217,37.6461243931,11320,도봉구
10262,창림초등학교후문,127.040517,37.643092,11320,도봉구
10263,창림초등학교후문.창동보건지소,127.040407,37.642856,11320,도봉구
10264,창동대우아파트,127.0367159557,37.6426101856,11320,도봉구
10265,창동역1번출구(도봉방면),127.0499897686,37.6539743778,11320,도봉구
10266,창동역1번출구(노원방면),127.0501720008,37.6536576919,11320,도봉구
10269,서울가든아파트앞,127.0442008606,37.6469310032,11320,도봉구
10270,창1동주민센터,127.0430117184,37.6487636037,11320,도봉구
10271,창1동주민센터,127.0427791548,37.6487341017,11320,도봉구
10272,창동주공3단지,127.0417180955,37.6509982018,11320,도봉구
10273,창동주공3단지,127.0414767297,37.6513229545,11320,도봉구
10276,세그루학원,127.0279900823,37.6565423713,11320,도봉구
10277,세그루학원,127.0278333324,37.6556242091,11320,도봉구
10278,창동주공17단지,127.0537656741,37.6457412104,11320,도봉구
10279,창동주공17단지,127.0536101559,37.6461055626,11320,도봉구
10280,창3동염광아트필,127.042349857,37.6344925058,11320,도봉구
10281,창3동염광아트빌,127.0425216938,37.6344040379,11320,도봉구
10282,한승미메이드아파트,127.043671308,37.6332317689,11350,노원구
10283,한승미메이드아파트,127.0435059071,37.6331768963,11350,노원구
10284,북서울농협창동지점,127.0414905637,37.6341093323,11320,도봉구
10285,북서울농협창동지점,127.0412154818,37.6338519893,11320,도봉구
10286,신화초교입구,127.0402309119,37.6337044602,11320,도봉구
10287,신화초교입구,127.0400822024,37.6334072452,11320,도봉구
10292,서울외국어고등학교,127.052529,37.645154,11320,도봉구
10293,서울외국어고등학교,127.0527023636,37.6452469971,11320,도봉구
10294,방학동도깨비시장입구,127.0368156452,37.6652984161,11320,도봉구
10295,거성학마을아파트,127.0383406047,37.6663430678,11320,도봉구
10296,도봉새마을금고본점,127.0412481803,37.667145875,11320,도봉구
10297,창5동현대아파트,127.040400444,37.6556229537,11320,도봉구
10298,창5동현대1차아파트,127.040602,37.65587,11320,도봉구
10299,창동아이파크,127.0467532395,37.6616031259,11320,도봉구
10301,창번교,127.0384278157,37.6354839138,11320,도봉구
10302,방학3동주민센터,127.0279037943,37.6591681347,11320,도봉구
10303,도봉동서광아파트,127.0494617013,37.6781990171,11320,도봉구
10304,방학교,127.04192,37.661947,11320,도봉구
10305,창동고등학교.창북중학교,127.0384575543,37.6513664604,11320,도봉구
10306,정의여중고입구,127.0331370812,37.6510121866,11320,도봉구
10309,도깨비시장,127.035503,37.665505,11320,도봉구
10310,방학동도깨비시장,127.0353281335,37.6654565426,11320,도봉구
10311,태영데시앙아파트,127.0324449266,37.642384365,11320,도봉구
10312,창번교앞,127.03822395,37.6354686365,11320,도봉구
10313,금용아파트,127.0351770744,37.637736706,11320,도봉구
10314,창번2교앞,127.034453,37.63859,11320,도봉구
10315,대우아파트104동,127.038349191,37.6432566421,11320,도봉구
10317,도봉산입구,127.0406896745,37.6872224695,11320,도봉구
10320,샘말어린이공원,127.031945,37.668748,11320,도봉구
10321,안방학동종점,127.0299513375,37.6690677721,11320,도봉구
10325,강북씨앤지,127.013997,37.658907,11320,도봉구
10330,창동.신창시장,127.0384760994,37.6388467098,11320,도봉구
10331,신창.창동시장,127.0384574781,37.6392573593,11320,도봉구
10333,안방학동,127.0330084504,37.6676173155,11320,도봉구
10334,안방학동,127.0328952262,37.6678876413,11320,도봉구
10335,창동농협물류센터,127.0500740655,37.6548140039,11320,도봉구
10336,태영데시앙아파트,127.0317878535,37.6426266528,11320,도봉구
10337,방학중학교,127.032370012,37.6667335659,11320,도봉구
10339,도봉산역광역환승센터,127.0444996062,37.6898762161,11320,도봉구
10340,도봉산역광역환승센터,127.0443522431,37.6899483575,11320,도봉구
10341,도봉산역광역환승센터,127.044267,37.690177,11320,도봉구
10342,한국사회봉사회,127.0147587067,37.6618138354,11305,강북구
10343,한국사회봉사회,127.0146769048,37.6621633293,11305,강북구
10411,창동교,127.0532459112,37.6517301155,11320,도봉구
10412,창동교,127.0534954867,37.6521106678,11320,도봉구
10413,녹천교,127.0545213045,37.6447333973,11320,도봉구
10414,녹천교,127.0549455285,37.6450286435,11320,도봉구
10501,창동역동측,127.049906,37.653604,11320,도봉구
10502,도봉여성센터,127.0302537587,37.6628827003,11320,도봉구
10503,한일병원,127.0284574972,37.645868972,11320,도봉구
10504,동익아파트,127.0252305774,37.6506949897,11320,도봉구
10505,꽃동네,127.022498822,37.6527572122,11320,도봉구
10509,한일병원입구,127.0286428437,37.6445614593,11320,도봉구
10510,용호약국,127.025211064,37.6499633172,11320,도봉구
10511,에덴약국,127.0233665374,37.6514369621,11320,도봉구
10512,청한빌라,127.0151682419,37.6572646786,11320,도봉구
10513,신창교,127.039682,37.633019,11320,도봉구
10514,신화초교.초안아파트,127.041467,37.631585,11320,도봉구
10515,사거리슈퍼,127.0258093606,37.6497379178,11320,도봉구
10516,쌍문1동현대아파트,127.0226715612,37.6505864786,11320,도봉구
10517,우이성당,127.0157323897,37.6556918915,11320,도봉구
10519,방학신동아1단지.방학3동주민센터,127.027717,37.658726,11320,도봉구
10521,믿음주유소,127.0265163993,37.6493746259,11320,도봉구
10522,오복슈퍼,127.0231778182,37.6495384245,11320,도봉구
10526,쌍문1동주민센터,127.0263788608,37.6482095603,11320,도봉구
10527,코오롱아파트.덕성여대기숙사,127.0229271728,37.6489176294,11320,도봉구
10528,덕성여대후문.효문중고교앞,127.0171019004,37.6526914381,11320,도봉구
10529,창동아이파크,127.0478602057,37.6612378102,11320,도봉구
10531,도봉구보건소앞,127.0377806894,37.6573821506,11320,도봉구
10532,쌍문초등학교,127.025011037,37.6476490168,11320,도봉구
10533,쌍문1치안센터,127.0202835758,37.6500958249,11320,도봉구
10535,신일라이프아파트,127.0294951701,37.6506912973,11320,도봉구
10536,시립도봉노인종합복지관,127.0355267033,37.6581010105,11320,도봉구
10537,경기푸른미래관,127.0219691394,37.6495484449,11320,도봉구
10540,방학삼성래미안1단지아파트,127.0462737888,37.6673955059,11320,도봉구
10541,소피아호텔,127.0349113945,37.651121436,11320,도봉구
10542,쌍문동현대1차아파트,127.0323860104,37.6580622671,11320,도봉구
10546,미래빌라,127.0264643918,37.6479708013,11320,도봉구
10549,도봉중학교.서원아파트,127.0457717409,37.6712739361,11320,도봉구
10551,성원아파트,127.0301168678,37.6579159925,11320,도봉구
10553,세무서앞,127.0509355099,37.6532890093,11320,도봉구
10554,도봉아테라,127.046838,37.673302,11320,도봉구
10557,선덕사거리.세그루학원입구,127.028285241,37.657803811,11320,도봉구
10561,오봉초등학교,127.039825,37.671146,11320,도봉구
10563,방학3동주민센터,127.0274082286,37.6584636075,11320,도봉구
10564,청구아파트,127.0265443002,37.6577150088,11320,도봉구
10565,엘지전자,127.0313946417,37.6508502983,11320,도봉구
10568,시온슈퍼,127.0409094029,37.6728138601,11320,도봉구
10569,창성빌라,127.040308972,37.6441949149,11320,도봉구
10570,김수영문학관,127.0251961284,37.6594246503,11320,도봉구
10572,서울북부지방법원,127.0492414111,37.677670178,11320,도봉구
10573,부부슈퍼,127.0425393678,37.6744514399,11320,도봉구
10575,벽산아파트,127.0249781408,37.6583226778,11320,도봉구
10578,삼거리슈퍼,127.0436465315,37.675670191,11320,도봉구
10580,방학3동주민센터,127.0268961094,37.6582856906,11320,도봉구
10582,믿음주유소,127.0266535322,37.6493926166,11320,도봉구
10583,쌍문초등학교,127.0249119482,37.6478292345,11320,도봉구
10585,도봉역,127.0457799763,37.6809875292,11320,도봉구
10586,성황당,127.043765,37.677162,11320,도봉구
10587,창2동주민센터,127.0356230477,37.6422156092,11320,도봉구
10588,금호타운,127.0293879937,37.6576773905,11320,도봉구
10590,사거리슈퍼앞,127.0259102437,37.6497982681,11320,도봉구
10592,대우.삼성서비스센터,127.0471188426,37.6831304492,11320,도봉구
10593,도봉1동주민센터.럭키아파트,127.043708,37.678797,11320,도봉구
10594,창2동건영아파트,127.0337768025,37.6407674519,11320,도봉구
10597,용호약국,127.0251555744,37.6500858758,11320,도봉구
10598,오복슈퍼,127.0232469679,37.6496014864,11320,도봉구
10599,도봉경찰서.창4동주민센터,127.0516851003,37.6523110123,11320,도봉구
10600,유원.극동아파트,127.048895,37.682771,11320,도봉구
10604,도봉1파출소,127.0436413702,37.6795203048,11320,도봉구
10612,쌍문동한양아파트,127.0325684045,37.657868485,11320,도봉구
10617,거성학마을아파트,127.0378894716,37.6662550301,11320,도봉구
10637,쌍문1동현대아파트,127.0227440715,37.6505188837,11320,도봉구
10638,한신아파트후문,127.0495039881,37.6838280147,11320,도봉구
10657,창동고등학교.창북중학교,127.0381460822,37.6515935012,11320,도봉구
10667,윤성빌라.다리앞,127.0423594433,37.6790145516,11320,도봉구
10697,에덴약국,127.0234515159,37.6513747708,11320,도봉구
10698,도봉파크빌2단지,127.0515734531,37.6842317103,11320,도봉구
10700,녹천북부역,127.0505872975,37.6456721729,11320,도봉구
10701,창1동대우그린아파트,127.0486325542,37.6469959833,11320,도봉구
10702,창일중학교,127.047867374,37.6486610411,11320,도봉구
10703,창동역서측,127.0463383955,37.6523291893,11320,도봉구
10704,상아아파트,127.0432189107,37.6530582958,11320,도봉구
10705,옛고을길입구,127.0315854369,37.6508570874,11320,도봉구
10706,창일중학교,127.0473969976,37.6491535465,11320,도봉구
10707,주공4단지후문,127.0483171871,37.646858824,11320,도봉구
10710,창동아이파크,127.0471636659,37.660954256,11320,도봉구
10711,북한산아이파크,127.0419096759,37.6591925682,11320,도봉구
10713,북한산아이파크,127.0421159066,37.6590798301,11320,도봉구
10714,창동아이파크,127.0474980379,37.66103779,11320,도봉구
10722,도봉초등학교,127.0407189028,37.6784717098,11320,도봉구
10726,도봉구보건소앞,127.0376989713,37.6571578082,11320,도봉구
10734,경기푸른미래관,127.0220348239,37.6496562587,11320,도봉구
10735,서원아파트,127.0466777586,37.6716952848,11320,도봉구
10736,창동이마트,127.0461708888,37.6513329248,11320,도봉구
10737,누원고등학교.한신아파트정문,127.0509577365,37.6858016495,11320,도봉구
10740,서울문화고등학교,127.04668,37.663889,11320,도봉구
10744,부대앞,127.0389713981,37.6781182487,11320,도봉구
10745,소피아호텔,127.0351189022,37.6513619627,11320,도봉구
10747,청구아파트,127.0264127549,37.6575159,11320,도봉구
10754,쌍문1치안센터,127.0204615261,37.6501841,11320,도봉구
10757,무수골,127.0361868209,37.6777532993,11320,도봉구
10775,정의여중고,127.0331242114,37.6512012464,11320,도봉구
10777,덕성여대후문.효문중고교앞,127.0172526514,37.6527716123,11320,도봉구
10778,부대앞,127.0390076255,37.6780200195,11320,도봉구
10779,신일라이프아파트,127.0298771931,37.6509462068,11320,도봉구
10780,약초원.동아슈퍼,127.0160925096,37.6545604185,11320,도봉구
10781,도봉초등학교,127.0404396652,37.6783177932,11320,도봉구
10783,우이1교,127.0317544179,37.6439330888,11320,도봉구
10784,우이성당,127.0157596144,37.6560328264,11320,도봉구
10785,엘지전자,127.0313539323,37.6510629639,11320,도봉구
10786,한신아파트정문,127.0504502354,37.6864731679,11320,도봉구
10787,윤성빌라.다리앞,127.0423843417,37.6789379513,11320,도봉구
10789,한일병원입구,127.0291719949,37.6444216622,11320,도봉구
10790,청한빌라,127.0152985919,37.6573106168,11320,도봉구
10791,도봉파크빌3단지,127.0493865639,37.6879883235,11320,도봉구
10792,도봉1파출소,127.0433971197,37.6795575228,11320,도봉구
10797,도봉1동주민센터.럭키아파트,127.0435711769,37.6786374607,11320,도봉구
10798,신동아아파트16동,127.027803303,37.6601962887,11320,도봉구
10799,도봉산역,127.0466117182,37.6893500743,11320,도봉구
10800,성황당,127.043655,37.677164,11320,도봉구
10802,도봉파크빌3단지,127.0491450189,37.6879397664,11320,도봉구
10803,삼거리슈퍼,127.043556,37.675563,11320,도봉구
10804,대원그린아파트.도봉실버센터,127.0276624996,37.6625589484,11320,도봉구
10805,부부슈퍼,127.042039,37.674166,11320,도봉구
10806,신방학중학교,127.0282160499,37.6636518246,11320,도봉구
10807,시온슈퍼,127.041004,37.673049,11320,도봉구
10808,방학중학교,127.0325922954,37.6666528006,11320,도봉구
10809,오봉초등학교,127.0397113391,37.6710355447,11320,도봉구
10810,누원고등학교.한신아파트정문,127.0506753264,37.6856747197,11320,도봉구
10812,도봉파크빌2단지앞,127.0513389756,37.6841482332,11320,도봉구
10813,도봉중학교.서원아파트,127.0463167964,37.6705522883,11320,도봉구
10814,극동.유원아파트후문,127.050685298,37.6820001335,11320,도봉구
10816,삼환아파트후문,127.0495741502,37.6802200817,11320,도봉구
10817,도봉롯데캐슬골든파크,127.045975,37.667546,11320,도봉구
10818,삼환.동아에코빌아파트,127.0475733049,37.6805570067,11320,도봉구
10819,대상타운현대아파트,127.046203333,37.6657951567,11320,도봉구
10821,서울문화고등학교,127.0464770451,37.6639683106,11320,도봉구
10822,서울북부지방법원,127.0485936182,37.6769856293,11320,도봉구
10826,서울북부지방검찰청.한양수자인아파트,127.0470617037,37.6747299568,11320,도봉구
10828,하나약국,127.046473053,37.6724630827,11320,도봉구
10831,한신아파트정문,127.0500737384,37.6866129511,11320,도봉구
10834,약초원.동아슈퍼,127.0160182342,37.6542863205,11320,도봉구
10836,코오롱아파트.덕성여대기숙사,127.0232739332,37.6488535848,11320,도봉구
10838,법종사,127.0183105701,37.6572458455,11320,도봉구
10841,효문중학교,127.0186268132,37.6515334353,11320,도봉구
10842,효문중학교,127.0183803349,37.6514951821,11320,도봉구
10843,도봉중학교후문,127.0450448623,37.6711168303,11320,도봉구
10997,방학동도깨비시장입구,127.036319008,37.6651868464,11320,도봉구
10999,도봉새마을금고본점,127.0403849917,37.6673886582,11320,도봉구
11101,공릉시장,127.0741781792,37.6227408373,11350,노원구
11102,공릉시장,127.0736211764,37.6231160369,11350,노원구
11103,태릉입구역4번출구,127.0752002532,37.6195890997,11350,노원구
11104,태릉입구역3번출구,127.0748409839,37.6194253308,11350,노원구
11105,태릉입구역1번출구,127.0743733189,37.6174050827,11350,노원구
11106,태릉입구역8번출구,127.0745338498,37.6170160254,11350,노원구
11107,공릉1동삼익아파트,127.0727577135,37.6179507657,11350,노원구
11108,공릉초등학교,127.0735465403,37.6186521132,11350,노원구
11109,대주아파트,127.0719631752,37.6213166942,11350,노원구
11110,공릉행복발전소,127.0723921996,37.6221490333,11350,노원구
11111,공릉대아2차아파트,127.0713043223,37.6229904068,11350,노원구
11112,서울창업디딤터,127.0781312929,37.6197132662,11350,노원구
11113,경춘선숲길.토끼굴앞,127.0796853957,37.6192099264,11350,노원구
11114,주유소앞다운복지관,127.0797927204,37.6189463149,11350,노원구
11115,서울창업디딤터,127.0783739499,37.6188796917,11350,노원구
11116,서울생활사박물관.농협앞,127.0779971246,37.6186839765,11350,노원구
11117,태릉입구역7번출구.서울생활사박물관,127.0766766891,37.6178559331,11350,노원구
11118,화랑대역1번출구,127.0832854305,37.6197810079,11350,노원구
11119,공연초등학교,127.0761279796,37.6268143537,11350,노원구
11120,공릉역,127.0741277355,37.6259822146,11350,노원구
11121,서울과학기술대앞,127.0761457452,37.6303484607,11350,노원구
11122,동신아파트,127.0775731645,37.6276288051,11350,노원구
11123,현대성우아파트,127.0777061051,37.6274687926,11350,노원구
11124,동부아파트,127.0785188231,37.6273894182,11350,노원구
11125,한보아파트.삼익아파트,127.0804798611,37.6275466907,11350,노원구
11126,삼익아파트.한보아파트,127.0800990621,37.6273433068,11350,노원구
11127,원자력병원,127.0820911679,37.628407354,11350,노원구
11128,원자력병원입구,127.0794578764,37.6262715664,11350,노원구
11129,안마을,127.0795189611,37.6234578543,11350,노원구
11130,두산힐스빌아파트,127.0788883617,37.6213870578,11350,노원구
11131,두산힐스빌아파트,127.079046912,37.6213409964,11350,노원구
11132,안마을,127.0794300566,37.6236970732,11350,노원구
11133,원자력병원.공릉해링턴플레이스,127.0850407835,37.6282670614,11350,노원구
11134,공릉해링턴플레이스,127.0853188634,37.6271440983,11350,노원구
11135,공릉우방아파트,127.086035,37.626095,11350,노원구
11136,태릉해링턴플레이스아파트,127.0859251214,37.625334513,11350,노원구
11137,화랑타운아파트,127.086747,37.623608,11350,노원구
11138,청솔8단지아파트,127.0865288069,37.623300094,11350,노원구
11139,화랑대역2번출구,127.083590654,37.6202214222,11350,노원구
11140,화랑대사거리,127.088121412,37.6218122867,11350,노원구
11141,화랑대사거리,127.0878830552,37.6219733458,11350,노원구
11142,경춘선숲길.화랑대철도공원,127.0911284809,37.623843981,11350,노원구
11143,경춘선숲길.화랑대철도공원,127.0902613846,37.6235352001,11350,노원구
11144,서울여대.육군사관학교행정안내소,127.0947361313,37.6259021468,11350,노원구
11145,서울여대.육군사관학교행정안내소,127.0945526831,37.6261675083,11350,노원구
11146,태릉국제사격장,127.0962777688,37.6276474938,11350,노원구
11147,태릉국제사격장,127.0961867051,37.6281945254,11350,노원구
11148,태릉,127.0985753415,37.6301893532,11350,노원구
11149,태릉,127.098258,37.63046,11350,노원구
11150,태릉선수촌,127.1032736039,37.633302178,11350,노원구
11151,태릉선수촌,127.1035996118,37.6338984084,11350,노원구
11152,태릉국제스케이트장,127.1062793991,37.6355918609,11350,노원구
11153,태릉국제스케이트장,127.1053040519,37.6351530701,11350,노원구
11154,삼육대앞,127.1084328965,37.6384153875,11350,노원구
11155,삼육대앞,127.1083937637,37.638787998,11350,노원구
11156,담터고개,127.1111217141,37.6408998623,11350,노원구
11157,원자력병원.공릉동삼익2차아파트,127.0797928224,37.6260432496,11350,노원구
11158,예수사랑교회,127.0871773715,37.6223048363,11350,노원구
11159,서울과학기술대입구교차로,127.071801265,37.6284740985,11350,노원구
11160,서울과학기술대입구교차로,127.0713744537,37.6283444968,11350,노원구
11161,공릉역1번출구,127.0727039269,37.626690375,11350,노원구
11162,공릉역4번출구,127.0723130282,37.6266095264,11350,노원구
11163,공릉신도2차아파트,127.0713064945,37.6253915545,11350,노원구
11164,공릉대동2차아파트,127.0710519858,37.6268706243,11350,노원구
11165,공릉대동2차아파트,127.0707517862,37.6271292281,11350,노원구
11166,노원문화원,127.0699476545,37.6283778949,11350,노원구
11167,노원문화원,127.0698345772,37.6286113424,11350,노원구
11168,용원초등학교,127.0687125746,37.6286591696,11350,노원구
11169,용원초등학교,127.0686697345,37.628269518,11350,노원구
11170,공릉동동신아파트앞,127.0775443672,37.6282300863,11350,노원구
11171,공릉2단지,127.0675701967,37.6306397464,11350,노원구
11172,서울과학기술대학교후문,127.0831052478,37.6311208645,11350,노원구
11173,영화교회,127.0716994523,37.6305719879,11350,노원구
11174,서울과학기술대학교후문,127.0832993935,37.632515003,11350,노원구
11175,공릉삼익아파트,127.0733714013,37.6294796422,11350,노원구
11176,공연초등학교,127.0755405228,37.6267236629,11350,노원구
11177,공릉역,127.0736172131,37.6259895946,11350,노원구
11178,공릉1단지후문,127.0697006293,37.631316499,11350,노원구
11180,상계주공9단지,127.0584559747,37.6629604016,11350,노원구
11181,노원고등학교,127.0545329249,37.6613205166,11350,노원구
11182,임광아파트상가,127.057463,37.661178,11350,노원구
11183,상계주공7단지,127.059198,37.660294,11350,노원구
11184,대림아파트상가,127.0586794778,37.6603435605,11350,노원구
11185,도봉면허시험장,127.0599658724,37.6574468479,11350,노원구
11186,도봉면허시험장,127.0595396275,37.6573380333,11350,노원구
11187,상계10동주민센터.주공7단지,127.0598156383,37.6609052625,11350,노원구
11188,상계주공7단지.광림교회앞,127.0626050014,37.6605619018,11350,노원구
11189,상계10동우체국,127.0628214067,37.6607333963,11350,노원구
11190,청원고등학교,127.0617198674,37.6650492388,11350,노원구
11191,마들역.상계주공9단지,127.058796161,37.6645767657,11350,노원구
11192,온곡중학교.노원중앙도서관,127.0645319222,37.6595872028,11350,노원구
11193,온곡중학교.노원중앙도서관,127.064476727,37.6592927621,11350,노원구
11194,도심공항수락터미널.두산아파트,127.0531830061,37.6787167696,11350,노원구
11195,두산아파트.도심공항수락터미널,127.0533188837,37.6785004733,11350,노원구
11196,수락산역3번출구,127.0555614524,37.6771708775,11350,노원구
11197,수락산역4번출구,127.0551013061,37.6773540117,11350,노원구
11198,노일초등학교,127.0552560424,37.6735135543,11350,노원구
11199,노원초등학교,127.055873,37.672774,11350,노원구
11200,상계현대2차아파트,127.0509549057,37.6717178437,11350,노원구
11201,상경초등학교.상계현대3차아파트,127.0525754362,37.6709521187,11350,노원구
11203,수락리버시티아파트,127.0556485232,37.6890118581,11350,노원구
11204,수락중고등학교,127.0552708957,37.6828387764,11350,노원구
11205,수락중고등학교,127.0555582132,37.6829300008,11350,노원구
11206,은빛아파트2단지,127.0552746136,37.6802094382,11350,노원구
11207,홍파복지원.수락산벨리체아파트,127.0555052094,37.6802608778,11350,노원구
11208,상계초등학교,127.0659938755,37.6576160971,11350,노원구
11209,상계초등학교,127.065903645,37.6581049302,11350,노원구
11210,노원역9번출구,127.0619864543,37.6560911065,11350,노원구
11211,노원역1번출구,127.063365,37.656202,11350,노원구
11212,롯데백화점노원점.노원역4번출구,127.062274,37.65483,11350,노원구
11213,와우패션클럽,127.0638662325,37.655191203,11350,노원구
11214,중앙하이츠2차아파트,127.067488,37.654692,11350,노원구
11215,상계중학교정문,127.0681368524,37.6525896504,11350,노원구
11216,상계중학교,127.0694249362,37.6515820512,11350,노원구
11217,코오롱아파트.양지대림아파트,127.0707159998,37.652497575,11350,노원구
11218,상계119안전센터,127.0715548974,37.6540787526,11350,노원구
11219,상계119안전센터,127.0718383476,37.6542272425,11350,노원구
11220,노원수학문화관,127.0716616354,37.6575511709,11350,노원구
11221,노원수학문화관,127.0718498531,37.6577519815,11350,노원구
11222,상계중앙시장입구,127.070695,37.658467,11350,노원구
11223,상계중앙시장입구,127.070632802,37.6586382774,11350,노원구
11224,흥안운수종점,127.0809233223,37.6697664795,11350,노원구
11225,흥안운수종점,127.0805894157,37.6696689099,11350,노원구
11226,불암현대아파트,127.0793552115,37.6682034017,11350,노원구
11227,동아불암아파트,127.0777874472,37.6661480625,11350,노원구
11228,동아불암아파트,127.0787107626,37.6670483264,11350,노원구
11229,노원롯데캐슬시그니처아파트,127.0771188688,37.6648599952,11350,노원구
11230,노원롯데캐슬시그니처아파트,127.0769489531,37.6649502043,11350,노원구
11231,상계불암대림아파트,127.0761169302,37.6631758119,11350,노원구
11232,흥안운수상계4동종점,127.0825488607,37.6709176644,11350,노원구
11233,상계역사거리,127.0721269911,37.6597433281,11350,노원구
11234,상신교회,127.070768,37.661312,11350,노원구
11235,상신교회,127.070903,37.661425,11350,노원구
11236,계상초등학교,127.0689792332,37.6628310717,11350,노원구
11237,상계5동주민센터,127.0691876995,37.6628644876,11350,노원구
11238,상계한신2차아파트,127.066944,37.664199,11350,노원구
11239,상계한신2차아파트,127.0666569148,37.6644437316,11350,노원구
11240,상계역5번출구.상계벽산아파트,127.0734913289,37.661292174,11350,노원구
11241,당고개입구오거리,127.0753601646,37.6629352854,11350,노원구
11242,상계2동주민센터,127.0677787534,37.657570036,11350,노원구
11243,벽산아파트103동,127.0718982879,37.6605656133,11350,노원구
11244,노원역6번출구.상계주공3단지,127.0610352252,37.6519422405,11350,노원구
11245,상계주공2단지,127.0617372427,37.6493744118,11350,노원구
11246,상계주공1단지.한국성서대학교,127.062780841,37.6473083568,11350,노원구
11247,마들근린공원.노원에코센터,127.0594958083,37.6450508428,11350,노원구
11248,마들근린공원.노원에코센터,127.0595368052,37.6452860969,11350,노원구
11250,노원구청.상계6동우체국,127.0581486869,37.6539307032,11350,노원구
11251,노원구청,127.0572410143,37.6542764042,11350,노원구
11252,노원구청,127.0574869763,37.6543087235,11350,노원구
11253,상계주공2단지223동,127.056992054,37.6479063362,11350,노원구
11254,상계주공2단지203동,127.0604208967,37.6511093271,11350,노원구
11255,노원역5번출구.상계주공6단지,127.0611445117,37.65318414,11350,노원구
11256,상계주공4단지,127.0617647168,37.6507752318,11350,노원구
11257,백병원.한국성서대학교,127.06288209,37.6480182386,11350,노원구
11260,상계6.7동주민센터,127.06720443,37.6544207283,11350,노원구
11261,상계중학교,127.0678156944,37.6523542041,11350,노원구
11262,상계2동주민센터,127.0674898279,37.6576377753,11350,노원구
11266,상경초등학교,127.0520711414,37.6707971529,11350,노원구
11267,상계주공15단지,127.0565591686,37.6682902974,11350,노원구
11268,마들역,127.05742,37.665283,11350,노원구
11269,상계주공10단지,127.0582161724,37.6621441437,11350,노원구
11270,노원고등학교,127.0544628693,37.6616899164,11350,노원구
11271,상계주공10단지상가,127.0576004621,37.6614240662,11350,노원구
11272,상계주공14단지,127.056828,37.669103,11350,노원구
11273,마들역,127.057562,37.666492,11350,노원구
11274,보람아파트1단지,127.0654519677,37.6644083632,11350,노원구
11275,보람아파트2단지,127.0643815398,37.6647816002,11350,노원구
11276,청원고등학교,127.0616145996,37.6652295093,11350,노원구
11277,상계주공12단지1202동,127.0597893905,37.6649222801,11350,노원구
11278,광운대역,127.061673,37.622578,11350,노원구
11279,광운대역,127.0618283741,37.6226060942,11350,노원구
11280,월계현대아파트,127.0633583399,37.6198348679,11350,노원구
11281,월계현대아파트,127.063400106,37.6193189084,11350,노원구
11282,월계1동경로당,127.0641713213,37.617162878,11350,노원구
11283,석계역1번출구.A,127.065197,37.61493,11350,노원구
11284,석계역2번출구,127.0669732146,37.615274256,11350,노원구
11285,광운대학교,127.058639,37.62022,11350,노원구
11286,월계삼거리,127.0600070288,37.6226677969,11350,노원구
11291,청백아파트1단지,127.052187,37.635412,11350,노원구
11292,대우아파트,127.0521635327,37.6331096709,11350,노원구
11293,청백아파트3단지4단지,127.050831,37.632041,11350,노원구
11294,청백아파트3단지4단지,127.051035,37.631656,11350,노원구
11295,초안아파트.흥화브라운빌아파트,127.0443046725,37.632069829,11350,노원구
11296,흥화브라운빌아파트.초안아파트,127.0440640682,37.6322996705,11350,노원구
11297,쌍용스윗닷홈아파트,127.0454252205,37.6303980739,11350,노원구
11298,신창중학교후문,127.0473977009,37.6279668876,11350,노원구
11299,신창중학교후문,127.0472744107,37.6279194677,11350,노원구
11300,염광고등학교,127.0503112065,37.6275401275,11350,노원구
11301,염광고등학교,127.0502378296,37.627301235,11350,노원구
11302,월계주공1단지상가,127.051625114,37.6266902177,11350,노원구
11303,월계공단,127.0518546625,37.6271301634,11350,노원구
11304,월계종합사회복지관,127.052594232,37.6274894153,11350,노원구
11305,월계종합사회복지관,127.0527726487,37.6274848307,11350,노원구
11306,월계주공2단지,127.0538076332,37.6283500757,11350,노원구
11307,월계주공1단지,127.0541042987,37.6282861056,11350,노원구
11308,인덕대학교.월계도서관,127.0551761985,37.6286565922,11350,노원구
11309,인덕대학교.월계도서관,127.0554101788,37.6286706713,11350,노원구
11310,월계주공108동앞.롯데캐슬루나아파트,127.0525926058,37.6261891646,11350,노원구
11311,인덕대학교후문입구,127.0552744331,37.6279837976,11350,노원구
11312,월릉교앞.한진한화그랑빌아파트,127.0692324274,37.6158054934,11350,노원구
11313,한진한화그랑빌아파트,127.0698588736,37.6182551734,11350,노원구
11314,한천초등학교,127.0698707848,37.6194526551,11350,노원구
11315,한천초등학교,127.0699692449,37.619986091,11350,노원구
11316,월계동대우아파트,127.052193,37.633037,11350,노원구
11317,월계미성아파트,127.0693433176,37.6216829103,11350,노원구
11318,월계미륭아파트,127.068392,37.62317,11350,노원구
11319,월계미륭아파트,127.068603,37.623325,11350,노원구
11320,월계삼호아파트,127.0672913812,37.6251751879,11350,노원구
11321,월계삼호아파트,127.0675294239,37.6253210274,11350,노원구
11322,월계삼호4차아파트,127.0658231365,37.6264654662,11350,노원구
11323,월계삼호4차아파트,127.0659819208,37.6266627148,11350,노원구
11324,녹천초등학교.월계이마트,127.064038,37.628387,11350,노원구
11325,녹천초등학교.월계이마트,127.0649064093,37.6275517792,11350,노원구
11326,월계사슴아파트2단지,127.0605903005,37.6321060914,11350,노원구
11327,월계사슴아파트3단지,127.0604079103,37.6319573995,11350,노원구
11328,월계역1번출구,127.0592762067,37.6339280991,11350,노원구
11329,월계역1번출구,127.0590505789,37.6337353806,11350,노원구
11330,대우아파트,127.0523147751,37.6338935455,11350,노원구
11331,월계119안전센터,127.057331,37.628492,11350,노원구
11332,신도브래뉴.한전노원변전소,127.0591991542,37.6281868034,11350,노원구
11333,광운중.광운인공지능고등학교,127.0563054062,37.6189553524,11350,노원구
11334,광운중.광운인공지능고등학교,127.0565299947,37.6189484896,11350,노원구
11335,광운대학교,127.0581457879,37.6198429291,11350,노원구
11336,월계삼거리,127.0596195164,37.6226139883,11350,노원구
11337,롯데캐슬루나아파트,127.0515079764,37.6252058932,11350,노원구
11338,인덕대학교정문입구,127.0575128243,37.629037896,11350,노원구
11339,월계보건지소,127.0616208868,37.6319764625,11350,노원구
11340,월계보건지소,127.0617141548,37.631739905,11350,노원구
11341,교육촌.벼루말,127.0527149439,37.621968564,11350,노원구
11343,장석교회,127.050612394,37.624206185,11350,노원구
11344,쌍용스윗닷홈아파트,127.0450262042,37.6306057989,11350,노원구
11345,월계119안전센터,127.057223,37.628621,11350,노원구
11346,신도브래뉴.한전노원변전소,127.0588028306,37.6284009858,11350,노원구
11347,상명고등학교.성원아파트,127.0691542558,37.6499131394,11350,노원구
11348,중계1동주민센터,127.0769381389,37.6517260526,11350,노원구
11349,은행사거리,127.0764225838,37.6488502006,11350,노원구
11350,양지근린공원,127.0763720835,37.6467214594,11350,노원구
11351,서라벌고등학교,127.0750013294,37.6448411567,11350,노원구
11352,불암중학교,127.0742897898,37.6465290775,11350,노원구
11353,불암중학교,127.0741270461,37.6465375422,11350,노원구
11354,중계주공10단지.중계건영3차아파트,127.0736280814,37.6477075282,11350,노원구
11355,롯데우성아파트,127.0738318466,37.647506932,11350,노원구
11356,중계구민체육센터,127.0712087432,37.6476008953,11350,노원구
11357,중계구민체육센터,127.0712792746,37.6477683703,11350,노원구
11359,을지중학교,127.0718008004,37.6505399939,11350,노원구
11360,을지중학교,127.0709042219,37.6502087203,11350,노원구
11361,청암중.고등학교,127.0739504972,37.6528902309,11350,노원구
11364,중계주공5단지514동,127.0749325352,37.6508108548,11350,노원구
11365,원광초등학교,127.076600728,37.6544907121,11350,노원구
11366,중계역,127.0643729214,37.6440707149,11350,노원구
11367,노원구민의전당,127.0664180981,37.6393911575,11350,노원구
11368,건영옴니백화점,127.0641135366,37.6389014586,11350,노원구
11369,브라운스톤중계.우리은행앞,127.0640918612,37.6394555843,11350,노원구
11370,서울아이티고등학교,127.0624369874,37.6426301809,11350,노원구
11371,서울아이티고등학교,127.063103394,37.6416979423,11350,노원구
11372,어린이교통공원,127.0628698469,37.6453576799,11350,노원구
11373,중계역,127.0650888491,37.6432188922,11350,노원구
11374,서울시립북서울미술관,127.0667400159,37.6397469276,11350,노원구
11375,중계건영2차아파트,127.0652453816,37.6460992901,11350,노원구
11376,중계역2번출구,127.0649391251,37.6456175479,11350,노원구
11377,상명초등학교,127.0677841912,37.6478506148,11350,노원구
11378,중계3단지목련아파트,127.0679665353,37.6475000013,11350,노원구
11379,상명고등학교,127.0690664892,37.6494835403,11350,노원구
11380,목련아파트상가,127.0698765896,37.6468582175,11350,노원구
11381,중계목화아파트4단지,127.0714066755,37.6435314138,11350,노원구
11382,용동초등학교,127.069131057,37.6421162703,11350,노원구
11383,용동초등학교,127.0690118488,37.6418721472,11350,노원구
11384,2001아울렛중계점,127.067663219,37.6416882067,11350,노원구
11385,서울시립북서울미술관후문,127.066846218,37.6413078231,11350,노원구
11386,홈플러스중계점,127.0686266493,37.6407225926,11350,노원구
11387,노원평생학습관,127.0689347229,37.6393428578,11350,노원구
11388,대진여자고등학교,127.0671607204,37.6445489348,11350,노원구
11389,청계초등학교,127.0669303287,37.6445081062,11350,노원구
11390,중계역1번출구,127.0637572701,37.6462649447,11350,노원구
11391,상계역5번출구,127.0739702355,37.6613639532,11350,노원구
11392,상계역3번출구,127.073033,37.6593,11350,노원구
11393,상계역3번출구,127.0732121987,37.659431118,11350,노원구
11394,중계주공3단지,127.0770171958,37.6569539508,11350,노원구
11395,중계주공2단지,127.0778332524,37.6570502707,11350,노원구
11396,중계주공4단지,127.07801,37.655012,11350,노원구
11397,중계주공4단지,127.0783571637,37.6541374992,11350,노원구
11398,중계1동주민센터,127.0775628848,37.651867022,11350,노원구
11399,신한은행중계동지점,127.0774015203,37.6505432096,11350,노원구
11400,기업은행중계동WM센터,127.0776283567,37.6507367718,11350,노원구
11401,공릉신도2차아파트,127.0715005195,37.6254122748,11350,노원구
11402,노원문화예술회관.불암초등학교,127.0801602952,37.6506776631,11350,노원구
11403,노원문화예술회관.불암초등학교,127.0809177871,37.6500481925,11350,노원구
11404,영신여자고등학교입구,127.081117547,37.6498199266,11350,노원구
11405,불암고등학교,127.0805749976,37.6485021744,11350,노원구
11406,중계본동주민센터,127.0806838117,37.6474739679,11350,노원구
11407,노원우체국,127.0817180202,37.6460324291,11350,노원구
11408,노원우체국,127.0819108069,37.6461584467,11350,노원구
11409,중계본동종점,127.083058,37.644643,11350,노원구
11410,중계주공7단지,127.079788,37.647938,11350,노원구
11411,중계주공6단지상가,127.0794424677,37.6481262911,11350,노원구
11412,대림벽산아파트,127.077428,37.647837,11350,노원구
11413,중계주공6단지,127.0775774413,37.6480879151,11350,노원구
11414,은행사거리,127.076882,37.649797,11350,노원구
11415,대림벽산아파트,127.0767460489,37.646757256,11350,노원구
11416,하계역,127.0677830754,37.6373880054,11350,노원구
11417,하계미성아파트,127.0688261293,37.6350943944,11350,노원구
11418,서울과학기술대앞,127.0760825727,37.6305565211,11350,노원구
11419,중계주공9단지후문,127.0766005742,37.6430227729,11350,노원구
11420,중계주공9단지후문,127.0762238387,37.6430297743,11350,노원구
11421,시립과학관.삼익선경아파트후문,127.0763594384,37.6399032712,11350,노원구
11422,시립과학관.한신동성아파트,127.0760934791,37.640196263,11350,노원구
11423,삼익선경아파트,127.0775270502,37.6381084499,11350,노원구
11424,대진고등학교.하계우방아파트,127.0773942359,37.6378760581,11350,노원구
11425,하계역3번출구.을지병원,127.0694328255,37.6365847976,11350,노원구
11426,하계역2번출구,127.0694876352,37.6368537465,11350,노원구
11428,한성여객종점,127.070056,37.63813,11350,노원구
11429,한성여객종점,127.070816008,37.6372710586,11350,노원구
11431,북부여성발전센터앞,127.062362481,37.6432608103,11350,노원구
11432,그린아파트101동앞,127.0619180071,37.6443053969,11350,노원구
11433,대진고등학교,127.0736490566,37.6379362241,11350,노원구
11434,골마을근린공원,127.0742334891,37.6383459245,11350,노원구
11435,서울온천,127.0743080173,37.6393648263,11350,노원구
11436,하계1동주민센터,127.0728303267,37.6404263202,11350,노원구
11437,노원경찰서.혜성여고,127.0725259962,37.6420899031,11350,노원구
11438,노원경찰서,127.072129677,37.6420164888,11350,노원구
11439,동천학교,127.0742363652,37.6440829404,11350,노원구
11440,동천학교,127.0737689624,37.6440742238,11350,노원구
11441,서라벌고등학교,127.0747386856,37.6450151415,11350,노원구
11442,하계현대아파트,127.0711485363,37.6449579802,11350,노원구
11443,홈플러스중계점,127.0689922571,37.6404665818,11350,노원구
11444,하계한신청구아파트,127.0689460415,37.6391915536,11350,노원구
11445,경기기계공업고등학교,127.0740537568,37.6309290578,11350,노원구
11446,한천중학교,127.0734430848,37.6309420546,11350,노원구
11447,하계역,127.067615433,37.6368047138,11350,노원구
11448,하계장미아파트상가,127.0688040917,37.634078815,11350,노원구
11449,하계2동주민센터,127.0681378605,37.6319841413,11350,노원구
11450,하계2동주민센터,127.0681178395,37.6317701688,11350,노원구
11451,중평초등학교,127.0653719794,37.6365987516,11350,노원구
11452,하계극동아파트,127.064587841,37.6338331586,11350,노원구
11453,하계시영아파트,127.0654518866,37.6340534239,11350,노원구
11454,하계우성아파트,127.0666509253,37.6351406925,11350,노원구
11455,하계장미아파트,127.0669625244,37.6349277927,11350,노원구
11456,중평초등학교,127.0650012481,37.6369593504,11350,노원구
11457,석계역1번출구,127.064773,37.615298,11350,노원구
11458,중계1동신안아파트,127.0722915838,37.6512469657,11350,노원구
11459,하계5단지아파트,127.0663248698,37.633941468,11350,노원구
11460,그린아파트101동앞,127.0616415379,37.644343387,11350,노원구
11461,북부여성발전센터앞,127.0621743013,37.643175307,11350,노원구
11462,당현초등학교,127.0589261989,37.6483442236,11350,노원구
11463,상계주공2단지상가,127.0570694279,37.6504106403,11350,노원구
11464,월계미성아파트,127.0691617763,37.6214670481,11350,노원구
11465,벼루말교,127.055220831,37.6198488394,11350,노원구
11466,청구빌라.연촌초등학교,127.0714772101,37.6350950706,11350,노원구
11467,청구빌라.연촌초등학교,127.071537,37.63528,11350,노원구
11468,벼루말교,127.0552252263,37.6196650162,11350,노원구
11469,하계1치안센터,127.0724127941,37.6331123322,11350,노원구
11470,하계1치안센터,127.0722633137,37.6329494935,11350,노원구
11474,월계중학교,127.0511179201,37.6300545578,11350,노원구
11475,염광중학교후문,127.0510739268,37.6303366157,11350,노원구
11476,월계1동경로당,127.0640318343,37.6170537289,11350,노원구
11477,월계역신도브래뉴아파트앞,127.0590758831,37.6298807194,11350,노원구
11478,구묵동교,127.0786053295,37.6183307692,11350,노원구
11481,석계역1번출구.B,127.065202,37.614924,11350,노원구
11482,삼화상운차고지,127.0529460051,37.6260862831,11350,노원구
11485,월계동진아교통,127.064418,37.627735,11350,노원구
11486,월계동진아교통,127.06447,37.627618,11350,노원구
11487,중계본동종점,127.082796,37.644617,11350,노원구
11489,한성여객종점,127.0706354793,37.6375349947,11350,노원구
11491,흥안운수상계4동종점,127.0822757357,37.6708342206,11350,노원구
11493,삼화상운,127.05038,37.627217,11350,노원구
11499,유원.극동아파트,127.0461279839,37.6296015672,11350,노원구
11500,유원.극동아파트,127.0462390596,37.6296727092,11350,노원구
11501,월계미륭아파트,127.0680456484,37.6240374947,11350,노원구
11502,7단지영업소,127.0637357104,37.6602778615,11350,노원구
11503,수락리버시티3.4단지,127.0526873942,37.6872109624,11350,노원구
11504,7단지영업소,127.0641070552,37.6596419854,11350,노원구
11505,경춘선숲길방문자센터,127.0703978385,37.6318318995,11350,노원구
11506,월계주공1단지아파트앞,127.05156,37.62626,11350,노원구
11507,불암산스포츠타운,127.0828056335,37.6390159235,11350,노원구
11509,불암산스포츠타운,127.0824367108,37.6386873571,11350,노원구
11511,수락현대아파트,127.0602823906,37.6746356354,11350,노원구
11512,서울특별시기술교육원북부캠퍼스,127.0571172663,37.6421605433,11350,노원구
11513,상계8동주민센터,127.051942026,37.6669730538,11350,노원구
11514,온곡초등학교,127.0664537758,37.6667154619,11350,노원구
11515,상계역1번출구,127.0736491547,37.660644234,11350,노원구
11516,수락산디자인거리,127.0578760501,37.6749732449,11350,노원구
11518,상계주공11단지,127.055119735,37.667017757,11350,노원구
11519,보람아파트앞,127.0661699718,37.6649666306,11350,노원구
11521,노원센트럴푸르지오아파트상가,127.075112,37.66394,11350,노원구
11522,7호선수락산역,127.0558589832,37.6758346525,11350,노원구
11524,마들역8번출구,127.057202,37.666379,11350,노원구
11527,오뚜기슈퍼,127.0727573729,37.664375249,11350,노원구
11530,상계주공9단지,127.0593675238,37.6646710926,11350,노원구
11532,대동아파트,127.0722416267,37.6201359781,11350,노원구
11534,또또슈퍼,127.0716043605,37.6653067674,11350,노원구
11535,상계주공14단지,127.0578625428,37.6709217102,11350,노원구
11537,청원고등학교,127.0611130008,37.6645170181,11350,노원구
11538,수락산역5번출구,127.0552228287,37.6778216107,11350,노원구
11539,대동택시,127.0708375154,37.6658821177,11350,노원구
11540,14단지상가,127.0595053381,37.6697567019,11350,노원구
11542,상곡초등학교.상계주공9단지,127.0616937591,37.6622649228,11350,노원구
11545,상계금호어울림아파트입구,127.0695323546,37.666592042,11350,노원구
11546,상원초등학교,127.0603076176,37.6681065609,11350,노원구
11549,주유소앞,127.0658941981,37.655617199,11350,노원구
11550,건민약국앞,127.0719758027,37.6250138329,11350,노원구
11551,노일중학교,127.0546941742,37.6725397529,11350,노원구
11552,한신1차아파트후문,127.0692075262,37.6659065133,11350,노원구
11553,청원고등학교후문,127.0616682026,37.6669955926,11350,노원구
11554,벽산상가,127.0655683222,37.6355998817,11350,노원구
11558,상계1차현대아파트,127.0528006763,37.6720621442,11350,노원구
11559,상계한신1차아파트상가,127.0689224185,37.6652660143,11350,노원구
11560,상계주공13단지,127.063432919,37.6667468606,11350,노원구
11562,노원역10번출구,127.0644341674,37.6566407298,11350,노원구
11566,한신1차아파트정문,127.068237921,37.665426804,11350,노원구
11567,보람아파트정문,127.0644308067,37.6645548999,11350,노원구
11571,한신3차아파트,127.067273,37.665476,11350,노원구
11576,상계주공15단지.16단지,127.0536169926,37.6706380752,11350,노원구
11577,보람사거리,127.0670671762,37.6643687096,11350,노원구
11583,청솔7단지아파트,127.0722281429,37.6317303507,11350,노원구
11587,대림아파트105동앞,127.0737280558,37.6628687433,11350,노원구
11590,상계6동우체국,127.0588725833,37.6536989107,11350,노원구
11594,석계역,127.0644586182,37.615421632,11350,노원구
11595,노원역2번출구,127.0631567004,37.6562751871,11350,노원구
11596,노원역5번출구,127.0616021898,37.6543273712,11350,노원구
11597,중현초등학교,127.0669924831,37.6329598124,11350,노원구
11599,월계472교,127.059951,37.61641,11350,노원구
11601,KT플라자노원점,127.0636626522,37.654889655,11350,노원구
11602,중계센트럴파크아파트,127.0596902572,37.6437893671,11350,노원구
11603,장석교회,127.0509399385,37.6242668613,11350,노원구
11604,교육촌.벼루말,127.0526752265,37.6218672206,11350,노원구
11605,꿈의숲SK뷰아파트,127.0536514986,37.6208711896,11350,노원구
11607,석계역문화공원,127.0643656736,37.6148875788,11350,노원구
11609,꿈의숲SK뷰아파트,127.0537704394,37.6208778929,11350,노원구
11634,하계장미아파트정문,127.0664870208,37.6340828467,11350,노원구
11664,불암산역,127.0784855626,37.6692446012,11350,노원구
11675,동신아파트,127.0609644558,37.6173040527,11350,노원구
11680,순복음교회,127.0659777956,37.6553098844,11350,노원구
11689,수락산역,127.0552859878,37.680258992,11350,노원구
11723,하계역,127.0683618531,37.6353446877,11350,노원구
11781,지에스마트,127.0659762338,37.6637908331,11350,노원구
11784,보람아파트상가,127.0651801458,37.6646590132,11350,노원구
11793,삼창아파트,127.0596522656,37.618195896,11350,노원구
11796,포레나노원,127.0616933878,37.6631858244,11350,노원구
11801,청솔7단지앞,127.0723073234,37.6315960409,11350,노원구
11803,경춘선숲길방문자센터,127.0704050243,37.6316152129,11350,노원구
11804,메디아이산부인과,127.0669716859,37.6564915397,11350,노원구
11818,보람1차후문,127.065699307,37.6621032692,11350,노원구
11819,상계주공13단지,127.0638597271,37.6666698801,11350,노원구
11827,노일초교,127.0559095992,37.6727734628,11350,노원구
11828,노일초교앞,127.0552549636,37.6735874431,11350,노원구
11831,노원역,127.0609915402,37.6518335013,11350,노원구
11832,노원역,127.0612202549,37.6529525233,11350,노원구
11833,중계역,127.0627647339,37.6472686025,11350,노원구
11834,중계역,127.0628447488,37.6480849384,11350,노원구
11835,하계역,127.068859365,37.6350402373,11350,노원구
11836,하계역,127.0683473286,37.6351558735,11350,노원구
11842,선곡경로당,127.0586613199,37.61708085,11350,노원구
11843,청백아파트4단지,127.0523483204,37.6322084397,11350,노원구
11844,청백아파트4단지,127.0525501962,37.6325284238,11350,노원구
11845,월계주공2단지앞,127.0546628905,37.6292003493,11350,노원구
11846,인덕대후문,127.0547791118,37.6293422007,11350,노원구
11847,청원고등학교,127.0613182514,37.6646214365,11350,노원구
11848,청백아파트종점,127.0524831681,37.6355589675,11350,노원구
11859,롯데캐슬루나아파트,127.0515462538,37.6252290714,11350,노원구
11860,인덕대학교,127.0554494371,37.6286964721,11350,노원구
11861,인덕대학교,127.0551905495,37.6279225632,11350,노원구
11862,롯데캐슬루나아파트,127.051303919,37.6253859655,11350,노원구
11863,수락터미널,127.0536285639,37.678761784,11350,노원구
11866,상계2동주민센터,127.0682709722,37.6580461346,11350,노원구
11867,온곡중학교,127.0653475903,37.6604211521,11350,노원구
11868,청원고등학교후문,127.061973194,37.6670774308,11350,노원구
11869,월계472교,127.0607955382,37.6157506698,11350,노원구
11874,석계역,127.0639696032,37.6152947954,11350,노원구
11875,마들역6번출구,127.0568606257,37.6644779771,11350,노원구
11879,수락리버시티3.4단지,127.0528498554,37.687056013,11350,노원구
11880,14단지상가,127.0596913435,37.6698782533,11350,노원구
11881,월계1동경로당.농협,127.0643090243,37.6166561998,11350,노원구
11882,동일초등학교,127.0557933772,37.6644124259,11350,노원구
11884,월계1동주민센터,127.0635603154,37.6193859905,11350,노원구
11885,주공11단지.노원성당,127.0534873722,37.6644946663,11350,노원구
11886,건민약국앞,127.071869529,37.6252418718,11350,노원구
11887,상계청소년문화의집.상계주공14단지,127.0566788642,37.6706636759,11350,노원구
11888,광운대역,127.0613442435,37.6231879357,11350,노원구
11890,대아아파트,127.0711682681,37.6229882552,11350,노원구
11893,대주아파트,127.0716879666,37.6215621284,11350,노원구
11894,7호선수락산역,127.0560307331,37.6755694441,11350,노원구
11897,대동아파트,127.0721221193,37.6196579989,11350,노원구
11898,성원아파트,127.0655775882,37.6603174005,11350,노원구
11899,수락산디자인거리,127.0576989633,37.6748739104,11350,노원구
11901,공릉1동삼익아파트,127.0725315452,37.6183293199,11350,노원구
11902,보람1차후문,127.0659577499,37.6621166411,11350,노원구
11903,수락현대아파트,127.059571351,37.6743422459,11350,노원구
11904,하계실버센터,127.0648936512,37.6337428922,11350,노원구
11906,지에스마트,127.0661459181,37.6634077801,11350,노원구
11907,벽산상가,127.0658820328,37.6354312046,11350,노원구
11910,현대우성아파트,127.0651882488,37.6370290736,11350,노원구
11915,미도아파트앞,127.060864533,37.6447970339,11350,노원구
11916,상계현대3차아파트,127.053742889,37.6707308288,11350,노원구
11927,원자력병원입구,127.0775985987,37.6273693051,11350,노원구
11928,상원초등학교,127.0605993817,37.6679870315,11350,노원구
11929,상원중학교,127.0579499838,37.671119003,11350,노원구
11931,노원역8번출구,127.0592603529,37.6553199153,11350,노원구
11938,중계그린아파트,127.0641790384,37.6407016676,11350,노원구
11939,브라운스톤중계,127.0640734649,37.640479158,11350,노원구
11988,노원센트럴푸르지오아파트앞,127.0754905183,37.6653893564,11350,노원구
11989,노원롯데캐슬시그니처아파트앞,127.0757607508,37.665390418,11350,노원구
11990,불암산역,127.079711295,37.6706170199,11350,노원구
11992,동막골유원지,127.0866348621,37.6751003976,11350,노원구
11994,상계3.4동주민센터,127.0831808706,37.6723158562,11350,노원구
11995,상계3.4동주민센터,127.0834249516,37.6730037112,11350,노원구
11996,상계4동,127.0844987818,37.6738791873,11350,노원구
11997,동막골유원지,127.0864366179,37.6752275947,11350,노원구
12001,덕은교.은평차고지앞,126.884114477,37.5895977455,11380,은평구
12002,덕은교.은평차고지앞,126.8847866387,37.5891649798,11380,은평구
12003,수색교,126.8886727095,37.5857595064,11380,은평구
12004,수색교,126.8901789227,37.5846958272,11380,은평구
12005,수색역앞,126.8932380184,37.5832230348,11380,은평구
12006,수색역앞,126.894103,37.583047,11380,은평구
12007,디지털미디어시티역,126.900505,37.579047,11380,은평구
12008,디지털미디어시티역,126.9013445361,37.5786172251,11380,은평구
12009,은평뉴타운10단지,126.915165,37.642948,11380,은평구
12010,은평뉴타운10단지,126.9138270919,37.6435943143,11380,은평구
12011,구파발역입구,126.917023,37.636164,11380,은평구
12012,구파발역입구,126.916837,37.637116,11380,은평구
12013,박석고개.신도고등학교,126.919374,37.629919,11380,은평구
12014,박석고개.신도고등학교,126.919017,37.631088,11380,은평구
12015,세명컴퓨터고등학교,126.9199734902,37.6242147932,11380,은평구
12016,세명컴퓨터고등학교,126.9199961366,37.6252825924,11380,은평구
12017,연신내역.연서시장,126.9218398322,37.6183598996,11380,은평구
12018,연신내역.연서시장,126.9209337015,37.6193225551,11380,은평구
12019,동명여고.천주교불광동성당,126.9250897142,37.6156068499,11380,은평구
12020,동명여고.천주교불광동성당,126.9240159589,37.6161715335,11380,은평구
12021,불광역3.6호선,126.9287979055,37.6119112959,11380,은평구
12022,불광역3.6호선,126.9281552459,37.6124473901,11380,은평구
12023,불광역3호선.서울혁신파크,126.9316257787,37.6086506795,11380,은평구
12024,불광역3호선.서울혁신파크,126.9310647897,37.6090648082,11380,은평구
12025,한전서대문은평.북한산푸르지오,126.934329604,37.6055573158,11380,은평구
12026,한전서대문은평.북한산푸르지오,126.9338053516,37.6060931118,11380,은평구
12027,녹번역,126.935322042,37.6018619707,11380,은평구
12028,녹번역,126.9350485981,37.6024349118,11380,은평구
12101,신사1동주민센터,126.911347,37.598063,11380,은평구
12103,불광역1번출구,126.9304602536,37.6100879267,11380,은평구
12104,불광역3.6호선,126.9283885506,37.6124835753,11380,은평구
12106,연신내역,126.9221617234,37.6181925106,11380,은평구
12107,선일하이츠빌라,126.919942637,37.6227910995,11380,은평구
12109,세명컴퓨터고등학교,126.9202811322,37.6257486454,11380,은평구
12111,구파발역2번출구,126.9189889746,37.6367680033,11380,은평구
12112,구파발역.롯데몰,126.918577,37.637248,11380,은평구
12113,구파발역.롯데몰,126.9185307406,37.6372464535,11380,은평구
12117,박석고개,126.9198715831,37.6262373755,11380,은평구
12118,신한은행갈현지점,126.9196883967,37.6238469574,11380,은평구
12119,연신내역,126.9225592814,37.617346376,11380,은평구
12120,동명여고,126.9240648193,37.6159770824,11380,은평구
12121,불광역3.6호선,126.9278448811,37.6126668394,11380,은평구
12122,불광역4번출구,126.9303364827,37.6097581422,11380,은평구
12125,녹번역,126.932868,37.601221,11380,은평구
12126,은평구청,126.930407158,37.6014275543,11380,은평구
12127,응암지구대,126.925956,37.601346,11380,은평구
12128,본서부병원,126.9237965161,37.6008996231,11380,은평구
12129,신진과학기술고교.이마트은평점,126.918510745,37.5998598128,11380,은평구
12130,응암역.신사오거리,126.9148666663,37.5990352266,11380,은평구
12131,응암역.신사오거리,126.9149894161,37.5987592495,11380,은평구
12132,신진과학기술고교.이마트은평점,126.9186295811,37.5995376513,11380,은평구
12133,본서부병원,126.9235787889,37.6005501772,11380,은평구
12134,응암지구대,126.9266529623,37.6012216354,11380,은평구
12135,은평구청,126.9303925947,37.6011965196,11380,은평구
12136,은평마을예술창작소,126.909611,37.614877,11380,은평구
12137,녹번초등학교,126.92615785,37.6028391102,11380,은평구
12138,역촌역.역촌오거리,126.9224758463,37.606957085,11380,은평구
12139,삼성타운,126.9209709958,37.6087032927,11380,은평구
12140,구산역1번출구.예일여고,126.918180036,37.6108522823,11380,은평구
12141,구산동청년주택.디지털동행플라자,126.9147150471,37.612815754,11380,은평구
12142,구산사거리,126.912487,37.613613,11380,은평구
12143,선진운수종점,126.9104574621,37.6143442807,11380,은평구
12144,선정중고등학교,126.9083885964,37.6158315758,11380,은평구
12145,서울경찰청86.87기동대.우남아파트,126.906434,37.618049,11380,은평구
12146,서울경찰청86.87기동대.우남아파트,126.9058308185,37.6185284274,11380,은평구
12147,선정중고등학교,126.9080800916,37.6157164599,11380,은평구
12148,선진운수종점,126.910860076,37.6138985962,11380,은평구
12149,구산사거리,126.9125387021,37.6132406179,11380,은평구
12150,구산동청년주택.디지털동행플라자,126.9146767259,37.6125210285,11380,은평구
12151,구산역2번출구.예일여고,126.9177586143,37.6107737973,11380,은평구
12152,하나은행역촌동지점,126.9200382135,37.6092676452,11380,은평구
12153,역촌역.역촌오거리,126.9224014904,37.6065740745,11380,은평구
12154,녹번초등학교,126.9250309695,37.603666166,11380,은평구
12155,응암초등학교,126.9211239608,37.5870793679,11380,은평구
12156,은평문화예술정보학교,126.9189004955,37.5888974078,11380,은평구
12157,응암오거리,126.9165521769,37.5907361763,11380,은평구
12158,신사초등학교,126.9135451755,37.5931399182,11380,은평구
12159,신사동고개사거리,126.9098622734,37.5960379684,11380,은평구
12160,신사동고개사거리,126.9099682771,37.5956071263,11380,은평구
12161,신사초등학교,126.9128484808,37.5933583703,11380,은평구
12162,응암오거리,126.916146787,37.5907322847,11380,은평구
12163,은평문화예술정보학교,126.9186175094,37.5888296386,11380,은평구
12164,응암초등학교,126.9203088175,37.5874770514,11380,은평구
12165,대림시장,126.9165435736,37.5878268986,11380,은평구
12166,대림시장,126.9170368506,37.5886847389,11380,은평구
12167,응암역.신사오거리,126.9152247795,37.5979358249,11380,은평구
12168,신흥시장,126.9145640351,37.5954014899,11380,은평구
12169,새절역,126.9133950466,37.5906960085,11380,은평구
12170,와산교,126.9126985944,37.587889553,11380,은평구
12172,증산종합시장.증산중학교입구,126.9061474532,37.5808308281,11380,은평구
12173,증산종합시장.증산중학교입구,126.9063881275,37.5805912987,11410,서대문구
12174,증산역.증산동주민센터,126.909681456,37.5836809982,11410,서대문구
12175,와산교,126.9130844852,37.5880943849,11380,은평구
12176,새절역.숭실고입구,126.9138927882,37.5916824313,11380,은평구
12177,신흥시장,126.9148958447,37.5954017296,11380,은평구
12178,응암역.신사오거리,126.9156062368,37.5981073049,11380,은평구
12179,역촌초등학교,126.9160546584,37.6021814396,11380,은평구
12180,역말사거리,126.9155586421,37.6061494708,11380,은평구
12181,구산역2번출구.예일여고,126.9169033629,37.6099512058,11380,은평구
12182,구산역1번출구,126.91753691,37.6116583062,11380,은평구
12183,대조동주민센터,126.9179363667,37.6140725919,11380,은평구
12184,연신내역.로데오거리,126.9199962033,37.6178207167,11380,은평구
12185,연서시장,126.9225910997,37.6192425563,11380,은평구
12186,종로약국,126.9246380909,37.6203765441,11380,은평구
12187,불광지구대,126.9267891079,37.6217745784,11380,은평구
12188,북한산대창센시티아파트,126.9288094985,37.6248070601,11380,은평구
12189,은평경찰서,126.9294752418,37.6276323558,11380,은평구
12190,폭포동,126.931032,37.630715,11380,은평구
12192,신도중학교,126.9315290754,37.6333482679,11380,은평구
12195,은평노인종합복지관.신도중학교,126.931533,37.632495,11380,은평구
12197,폭포동.은평노인종합복지관,126.9310069167,37.6313826666,11380,은평구
12198,은평경찰서,126.9292714833,37.6281128817,11380,은평구
12199,연신초등학교,126.9287702008,37.6256234179,11380,은평구
12200,불광지구대,126.926505814,37.6218554999,11380,은평구
12201,새장골유래비,126.9243796594,37.6205196512,11380,은평구
12202,연서시장,126.9225340914,37.619596645,11380,은평구
12203,연신내역.로데오거리,126.9196550241,37.618013317,11380,은평구
12204,은평연세병원,126.9177313127,37.6147392532,11380,은평구
12205,구산역4번출구,126.9171879732,37.6118940018,11380,은평구
12206,구산역3번출구.예일여고,126.9167761276,37.6105039368,11380,은평구
12207,역말사거리,126.9151429014,37.6062104465,11380,은평구
12208,역촌초등학교,126.9155726294,37.6027929337,11380,은평구
12209,응암역2번출구,126.9158607077,37.6004214787,11380,은평구
12210,신사동고개삼거리,126.910253684,37.5984133304,11380,은평구
12211,서울기독대학교입구,126.9103848244,37.6014374785,11380,은평구
12212,시립서북병원세현교회앞,126.910658933,37.6061458636,11380,은평구
12213,구산중학교.구산교회,126.91102,37.608955,11380,은평구
12214,구산동주민센터,126.911363,37.61138,11380,은평구
12215,구산동주민센터,126.9112924774,37.6122095685,11380,은평구
12216,구산중학교.구산교회,126.9108335829,37.6088023972,11380,은평구
12217,시립서북병원세현교회앞,126.9104597465,37.6060168573,11380,은평구
12218,서울기독대학교입구,126.9102266857,37.6020320757,11380,은평구
12219,우남교통,126.9101252157,37.5997666658,11380,은평구
12220,신사동고개삼거리,126.9100665956,37.5986006142,11380,은평구
12221,갈현1동주민센터,126.9169240149,37.623967591,11380,은평구
12222,한일탕,126.918368,37.626073,11380,은평구
12223,한일탕,126.918707,37.626162,11380,은평구
12224,갈현1동주민센터,126.9170449022,37.6232468092,11380,은평구
12225,불광롯데캐슬아파트,126.9320721326,37.6130745033,11380,은평구
12227,진관초교입구,126.9258465241,37.6469051663,11380,은평구
12229,푸르지오625동앞.관음사입구,126.9286737884,37.6489838336,11380,은평구
12230,삼천리골입구56사단북한산부대,126.9351054314,37.6504258786,11380,은평구
12231,백화사,126.9389594548,37.653550933,11380,은평구
12232,흥국사,126.9420101744,37.656762115,11380,은평구
12233,북한산성입구교차로,126.9453651665,37.6580874009,11380,은평구
12234,북한산성입구교차로,126.9453412916,37.6581874095,11380,은평구
12235,흥국사,126.9421886946,37.6572667556,11380,은평구
12236,백화사,126.9390034965,37.6537446878,11380,은평구
12237,삼천리골입구56사단북한산부대,126.9333102284,37.6500812402,11380,은평구
12238,진관초교관음사입구,126.926868987,37.6477735446,11380,은평구
12239,푸르지오618동앞.관음사입구,126.9292312003,37.6496846837,11380,은평구
12240,진관중고교약수사입구,126.9233824457,37.6456049544,11380,은평구
12241,응암2동주민센터,126.9236015835,37.5959245549,11380,은평구
12242,응암2동주민센터,126.9230828294,37.5956531408,11380,은평구
12243,이마트은평점,126.918585473,37.6000492124,11380,은평구
12244,서부경찰서,126.920594101,37.6013637746,11380,은평구
12245,해주드림빌APT,126.9220664791,37.604167052,11380,은평구
12246,역촌역.역촌오거리,126.923243231,37.6068015906,11380,은평구
12247,대조시장앞,126.9265165396,37.6086555139,11380,은평구
12248,양광교회앞,126.9282417636,37.6084619409,11380,은평구
12249,불광역.불광1동주민센터,126.9322904306,37.6090959943,11380,은평구
12250,독박골.북한산래미안APT앞,126.9397954573,37.610512964,11380,은평구
12251,구기터널입구,126.9449374785,37.6104100652,11380,은평구
12252,구기터널입구,126.9457747343,37.6107519472,11380,은평구
12253,독박골.북한산래미안APT,126.9396027141,37.6107435434,11380,은평구
12254,불광역.불광1동주민센터,126.9326083189,37.6095286975,11380,은평구
12255,양광교회,126.9289518591,37.6085452704,11380,은평구
12256,대조시장,126.9261611387,37.6087915452,11380,은평구
12257,역촌오거리,126.9239679445,37.6076554963,11380,은평구
12258,역촌역1번출구,126.9221735304,37.6052406679,11380,은평구
12259,서부경찰서,126.9205481069,37.6020192141,11380,은평구
12260,이마트은평점,126.9181379622,37.6002403634,11380,은평구
12261,응암1동주민센터,126.9267670248,37.6001514291,11380,은평구
12262,영락중학교입구,126.9243403259,37.5973360696,11380,은평구
12263,시립은평병원,126.9229692929,37.5932001174,11380,은평구
12264,백련산힐스테이트4차,126.9226750731,37.5900103713,11380,은평구
12265,충암고교앞.대주피오레아파트,126.9226529706,37.5868458253,11380,은평구
12266,충암고교앞.대주피오레아파트,126.9228521457,37.5869567896,11380,은평구
12267,백련산힐스테이트2차,126.9228701963,37.5903133577,11380,은평구
12268,시립은평병원,126.9231277275,37.5932858149,11380,은평구
12269,영락중학교입구,126.92416574,37.5969092616,11380,은평구
12270,응암1동주민센터,126.9270456288,37.600396483,11380,은평구
12271,한솔아파트입구.선정중학교후문,126.9137069892,37.6157960537,11380,은평구
12272,갈현동미미아파트,126.9151519292,37.6182029973,11380,은평구
12273,선일여고입구,126.9157125131,37.6193423695,11380,은평구
12274,갈현동성당앞,126.9165922246,37.6207946411,11380,은평구
12275,갈현동성당앞,126.9162269018,37.6205383043,11380,은평구
12276,선일여고입구,126.9155259034,37.6194003078,11380,은평구
12277,갈현동미미아파트,126.9149435132,37.6181857266,11380,은평구
12278,한솔아파트입구.선정중학교후문,126.9137542396,37.6160781278,11380,은평구
12279,불광역9번출구.불광초등학교,126.9305162707,37.6112854246,11380,은평구
12280,불광대호아파트,126.9324705005,37.6144800026,11380,은평구
12281,불광1동공동주차장앞,126.9329988956,37.6156974301,11380,은평구
12282,불광1치안센터.독바위역,126.9331412473,37.6173596033,11380,은평구
12283,수리초등학교입구,126.932556215,37.6192490925,11380,은평구
12284,북한산한양수자인.불광삼익아파트,126.931665598,37.6216806133,11380,은평구
12285,불광중학교,126.9309500937,37.6228723855,11380,은평구
12286,북한산대창센시티아파트,126.9299354838,37.6237282359,11380,은평구
12287,북한산대창센시티아파트,126.9296816036,37.6238488301,11380,은평구
12288,불광중학교,126.9310525109,37.6225007168,11380,은평구
12289,북한산한양수자인.불광삼익아파트,126.9316569055,37.6210460453,11380,은평구
12290,수리초등학교입구,126.9325110516,37.6190891413,11380,은평구
12291,불광1치안센터.독바위역,126.9330727682,37.6179384493,11380,은평구
12292,불광1동공동주차장앞,126.9327287763,37.6163007079,11380,은평구
12293,불광대호아파트,126.9319923595,37.6138828478,11380,은평구
12294,불광초등학교,126.9304574428,37.6115701913,11380,은평구
12295,신사동고개사거리,126.910343,37.595676,11380,은평구
12296,백련산SK뷰아이파크아파트,126.9191562245,37.5958464822,11380,은평구
12303,서부경찰서후문,126.9223367061,37.6024326383,11380,은평구
12304,신진과학기술고등학교,126.9203231697,37.5979105453,11380,은평구
12305,응암시장,126.9179795859,37.5943144974,11380,은평구
12307,서서울농협본점,126.918083,37.593496,11380,은평구
12308,신진과학기술고등학교,126.9206733351,37.5978224711,11380,은평구
12309,서부경찰서후문,126.922648,37.602673,11380,은평구
12310,디지털미디어시티역,126.900601,37.579265,11380,은평구
12311,수색역,126.8961946716,37.5818901726,11380,은평구
12314,덕은교.은평차고지앞,126.885614161,37.5885782748,11380,은평구
12315,덕은교.은평차고지앞,126.8834469451,37.589961128,11380,은평구
12316,수색교,126.888691653,37.5855616396,11380,은평구
12317,수색동주민센터.은평문화원,126.8924280896,37.583469198,11380,은평구
12318,수색역,126.8972983814,37.5807252119,11380,은평구
12319,디지털미디어시티역,126.9012938809,37.5782704462,11380,은평구
12320,수색초등학교.DMC아트포레자이,126.898899,37.584885,11380,은평구
12321,e편한세상수색에코포레,126.9002070161,37.585871126,11380,은평구
12322,은평터널앞,126.905834169,37.5916129815,11380,은평구
12323,e편한세상수색에코포레,126.9002689854,37.5861018572,11380,은평구
12324,수색초등학교.DMC아트포레자이,126.898375,37.58469,11380,은평구
12325,DMC파인시티자이,126.896608,37.583379,11380,은평구
12326,DMC파인시티자이,126.896455,37.583013,11380,은평구
12329,새마을금고앞,126.9118521827,37.5890004737,11380,은평구
12330,새마을금고앞,126.9123692391,37.5887219151,11380,은평구
12331,미성아파트앞,126.9101243601,37.5899609798,11380,은평구
12332,미성아파트앞,126.9101746617,37.5897240784,11380,은평구
12333,상신중학교앞,126.906102,37.590661,11380,은평구
12334,상신중학교앞,126.906163,37.590549,11380,은평구
12335,숭실고입구,126.906148,37.591691,11380,은평구
12336,현대아파트앞,126.9079429786,37.5937119295,11380,은평구
12337,현대아파트앞,126.9077166053,37.5936396734,11380,은평구
12338,신사사거리,126.9089727568,37.5956793509,11380,은평구
12339,신사사거리,126.9088141552,37.595726085,11380,은평구
12340,동명여고후문,126.9243200422,37.613396539,11380,은평구
12341,동명탕앞,126.922048761,37.6113775306,11380,은평구
12343,하나은행역촌동지점,126.9204238095,37.6083362023,11380,은평구
12345,충북슈퍼앞,126.9178343774,37.6059929743,11380,은평구
12347,역촌동주민센터,126.9148242474,37.6057279605,11380,은평구
12350,제각말5단지.은평뉴타운도서관,126.93551,37.638398,11380,은평구
12351,제각말5단지.은평뉴타운도서관,126.9344374778,37.636736149,11380,은평구
13550,포방시장,126.9483922502,37.5994652097,11410,서대문구
12361,연신초등학교,126.9291886235,37.6258964052,11380,은평구
12364,증산역.증산동주민센터,126.9093224341,37.5837546123,11380,은평구
12365,연신초등학교.연신내성당,126.9290432643,37.6268716359,11380,은평구
12366,신사1동주민센터,126.9108258962,37.5981632618,11380,은평구
12367,시립서북병원,126.9103118348,37.6046894448,11380,은평구
12368,신사동고개,126.9099169775,37.5977669942,11380,은평구
12381,녹번역,126.9342261424,37.6008721092,11380,은평구
12388,시립서북병원,126.910563,37.605176,11380,은평구
12390,구산동사거리,126.9122339199,37.6142712329,11380,은평구
12391,구산동사거리,126.9121200751,37.6143667731,11380,은평구
12393,역촌동성당,126.9121474028,37.6055600914,11380,은평구
12394,역촌동성당,126.9125361624,37.6057372754,11380,은평구
12406,호림아파트앞,126.9208187439,37.6091519314,11380,은평구
12409,은평권역공영차고지,126.8843758106,37.591461986,11380,은평구
12415,응암정보도서관,126.9198965286,37.5865712748,11380,은평구
12416,응암정보도서관,126.9201891291,37.5867495708,11380,은평구
12417,서울중앙교회앞,126.9181435403,37.5852370433,11380,은평구
12418,대림에코빌,126.918876351,37.5850429138,11380,은평구
12419,응암오거리,126.9159858454,37.5908592237,11380,은평구
12420,갈현노인복지센터,126.917214331,37.6247220019,11380,은평구
12421,녹번동대림.JR아파트앞,126.937210112,37.5992697862,11380,은평구
12422,연서중학교입구,126.9122781788,37.5862294351,11410,서대문구
12423,연서중학교입구,126.9117539841,37.5861713747,11380,은평구
12424,은덕교.금암문화공원,126.9174939449,37.645043752,11380,은평구
12425,은덕교.금암문화공원,126.9196866859,37.6448493012,11380,은평구
12426,진관중고교약수사입구,126.9229619673,37.6451606289,11380,은평구
12427,응암3동주민센터,126.9173132277,37.5911611009,11380,은평구
12429,롯데캐슬823동앞,126.9217560692,37.6420727334,11380,은평구
12430,진관중고교.약수사앞,126.92309,37.643408,11380,은평구
12431,아이파크701동앞,126.9280934321,37.6460451246,11380,은평구
12432,푸르지오621동앞,126.930478843,37.6484353114,11380,은평구
12433,진관초교앞,126.9293236181,37.6462300075,11380,은평구
12434,생태공원앞.구립상림도서관,126.9289701583,37.6440749929,11380,은평구
12435,진관중고교.약수사앞,126.9241288304,37.6436290464,11380,은평구
12436,래미안909동앞,126.921548,37.641157,11380,은평구
12437,하나고.삼천사.진관사입구,126.938408,37.641815,11380,은평구
12439,응암3동주민센터,126.9176960361,37.5916290571,11380,은평구
12440,입곡삼거리,126.936391,37.649452,11380,은평구
12441,입곡삼거리,126.9373769489,37.6516917235,11380,은평구
12442,아이파크709동앞,126.9266769344,37.64485753,11380,은평구
12445,은진초교입구.은뜨락도서관,126.9208007398,37.6307586517,11380,은평구
12446,은진초교입구.은뜨락도서관,126.9209179115,37.6310195075,11380,은평구
12447,은평구민체육센터앞,126.922569,37.631421,11380,은평구
12448,은평구민체육센터앞,126.9232490659,37.6316559976,11380,은평구
12449,신도초중교입구.한국고전번역원,126.9253371709,37.6314891556,11380,은평구
12450,신도초중교입구.한국고전번역원,126.9269041367,37.6315631161,11380,은평구
12451,은평성모병원,126.9177505869,37.6332275182,11380,은평구
12453,아이파크714동앞,126.926199185,37.6447747188,11380,은평구
12455,푸르지오604동앞,126.9300942037,37.6477638516,11380,은평구
12456,푸르지오614동앞,126.931495,37.649745,11380,은평구
12457,아이파크708동앞,126.9271303103,37.6456334846,11380,은평구
12458,진관동주민센터.은평우체국,126.9197809696,37.6345427048,11380,은평구
12459,진관동주민센터.은평우체국,126.91982,37.634698,11380,은평구
12460,동부센트레빌324동앞,126.9246490829,37.6341556356,11380,은평구
12461,두산위브253동앞,126.9231676603,37.6342740607,11380,은평구
12462,동부센트레빌320동앞,126.9278043408,37.6340945394,11380,은평구
12463,신도초교.은평메디텍고등학교,126.9292486123,37.6343139033,11380,은평구
12464,하나고.삼천사.진관사입구,126.9381067653,37.6417643622,11380,은평구
12465,두산위브205동앞,126.9262624499,37.6342668645,11380,은평구
12466,래미안922동앞,126.9213361406,37.6440800714,11380,은평구
12467,롯데캐슬820동앞,126.921569335,37.6440018231,11380,은평구
12469,진관공영차고지,126.9079541625,37.6466539601,11380,은평구
12470,진관공영차고지,126.908325,37.646847,11380,은평구
12471,기자촌11단지앞,126.93258,37.634757,11380,은평구
12472,수국사입구,126.9067818944,37.61677185,11380,은평구
12473,응암초교.백련산힐스테이트3차,126.9228091836,37.5887478897,11380,은평구
12474,신도초교.은평메디텍고등학교,126.93053931,37.6340923943,11380,은평구
12475,응암초교.백련산힐스테이트3차,126.9225525515,37.5883344878,11380,은평구
12476,녹번센트레빌아파트,126.9259022216,37.5987999451,11380,은평구
12477,녹번센트레빌아파트,126.925981141,37.5991595285,11380,은평구
12478,선진운수종점,126.9096051215,37.6143774179,11380,은평구
12479,기자촌사거리,126.932131807,37.6344327251,11380,은평구
12480,갈현중앙시장,126.9183928591,37.6234657781,11380,은평구
12481,갈현중앙시장,126.9189621884,37.6233585723,11380,은평구
12498,덕산중학교.씨티아파트,126.9045107403,37.6001887986,11380,은평구
12499,덕산중학교.두산위브아파트,126.9045804777,37.6003715553,11380,은평구
12500,대성중.고등학교,126.9113648182,37.622241841,11380,은평구
12501,시립은평병원.파크자이아파트,126.9219585281,37.5933751468,11380,은평구
12502,경향파크아파트,126.9064058814,37.6098126903,11380,은평구
12503,12번지건영아파트,126.9139681277,37.6292661384,11380,은평구
12504,상신초교.두산.한신아파트,126.906505892,37.5995793833,11380,은평구
12506,선일여고.빅데이터고,126.9127522188,37.6205134295,11380,은평구
12507,신비로마트,126.9207130204,37.5935080891,11380,은평구
12508,대동슈퍼,126.9069186823,37.6091453914,11380,은평구
12509,미미슈퍼,126.9145009345,37.6287486686,11380,은평구
12510,신사1동경로당,126.9065878058,37.6011047367,11380,은평구
12512,미미아파트,126.9145751762,37.6193298376,11380,은평구
12513,응암시장입구,126.9184081548,37.5938507341,11380,은평구
12514,구산근린공원.GS편의점,126.9081005205,37.6078442485,11380,은평구
12515,충남슈퍼,126.9152380123,37.6281888678,11380,은평구
12516,라이프씨티후문.광성교회,126.9065369075,37.6019571245,11380,은평구
12518,갈현초교.로데오거리,126.9171432868,37.6183017293,11380,은평구
12520,구산마트,126.9099346707,37.6075149639,11380,은평구
12521,신창슈퍼,126.9162130815,37.6275398834,11380,은평구
12522,역촌센트레빌,126.9066729719,37.6036440665,11380,은평구
12524,연신내역.물빛공원,126.9200640466,37.6179370025,11380,은평구
12525,금호아파트,126.9215937962,37.5991458825,11380,은평구
12526,엔에스아파트,126.9129600864,37.6074009938,11380,은평구
12527,대한슈퍼,126.9170390302,37.6264916063,11380,은평구
12528,천사원입구.서북병원,126.9072233446,37.6046059597,11380,은평구
12531,서부경찰서후문,126.922503383,37.6011577098,11380,은평구
12532,미주아트빌,126.9144620117,37.607360642,11380,은평구
12533,한일탕,126.9181148695,37.6258625007,11380,은평구
12534,GS편의점.제일영광교회,126.9090006442,37.6038691675,11380,은평구
12536,응암지구대,126.9266541847,37.6026268302,11380,은평구
12538,동아문구,126.9172320767,37.6250653271,11380,은평구
12539,역촌노인복지관,126.9110909239,37.6029022786,11380,은평구
12540,불광보건소,126.9276959244,37.6212263774,11380,은평구
12541,은평문화예술회관,126.9275532384,37.6036578292,11380,은평구
12542,구산전철역,126.9176987121,37.6107888716,11380,은평구
12543,갈현1동주민센터,126.9169038114,37.6237981731,11380,은평구
12544,역촌초등학교후문,126.9130783097,37.6021657689,11380,은평구
12545,금강골드,126.9300582848,37.6220396778,11380,은평구
12546,현대아파트,126.9289335194,37.6052022296,11380,은평구
12547,삼성아파트후문,126.9212918796,37.6094541116,11380,은평구
12548,우리들약국,126.9155822164,37.6023270787,11380,은평구
12549,불광중학교,126.9315964607,37.6223118057,11380,은평구
12550,삼거리,126.9308932967,37.6060269864,11380,은평구
12551,동명탕,126.9222594504,37.6113704609,11380,은평구
12554,불광동팀수양관,126.9337169448,37.6225815388,11380,은평구
12555,서울혁신파크,126.933287288,37.6064338527,11380,은평구
12556,동명여고후문,126.9245556417,37.6134047996,11380,은평구
12557,은평성모병원,126.915263,37.633821,11380,은평구
12559,불광중학교,126.9315479397,37.6225288027,11380,은평구
12560,녹번전철역,126.9352219968,37.6016520167,11380,은평구
12561,대조동우체국,126.9266354132,37.6130918108,11380,은평구
12562,하나은행역촌지점,126.9203621159,37.6082433296,11380,은평구
12564,금강골드,126.930019077,37.6221532998,11380,은평구
12566,불광전철역,126.9304044087,37.6097874644,11380,은평구
12567,갈현1동주민센터,126.9171783379,37.6234667674,11380,은평구
12569,불광보건소,126.927728474,37.6214750716,11380,은평구
12571,양광교회앞,126.9288804949,37.6085524361,11380,은평구
12572,갈현노인복지센터,126.9173681302,37.6249708087,11380,은평구
12577,한일탕,126.9182679378,37.6257490703,11380,은평구
12581,연신내역.물빛공원,126.9196188444,37.6179484142,11380,은평구
12582,서강스카이빌,126.9215785571,37.599637866,11380,은평구
12584,금원빌라,126.9182215668,37.6273083678,11380,은평구
12585,갈현초교.로데오거리,126.9172043613,37.6183891774,11380,은평구
12588,영진빌라,126.9172282867,37.6280239699,11380,은평구
12589,미미아파트,126.9147744045,37.6194836087,11380,은평구
12590,응암시장입구,126.9191082332,37.5936340537,11380,은평구
12592,일진빌라,126.9165086746,37.6286459709,11380,은평구
12593,선일여고.빅데이터고,126.9128739979,37.6205854307,11380,은평구
12594,신비로마트,126.9203269078,37.593465478,11380,은평구
12595,미주아트빌,126.9148764255,37.6074762806,11380,은평구
12596,미곡빌라,126.9157102264,37.6292031766,11380,은평구
12598,시립은평병원.파크자이아파트,126.9223154295,37.5931591443,11380,은평구
12599,엔에스아파트,126.9131547681,37.6075146741,11380,은평구
12600,양지빌라,126.9149120747,37.6287104174,11380,은평구
12603,구산마트,126.9100391865,37.6076913632,11380,은평구
12608,구파발역.롯데몰,126.9185015559,37.6375737328,11380,은평구
12612,하나은행역촌지점,126.9201615172,37.6083549287,11380,은평구
12615,구산근린공원.GS편의점,126.9085218863,37.6078265542,11380,은평구
12623,은평마을,126.9072186213,37.60822376,11380,은평구
12627,대동슈퍼,126.9070930846,37.6091680559,11380,은평구
12679,우리들약국,126.915544736,37.6024207649,11380,은평구
12682,역촌초등학교후문,126.913043084,37.6022657636,11380,은평구
12684,역촌노인복지관,126.9110704122,37.6030076903,11380,은평구
12685,GS편의점.제일영광교회,126.9089627251,37.6039125765,11380,은평구
12705,천사원입구,126.9072809761,37.6047114321,11380,은평구
12706,역촌센트레빌,126.9065348376,37.6036115181,11380,은평구
12713,라이프씨티아파트후문.광성교회,126.9063998164,37.6019984659,11380,은평구
12714,신사1동경로당,126.9064259132,37.6010559497,11380,은평구
12725,연신내역6번출구,126.920609953,37.6187941297,11380,은평구
12727,상신초교.두산.한신아파트,126.9063506929,37.5996258649,11380,은평구
12733,청구성심병원후문,126.9193772591,37.6203235076,11380,은평구
12741,역촌역,126.9234378955,37.6055237229,11380,은평구
12742,역촌역,126.9219467184,37.604969841,11380,은평구
12743,응암역,126.915151456,37.5976816655,11380,은평구
12744,응암역,126.9156177958,37.597900063,11380,은평구
12745,새절역,126.9134206649,37.5911367076,11380,은평구
12746,새절역,126.9140270141,37.591669694,11380,은평구
12747,증산역,126.9097617912,37.5837279163,11410,서대문구
12748,증산역,126.9093755737,37.5838186304,11380,은평구
12750,연갈현공판장후문,126.9191124639,37.6231941796,11380,은평구
12792,삼성래미안아파트,126.9379628881,37.6113931879,11380,은평구
12794,현대힐스테이트1차정문,126.937084611,37.6120189102,11380,은평구
12795,현대힐스테이트1차후문,126.9358352057,37.6122743017,11380,은평구
12804,현대홈타운아파트,126.9332606867,37.6121205904,11380,은평구
12806,불광역9번출구,126.9302407459,37.6110519588,11380,은평구
12807,현대홈타운아파트,126.9333185837,37.6119764495,11380,은평구
12808,현대힐스테이트1차후문,126.9352811899,37.6124118652,11380,은평구
12809,현대힐스테이트1차정문,126.936716506,37.6120344807,11380,은평구
12810,삼성래미안아파트,126.9380064656,37.6110914359,11380,은평구
12811,힐스테이트302동앞,126.9253747237,37.5883424842,11380,은평구
12812,힐스테이트116동앞,126.9249091668,37.589629845,11380,은평구
12813,서울연은초등학교,126.9245151054,37.5907478447,11380,은평구
12814,힐스테이트1단지정문앞,126.9242436989,37.5915036842,11380,은평구
12816,힐스테이트2단지후문앞,126.923985,37.5920072263,11380,은평구
12817,서울연은초등학교,126.9244417099,37.5905405474,11380,은평구
12818,힐스테이트212동앞,126.9248209789,37.5894937244,11380,은평구
12819,힐스테이트302동앞,126.9253154119,37.5881177776,11380,은평구
12820,태평양약국,126.9178287272,37.5931110564,11380,은평구
12821,국민은행,126.9166596611,37.5898036255,11380,은평구
12827,풍림아그네스앞,126.9186054162,37.6030068196,11380,은평구
12828,역촌유치원입구,126.9184603197,37.6041610114,11380,은평구
12829,새생명약국앞,126.9182215705,37.6060224907,11380,은평구
12830,새생명약국앞,126.9180755331,37.6059584123,11380,은평구
12831,역촌유치원입구,126.9182961091,37.6041473815,11380,은평구
12832,풍림아그네스앞,126.9184491833,37.6029499433,11380,은평구
12833,대림e편한세상1단지,126.9061448253,37.6122236066,11380,은평구
12834,대림e편한세상2단지,126.9066309054,37.6128333067,11380,은평구
12835,현대아파트입구,126.9064105253,37.6133377398,11380,은평구
12836,임창빌라,126.9079917288,37.6136362494,11380,은평구
12837,온누리약국,126.9091981199,37.6143112872,11380,은평구
12838,G캐슬아파트,126.9150771747,37.6152059361,11380,은평구
12839,길마어린이공원,126.9160551992,37.6148011476,11380,은평구
12840,길천사우나,126.9172394904,37.6142901678,11380,은평구
12841,대림모터스,126.9180072593,37.6145006565,11380,은평구
12842,연서시장,126.9210136547,37.6195798013,11380,은평구
12843,청구성심병원,126.9191023707,37.6208558722,11380,은평구
12844,아름다운교회,126.9185422575,37.6163142927,11380,은평구
12845,길마어린이공원,126.9161595705,37.6149318595,11380,은평구
12846,G캐슬아파트,126.9153720356,37.6152443908,11380,은평구
12847,한솔아파트입구,126.9138949752,37.6158421464,11380,은평구
12848,온누리약국,126.9092716485,37.6143933425,11380,은평구
12849,임창빌라,126.908003,37.613689,11380,은평구
12850,현대아파트입구,126.9065349731,37.6134594849,11380,은평구
12851,대림e편한세상2단지,126.9064477086,37.612863109,11380,은평구
12852,대림e편한세상1단지,126.9060994338,37.6122933971,11380,은평구
12853,와산교,126.9141942524,37.5888854535,11380,은평구
12854,서울정형외과,126.9187565139,37.5952882098,11380,은평구
12855,벧엘블래스빌,126.9185163078,37.5954033834,11380,은평구
12856,숭실고등학교,126.9037465738,37.5924359314,11380,은평구
12857,숭실고등학교입구,126.9058386761,37.5922844503,11380,은평구
12858,서신초교.내를건너서숲으로도서관,126.9074020312,37.5916437305,11380,은평구
12859,삼거리.명진아파트,126.9106559732,37.5904186369,11380,은평구
12860,안디옥교회.새절역,126.9127733944,37.5903413838,11380,은평구
12861,신사초등학교.새절역,126.9134793725,37.5931645919,11380,은평구
12863,상신초등학교입구,126.9080526428,37.5967350848,11380,은평구
12864,행운슈퍼,126.9059234022,37.5959549827,11380,은평구
12865,상신초교후문.산새마을종점,126.9051264097,37.5968616877,11380,은평구
12866,행운슈퍼,126.9057839273,37.5958997274,11380,은평구
12867,상신초등학교입구,126.9084801208,37.5966000242,11380,은평구
12869,새절역,126.913387,37.590645,11380,은평구
12870,삼거리.명진아파트,126.9104975116,37.590585901,11380,은평구
12871,서신초교.내를건너서숲으로도서관,126.9073480469,37.5918058667,11380,은평구
12872,숭실고등학교입구,126.905773399,37.592419547,11380,은평구
12873,경남아너스빌.서북병원,126.9055112666,37.6048441969,11380,은평구
12874,힐스테이트상가,126.9238016009,37.5926436602,11380,은평구
12875,서부중앙교회,126.9223210216,37.5891814717,11380,은평구
12876,응암초등학교,126.9212381918,37.5893764234,11380,은평구
12877,성암문구사거리,126.9200405855,37.58970267,11380,은평구
12880,응암감리교회대림시장앞,126.9186628308,37.5888003875,11380,은평구
12881,응암동성당,126.9195323069,37.589040611,11380,은평구
12882,성암문구사거리,126.9200061957,37.5895742757,11380,은평구
12883,응암초등학교,126.9213628305,37.5891693716,11380,은평구
12884,백련산힐스테이트2차앞,126.9227921057,37.5893460086,11380,은평구
12885,백련산힐스테이트2차상가앞,126.9230130166,37.5919747972,11380,은평구
12886,은평세무서음식문화거리,126.9251390628,37.6020443537,11380,은평구
12887,은평여성인력개발센터,126.9321452206,37.6072139011,11380,은평구
12888,대조시장.NC백화점,126.9278360602,37.6095175554,11380,은평구
12889,행정연구원건너편,126.9364616275,37.6096079683,11380,은평구
12890,파크자이105동앞,126.9229167793,37.5919679769,11380,은평구
12891,브라운스톤빌앞,126.9124577519,37.5905437355,11380,은평구
12991,6번지입구,126.9190319477,37.6268686558,11380,은평구
13001,북가좌동삼거리,126.9045265135,37.5754463835,11410,서대문구
13002,북가좌동삼거리,126.905143,37.575143,11410,서대문구
13003,DMC래미안e편한세상.요진아파트,126.9096099146,37.5716775164,11410,서대문구
13004,DMC래미안e편한세상.요진아파트,126.910313,37.571577,11410,서대문구
13005,모래내시장.가좌역,126.9150627853,37.5690774104,11410,서대문구
13006,모래내시장.가좌역,126.913786,37.569862,11410,서대문구
13007,사천교,126.9181539325,37.5675591039,11410,서대문구
13008,연희104고지앞.궁동근린공원,126.9250825384,37.56628429,11410,서대문구
13009,연희104고지앞.궁동근린공원,126.9257860764,37.5663570321,11410,서대문구
13010,서대문우체국,126.9319882204,37.5619524262,11410,서대문구
13011,서대문우체국,126.9314621185,37.5625326219,11410,서대문구
13012,연세대앞,126.935337338,37.5599563479,11410,서대문구
13013,연세대앞,126.9354996016,37.5601569117,11410,서대문구
13014,세브란스병원앞,126.9384506818,37.5599674551,11410,서대문구
13015,세브란스병원앞,126.9389236898,37.5601326008,11410,서대문구
13016,이대후문,126.9433012302,37.5626001751,11410,서대문구
13017,이대후문,126.943648393,37.5630635031,11410,서대문구
13019,동교동삼거리,126.92951964,37.5577646946,11440,마포구
13021,신촌오거리.현대백화점,126.9345037666,37.5559833987,11410,서대문구
13023,신촌오거리.2호선신촌역,126.9386937609,37.5557324618,11410,서대문구
13025,이대역,126.9472705221,37.5568755655,11440,마포구
13026,산골고개.e편한세상서대문,126.9399957025,37.5953018189,11410,서대문구
13027,산골고개.e편한세상서대문,126.940515779,37.5949694506,11410,서대문구
13028,홍제역.서대문세무서,126.944365257,37.5884908289,11410,서대문구
13029,홍제역.서대문세무서,126.9453225684,37.5878433932,11410,서대문구
13030,홍제삼거리.인왕산한신휴플러스,126.9478427379,37.585207045,11410,서대문구
13031,무악재역,126.9498097936,37.5831543142,11410,서대문구
13032,무악재역,126.9506553191,37.5818652109,11410,서대문구
13033,안산초등학교,126.951572,37.580686,11410,서대문구
13034,독립문역.한성과학고,126.9575774512,37.5746889121,11410,서대문구
13035,독립문역.한성과학고,126.9565608295,37.5756411364,11110,종로구
13036,영천시장,126.9625329584,37.5699391328,11410,서대문구
13037,영천시장,126.9631353297,37.5695278692,11110,종로구
13038,서대문역,126.9658300015,37.5664745324,11410,서대문구
13039,경찰청.동북아역사재단,126.9692243077,37.5624764161,11140,중구
13040,인왕산.홍제원아파트,126.9488623648,37.5843965104,11410,서대문구
13041,경찰청.동북아역사재단,126.968047,37.564312,11140,중구
13042,웨딩타운,126.9525537641,37.5572390055,11410,서대문구
13044,아현역,126.9568854911,37.5573893313,11410,서대문구
13045,충정로역,126.9633122036,37.5608580892,11410,서대문구
13046,충정로역,126.9624921672,37.5598014128,11410,서대문구
13047,서대문역사거리,126.966565,37.565579,11410,서대문구
13107,모래내시장.가좌역,126.9139631219,37.5699234895,11410,서대문구
13109,사천교,126.918313,37.567753,11410,서대문구
13110,연희104고지앞.궁동근린공원,126.9242109644,37.5662972487,11410,서대문구
13111,연희104고지앞.궁동근린공원,126.924998,37.56655,11410,서대문구
13112,서대문우체국,126.9304420835,37.5632286878,11410,서대문구
13113,서대문우체국,126.9311628502,37.5630010161,11410,서대문구
13114,연세대학교앞,126.9353063323,37.5598189289,11410,서대문구
13115,연대앞,126.9348360825,37.560453873,11410,서대문구
13116,세브란스병원,126.9378406593,37.5598680153,11410,서대문구
13117,세브란스병원,126.9392418031,37.5602647606,11410,서대문구
13118,이대부중,126.9429924976,37.5622161608,11410,서대문구
13119,이대부중,126.9441630049,37.5636440514,11410,서대문구
13120,이대부고,126.9464306606,37.5655323127,11410,서대문구
13121,이대부고,126.9464759832,37.5663177634,11410,서대문구
13122,홍은동동부센트레빌,126.9387082438,37.5967569936,11410,서대문구
13123,산골고개.e편한세상서대문,126.9405745726,37.59506873,11410,서대문구
13124,홍은사거리.북한산더샵아파트앞,126.9412659588,37.5923780828,11410,서대문구
13125,홍제우체국,126.946047,37.586895,11410,서대문구
13133,영천시장,126.9620200068,37.5702280395,11410,서대문구
13134,금화초등학교.서울시교육청,126.9643259996,37.5679014179,11410,서대문구
13137,충정로역2번출구,126.9640265994,37.5596112723,11410,서대문구
13140,이대역4번출구,126.9465754208,37.5569841725,11410,서대문구
13141,신촌기차역입구,126.9438432587,37.5568082054,11410,서대문구
13142,신촌역2호선,126.9396412239,37.5561879537,11410,서대문구
13143,신촌아트레온,126.9407880306,37.5565096313,11410,서대문구
13144,동교동삼거리연희동방면,126.9274994875,37.5586582575,11410,서대문구
13145,연세로.명물거리,126.9369771454,37.5581462307,11410,서대문구
13146,연세로.스타광장,126.936763576,37.5564094444,11410,서대문구
13147,연희동대우아파트,126.9279552211,37.5626233467,11440,마포구
13148,연희교차로,126.9302898099,37.5658534534,11410,서대문구
13149,연희교차로,126.930035,37.565947,11410,서대문구
13150,연희3거리,126.931902,37.567905,11410,서대문구
13151,연희3거리,126.9316095114,37.5679329873,11410,서대문구
13152,한성화교중고교.서대문소방서,126.9354132782,37.572300887,11410,서대문구
13153,한성화교중고교.서대문소방서,126.935209346,37.5724773892,11410,서대문구
13154,서대문자연사박물관입구,126.935409088,37.5751696986,11410,서대문구
13155,서대문자연사박물관입구,126.9352420646,37.5752259192,11410,서대문구
13156,서대문구청.보건소.구의회,126.9360659508,37.5782448388,11410,서대문구
13157,서대문구청.서대문구의회,126.9358425895,37.5786159669,11410,서대문구
13158,동신병원.홍제폭포,126.9360098808,37.5808305209,11410,서대문구
13159,서대문보건소별관.홍제폭포,126.9362856888,37.5826619393,11410,서대문구
13160,정원여중,126.9349879316,37.5862495334,11410,서대문구
13161,정원여중.스위스그랜드호텔,126.9352599978,37.5876617984,11410,서대문구
13162,홍은현대아파트.스위스그랜드호텔,126.9364277763,37.5886491136,11410,서대문구
13163,홍은현대아파트,126.9383457541,37.5900579315,11410,서대문구
13164,유진상가,126.9428678255,37.5917540721,11410,서대문구
13165,유진상가,126.9431392494,37.5921799219,11410,서대문구
13166,문화촌현대아파트,126.9465445621,37.5922468351,11410,서대문구
13167,문화촌현대아파트,126.9468069077,37.5926521614,11410,서대문구
13168,서울여자간호대학교.홍은초등학교,126.9492224035,37.596107216,11410,서대문구
13169,서울여자간호대학교.홍은초등학교,126.948705185,37.595642031,11410,서대문구
13170,유원하나아파트,126.9526777041,37.595884281,11410,서대문구
13171,유원하나아파트,126.9520650666,37.5957428014,11410,서대문구
13172,홍지문.옥천암,126.9565922341,37.5965724145,11410,서대문구
13173,홍지문,126.956263,37.59691,11410,서대문구
13174,북가좌오거리,126.911478,37.579833,11410,서대문구
13175,북가좌오거리,126.9114608746,37.5802996548,11410,서대문구
13176,북가좌2동주민센터,126.9131368767,37.5820367519,11410,서대문구
13177,북가좌2동주민센터,126.9134019708,37.582863608,11410,서대문구
13178,동도하이츠아파트,126.9150178885,37.5846770601,11410,서대문구
13179,동도하이츠아파트,126.9147685281,37.5849012516,11410,서대문구
13180,DMC파크뷰자이,126.9162367644,37.5738624722,11410,서대문구
13181,삼성래미안2차아파트,126.913812,37.57125,11410,서대문구
13182,모래내삼거리,126.9132772911,37.5707856905,11410,서대문구
13183,DMC래미안e편한세상2.4단지,126.9109918398,37.576740896,11410,서대문구
13184,모래내우체국.증가교회,126.9117262959,37.5764407614,11410,서대문구
13185,북가좌삼호.DMC아이파크아파트,126.9133099754,37.5752684365,11410,서대문구
13186,북가좌삼호.DMC아이파크아파트,126.913058,37.57553,11410,서대문구
13188,DMC센트레빌아파트,126.915772,37.575307,11410,서대문구
13189,DMC파크뷰자이.별동상가,126.9160852843,37.575189079,11410,서대문구
13190,래미안루센티아.DMC쌍용,126.9185357219,37.5755669605,11410,서대문구
13191,명지대사거리,126.9209818476,37.5773706116,11410,서대문구
13192,DMC에코자이아파트,126.9195564567,37.5764335942,11410,서대문구
13193,DMC센트럴아이파크아파트,126.9218530795,37.5782195826,11410,서대문구
13194,명지대,126.9235485995,37.5791366844,11410,서대문구
13195,명지대,126.9242905927,37.5798843005,11410,서대문구
13196,명지대삼거리,126.9260980643,37.5809598808,11410,서대문구
13197,명지대삼거리,126.926363438,37.5812704533,11410,서대문구
13198,고은초등학교.홍제센트럴아이파크,126.9446994488,37.5852299437,11410,서대문구
13199,신연중학교서대문도서관,126.9408336411,37.583957533,11410,서대문구
13200,백련교.홍제폭포,126.9375486367,37.5829006647,11410,서대문구
13201,서대문문화체육회관입구,126.9353906921,37.5814081994,11410,서대문구
13202,홍연2교.두산아파트앞,126.9308803247,37.5784212336,11410,서대문구
13203,홍남교,126.927497,37.576642,11410,서대문구
13204,연가교,126.922182071,37.5725614324,11410,서대문구
13205,연희파크푸르지오앞,126.9273349864,37.5753590003,11410,서대문구
13206,홍연시장,126.9306866952,37.5771334404,11410,서대문구
13207,연희홍연아파트,126.9323548321,37.577997674,11410,서대문구
13208,서대문구청,126.934871913,37.5790506621,11410,서대문구
13209,남가좌현대아파트,126.9218592217,37.5749175727,11410,서대문구
13210,신촌기차역,126.9424516144,37.5587819764,11410,서대문구
13211,신촌기차역,126.942932947,37.5583564889,11410,서대문구
13212,증산교앞,126.9048028539,37.5780399456,11410,서대문구
13213,연희지하차도,126.9325574117,37.5771502914,11410,서대문구
13214,연희지하차도,126.9322061541,37.5775014779,11410,서대문구
13215,홍연2교.현대교통종점,126.9299866353,37.5782142202,11410,서대문구
13216,홍연2교.현대교통종점,126.9302043856,37.5784013054,11410,서대문구
13217,명지대입구.서울무용센터,126.9274075515,37.5808491187,11410,서대문구
13218,명지중고등학교,126.9256976401,37.5825611977,11410,서대문구
13219,명지중고등학교,126.9256885404,37.5829327992,11410,서대문구
13220,명지전문대.충암중고등학교,126.9235951233,37.5846658745,11410,서대문구
13221,명지전문대.충암중고등학교,126.9239584623,37.5846680823,11410,서대문구
13222,연희동자치회관,126.9312682155,37.5695181223,11410,서대문구
13223,연희동자치회관,126.9312958858,37.5697475722,11410,서대문구
13224,서대문구보훈회관,126.9293638634,37.5717018011,11410,서대문구
13225,서대문구보훈회관,126.9295369529,37.5718307606,11410,서대문구
13226,홍남교.서대문구행복그린센터,126.9269827008,37.5746380958,11410,서대문구
13227,홍남교.서대문구행복그린센터,126.9270266699,37.5748855063,11410,서대문구
13228,백련시장,126.9249301317,37.5766469566,11410,서대문구
13229,백련시장,126.9247007242,37.5770899891,11410,서대문구
13230,명지대사거리.백련시장,126.9225808324,37.5774257307,11410,서대문구
13231,명지대사거리.국민은행앞,126.9224193215,37.5776103285,11410,서대문구
13232,연가초교.DMC래미안클라시스,126.9172942879,37.5791189521,11410,서대문구
13233,연가초.연희중.래미안클라시스,126.91806787,37.5789588794,11410,서대문구
13234,북가좌사거리,126.9146690658,37.5811819257,11410,서대문구
13235,북가좌사거리,126.9141424887,37.5818379941,11410,서대문구
13236,북가좌119안전센터,126.9126208621,37.5827046271,11410,서대문구
13237,북가좌119안전센터,126.9120370471,37.5834459918,11410,서대문구
13238,충정로역9번출구,126.964018,37.561714,11410,서대문구
13240,미동초등학교,126.9644505142,37.5631581038,11410,서대문구
13241,DMC한양아파트,126.9085188895,37.5764898997,11410,서대문구
13242,북가좌초교?DMC현대아파트,126.9084364654,37.5767876006,11410,서대문구
13243,DMC파크뷰자이1단지입구,126.91693,37.571091,11410,서대문구
13250,독립문역?서대문형무소역사관,126.9564326063,37.5754192746,11410,서대문구
13252,경찰청,126.968395,37.563413,11410,서대문구
13253,충정로역2호선,126.9642110489,37.5597212618,11410,서대문구
13256,연가교,126.9221469551,37.5728168589,11410,서대문구
13257,가좌역3번출구,126.914759,37.569163,11410,서대문구
13258,명지대입구.신원지벤스타,126.9281505144,37.5804565915,11410,서대문구
13259,창서초등학교.현대백화점,126.9330023083,37.5566664866,11410,서대문구
13260,서대문종합사회복지관,126.9200245273,37.5712597156,11410,서대문구
13261,서대문종합사회복지관,126.9201437133,37.5709633371,11410,서대문구
13262,홍남교.백련시장입구,126.9251839684,37.5752855695,11410,서대문구
13263,북가좌초교사거리,126.9102546757,37.5787263414,11410,서대문구
13264,북가좌초교사거리,126.910333,37.578365,11410,서대문구
13265,은가어린이공원.구150번종점,126.9196202751,37.5829339719,11410,서대문구
13267,DMC두산위브아파트,126.915323745,37.5805574973,11410,서대문구
13268,DMC두산위브아파트,126.915940812,37.5803471667,11410,서대문구
13270,서대문독립공원?극동아파트,126.9593190984,37.5718528892,11410,서대문구
13278,봉원동사거리,126.9464767265,37.5668611224,11410,서대문구
13279,봉원사,126.9461047804,37.5701024648,11410,서대문구
13280,봉원사,126.9461148977,37.570109,11410,서대문구
13281,봉원동사거리,126.9467009136,37.5667963452,11410,서대문구
13282,서대문독립공원.삼호아파트,126.9594106078,37.5714897037,11410,서대문구
13285,서부운수기점,126.910257,37.581632,11410,서대문구
13299,중소기업은행,126.9129894423,37.5822573867,11410,서대문구
13313,봉원사길,126.946017179,37.5683540231,11410,서대문구
13314,봉원사길,126.9461086912,37.5686023092,11410,서대문구
13324,연세로.문학의거리,126.9370041956,37.5562631609,11410,서대문구
13325,독립공원사거리,126.955308749,37.5763938404,11410,서대문구
13326,독립공원사거리,126.9552249123,37.5764875221,11410,서대문구
13327,가재울초등학교,126.9189766576,37.5739820992,11410,서대문구
13328,가재울초등학교,126.9187610612,37.5744342988,11410,서대문구
13329,산골고개.e편한세상서대문,126.9403025508,37.5948326835,11410,서대문구
13330,DMC래미안e-편한세상3단지,126.9067640004,37.5751661304,11410,서대문구
13331,DMC래미안e-편한세상3단지,126.9070551106,37.5750474159,11410,서대문구
13332,연흥교회,126.9211651676,37.5726089786,11410,서대문구
13334,홍제역4번출구,126.943082762,37.5893732847,11410,서대문구
13335,남가좌동새마을금고,126.917304,37.574429,11410,서대문구
13336,국립대한민국임시정부기념관,126.9535721283,37.5758314601,11410,서대문구
13337,독립문파크빌.한성과학고,126.9518579342,37.5745776862,11410,서대문구
13338,두산아파트,126.9320567839,37.578770322,11410,서대문구
13339,DMC파크뷰자이,126.9163415838,37.5737656896,11410,서대문구
13340,아현가구단지,126.9608923538,37.5586613075,11410,서대문구
13341,DMC쌍용.래미안루센티아,126.9188102139,37.575591927,11410,서대문구
13500,정원슈퍼,126.9317244197,37.5864360186,11410,서대문구
13501,홍은동국민주택,126.9498503303,37.6056753028,11410,서대문구
13502,백련사,126.9285294071,37.5848355947,11410,서대문구
13503,풍진베이스타운.안산자락길입구,126.9433200359,37.5824266586,11410,서대문구
13505,개미마을,126.9539148251,37.589797675,11410,서대문구
13506,두산아파트,126.949261098,37.5591201611,11410,서대문구
13507,북아현삼거리,126.9529748039,37.5648050703,11410,서대문구
13508,궁동근린공원입구,126.9241991219,37.5695765271,11410,서대문구
13509,뜨란채아파트101동,126.9587733457,37.565837009,11410,서대문구
13510,삼성빌라,126.9338401245,37.5956010964,11410,서대문구
13511,소공원,126.9325182667,37.5863364542,11410,서대문구
13512,풍림.극동아파트,126.9494723222,37.6036389041,11410,서대문구
13513,명지고후문,126.929089453,37.584106951,11410,서대문구
13514,명진아트빌라,126.9436821958,37.5828145423,11410,서대문구
13515,홍은초등학교,126.9503226419,37.5968898285,11410,서대문구
13516,삼거리연탄가게,126.9533843286,37.5904915483,11410,서대문구
13517,초원약국,126.9500337563,37.5597710801,11410,서대문구
13518,추계초등학교,126.9541934784,37.5635916001,11410,서대문구
13519,궁동근린공원회관,126.9253683141,37.5709433271,11410,서대문구
13520,서서울농협홍은지점.동신병원,126.9361173049,37.580979243,11410,서대문구
13521,뜨란채아파트.노인복지관,126.9590155058,37.568067297,11410,서대문구
13522,금화장오거리,126.9592914762,37.5643630011,11410,서대문구
13523,미성아파트,126.9344642894,37.5932894508,11410,서대문구
13524,삼성그린빌,126.9326750877,37.5869709106,11410,서대문구
13526,팔각정,126.9301670114,37.5832993159,11410,서대문구
13527,고은초교삼거리,126.9438520431,37.5843122345,11410,서대문구
13528,문화촌주유소,126.9485919264,37.5952728242,11410,서대문구
13529,버드나무가게,126.9528846042,37.5910365086,11410,서대문구
13530,신촌푸르지오1단지후문.힐스테이트신촌,126.9516429305,37.5608509379,11410,서대문구
13531,새마을금고,126.9548740803,37.5631196895,11410,서대문구
13532,서대문지역자활센터,126.9262762163,37.5721234264,11410,서대문구
13534,산경아파트,126.9603003349,37.5685268448,11410,서대문구
13535,경기대후문,126.9614458786,37.5639149801,11410,서대문구
13536,홍은중학교,126.9346010147,37.5923361752,11410,서대문구
13537,동원빌라,126.9332966622,37.5870541637,11410,서대문구
13538,포방공영주차장,126.948937151,37.6008891646,11410,서대문구
13539,서대문문화체육회관,126.9319952523,37.5812287775,11410,서대문구
13540,성원아파트,126.9427866202,37.584232427,11410,서대문구
13541,홍은사회복지관별관,126.9480491692,37.5941733769,11410,서대문구
13542,금강빌라.인왕중학교,126.951991775,37.5918227992,11410,서대문구
13544,중앙여고,126.9555537949,37.5622215575,11410,서대문구
13545,홍제초등학교,126.9434055817,37.5922380009,11410,서대문구
13546,천연동마을금고,126.9614503394,37.568438466,11410,서대문구
13547,미동초교,126.9649491898,37.5642738059,11410,서대문구
13548,차고앞,126.9348869143,37.5917253952,11410,서대문구
13549,싸이버아파트,126.9340020442,37.5871221418,11410,서대문구
13551,서대문내품애센터,126.9333967449,37.5802086413,11410,서대문구
13553,문화촌현대아파트,126.9473597602,37.5923192809,11410,서대문구
13554,오동나무앞,126.951110117,37.5928682464,11410,서대문구
13556,경남아파트.북아현119안전센터,126.9558700919,37.5610274127,11410,서대문구
13557,행복하우스,126.9286952481,37.5731363439,11410,서대문구
13560,삼거리,126.9352937891,37.5900216603,11410,서대문구
13561,정원여중입구,126.9345801332,37.5864367347,11410,서대문구
13562,호박골다리,126.9467080038,37.5981452692,11410,서대문구
13563,송죽원,126.9390725472,37.5839495785,11410,서대문구
13564,홍제역해링턴플레이스,126.9467051053,37.5910942532,11410,서대문구
13565,동성교회,126.9496042131,37.5941790512,11410,서대문구
13566,중앙여고,126.9548553237,37.5618692519,11410,서대문구
13567,한성고교,126.9564975053,37.5594522562,11410,서대문구
13570,현대그린마트,126.9610204725,37.5713449478,11410,서대문구
13571,충정로역8번출구,126.963069492,37.5609058481,11410,서대문구
13572,스위스그랜드호텔앞,126.9363704352,37.5889769825,11410,서대문구
13574,간호대정문,126.9474272357,37.596999962,11410,서대문구
13575,홍은사거리,126.9412976503,37.5923950001,11410,서대문구
13577,인왕초등학교,126.9455049823,37.5892500775,11410,서대문구
13578,문화공원입구,126.9483947754,37.5944055102,11410,서대문구
13583,충정로역7번출구,126.962423,37.559865,11410,서대문구
13586,산골고개,126.9406034792,37.5950393216,11410,서대문구
13587,홍은초등학교.간호대입구,126.9488940175,37.5964555066,11410,서대문구
13589,가산빌라,126.9360670682,37.584882269,11410,서대문구
13590,사러가쇼핑,126.930245878,37.5672943164,11410,서대문구
13591,영천시장입구,126.9630256888,37.5692775009,11410,서대문구
13592,나이스신용정보.(구)한국예술원,126.961904561,37.5612397836,11410,서대문구
13593,반석블레스아파트,126.9410116214,37.5951671678,11410,서대문구
13594,평화슈퍼,126.9357069372,37.5862688501,11410,서대문구
13595,북아현로입구,126.956271,37.557825,11410,서대문구
13596,아현역1번출구,126.9553924724,37.5575069757,11410,서대문구
13597,육교앞,126.9643010771,37.5679383551,11410,서대문구
13598,광염교회,126.9619360631,37.562301158,11410,서대문구
13599,풍림1차아파트,126.9420858176,37.5943540172,11410,서대문구
13600,스위스그랜드호텔,126.9364416698,37.5877677594,11410,서대문구
13617,웨딩타운,126.9515261108,37.5572720684,11410,서대문구
13626,서대문문화체육회관,126.9349134591,37.5807483392,11410,서대문구
13654,서대문사거리,126.9654574653,37.5666951917,11410,서대문구
13656,경기대사회교육원,126.9624252992,37.5633648333,11410,서대문구
13659,팔각정,126.9432424727,37.5952754911,11410,서대문구
13660,남양아파트,126.9383406199,37.5891240045,11410,서대문구
13664,서대문전철역,126.9659992155,37.5652797325,11410,서대문구
13665,인창중고,126.9636417757,37.5642130373,11410,서대문구
13667,홍은유원아파트,126.9450463638,37.5969649835,11410,서대문구
13668,유진상가다리앞,126.9446843067,37.5919205228,11410,서대문구
13669,문화촌현대아파트입구,126.9471389075,37.5926048425,11410,서대문구
13683,바비엥스위트,126.9673182162,37.5647772952,11410,서대문구
13695,종근당,126.9629183473,37.5598271919,11410,서대문구
13698,이대농협,126.9440526436,37.5568236234,11410,서대문구
13699,미동초등학교,126.9651506262,37.5643964142,11410,서대문구
13700,인창중고,126.9641668008,37.5646637442,11410,서대문구
13715,사천교,126.9180638508,37.5680630996,11410,서대문구
13716,벽산아파트후문,126.9459766195,37.5962886959,11410,서대문구
13720,현대백화점,126.9347143466,37.5561694068,11410,서대문구
13724,아트레온,126.940090405,37.5562630013,11410,서대문구
13725,신촌자이엘라,126.9425352186,37.5567637834,11410,서대문구
13726,인창중고,126.9642045993,37.5644916315,11410,서대문구
13731,연희초등학교,126.9335745537,37.5699570285,11410,서대문구
13737,광산사우나,126.9645783982,37.5656091147,11410,서대문구
13740,스위스그랜드호텔.현대아파트,126.9363778811,37.5893324262,11410,서대문구
13747,모래내시장,126.9156151886,37.5690928967,11410,서대문구
13749,연희초등학교,126.9330310414,37.5697196069,11410,서대문구
13751,홍은성당,126.9464082826,37.5960212696,11410,서대문구
13754,간호대입구올해피장애인복지센터,126.9491285283,37.5959314635,11410,서대문구
13755,우리은행홍제동지점,126.9451782303,37.5917792198,11410,서대문구
13764,미동초등학교,126.9648856423,37.5631094992,11410,서대문구
13773,연희삼거리,126.9344980432,37.5715704986,11410,서대문구
13774,연희삼거리,126.9332681588,37.5695126174,11410,서대문구
13775,서대문구청,126.9357996958,37.5784645604,11410,서대문구
13776,서대문구청,126.936131388,37.5785143003,11410,서대문구
13777,그랜드힐튼호텔,126.9357565292,37.5878538931,11410,서대문구
13778,그랜드힐튼호텔,126.9355163118,37.5880402875,11410,서대문구
13793,CGV신촌아트레온,126.938554851,37.5557927422,11410,서대문구
13794,경기대후문,126.961672228,37.5640060641,11410,서대문구
13795,서대문성당,126.9640444243,37.5672714689,11410,서대문구
13796,삼거리,126.935433086,37.5900046159,11410,서대문구
13798,벽산아파트정문,126.9460106487,37.594645127,11410,서대문구
13801,서대문역7번출구,126.9669874701,37.5652394638,11410,서대문구
13802,신촌전철역,126.9371485343,37.5553901125,11410,서대문구
13803,금화장오거리,126.9593378205,37.5644864668,11410,서대문구
13804,동명여중,126.9629186057,37.5680640191,11410,서대문구
13805,차고앞,126.9351293826,37.5915705415,11410,서대문구
13808,고은초교삼거리,126.9436845024,37.5842616936,11410,서대문구
13813,영천시장입구,126.9619594904,37.5684809789,11410,서대문구
13814,홍은중학교,126.9347015063,37.5926714357,11410,서대문구
13816,정원여중입구,126.9346366412,37.5865602152,11410,서대문구
13818,명진아트빌라,126.943546249,37.5829135972,11410,서대문구
13819,문화공원입구,126.9484966108,37.5942912091,11410,서대문구
13820,가재울초등학교,126.9183585228,37.5745622293,11410,서대문구
13821,연대앞.세브란스병원,126.9355917024,37.5602943607,11410,서대문구
13822,미성아파트,126.9346802635,37.5936545113,11410,서대문구
13823,남가좌동아이파크후문,126.9206142993,37.5745040424,11410,서대문구
13824,싸이버아파트,126.9340393252,37.5872194803,11410,서대문구
13826,동신병원사거리,126.9356034175,37.5815669075,11410,서대문구
13827,동성교회,126.9494683467,37.5941402463,11410,서대문구
13828,연희성당,126.9311005456,37.5630514409,11410,서대문구
13830,남가좌동아이파크정문,126.9215738878,37.5749489217,11410,서대문구
13831,동원빌라,126.9333033629,37.5871586938,11410,서대문구
13832,홍은2동주민센터,126.934715178,37.5809086238,11410,서대문구
13833,오동나무,126.9507351582,37.593009015,11410,서대문구
13834,연희브라운스톤,126.9302298489,37.5657082519,11410,서대문구
13835,3호선독립문역,126.9584504401,37.5724599224,11410,서대문구
13837,삼성그린빌,126.9325460681,37.5868978487,11410,서대문구
13838,서대문내품애센터,126.9334962806,37.5803213337,11410,서대문구
13839,금강빌라.인왕중학교,126.9516257391,37.5922107348,11410,서대문구
13840,하나은행연희동지점,126.931247474,37.5669938067,11410,서대문구
13841,이진아기념도서관,126.9565857109,37.5727088538,11410,서대문구
13844,서대문문화체육회관,126.9318571973,37.5815354767,11410,서대문구
13845,버드나무가게,126.9527510089,37.590994104,11410,서대문구
13846,종근당후문,126.9637436891,37.5594697141,11410,서대문구
13847,사러가쇼핑,126.9303732956,37.5672110495,11410,서대문구
13848,국민은행,126.931818,37.56781,11410,서대문구
13849,극동아파트119동,126.9547526626,37.5729676798,11410,서대문구
13850,사천교,126.9185424288,37.5683166376,11410,서대문구
13852,팔각정,126.9303357066,37.583313833,11410,서대문구
13853,삼거리연탄.약수터입구,126.9532665726,37.5904725788,11410,서대문구
13855,민속식당,126.9296164448,37.5679615197,11410,서대문구
13857,이진아기념도서관,126.9564804632,37.5726421343,11410,서대문구
13858,유진상가,126.9426778859,37.591660052,11410,서대문구
13859,명지고후문,126.9292207427,37.5841656006,11410,서대문구
13860,개미마을,126.9537786344,37.5897135968,11410,서대문구
13861,아현전철역,126.9577230295,37.5574907123,11410,서대문구
13862,서연중학교,126.928589688,37.5691422348,11410,서대문구
13864,3호선독립문역,126.9583836762,37.5724049323,11410,서대문구
13865,이대입구,126.9452863295,37.5568998934,11410,서대문구
13866,백련사,126.9286278498,37.5849059393,11410,서대문구
13867,평화교회,126.9260014418,37.5695046821,11410,서대문구
13869,극동아파트입구,126.9585322513,37.5719201973,11410,서대문구
13870,신촌아트레온,126.9407252016,37.5564894962,11410,서대문구
13871,북아현동주민센터,126.9567766726,37.5596417843,11410,서대문구
13874,삼호아파트.천연동주민센터,126.9593909971,37.5707914279,11410,서대문구
13875,홍은초등학교.간호대입구,126.9483983653,37.5968134349,11410,서대문구
13876,경남아파트.북아현119안전센터,126.9560391181,37.5607808911,11410,서대문구
13877,홍제폭포.동신병원,126.9354666025,37.5800385838,11410,서대문구
13878,영천시장입구,126.9614410169,37.5689547887,11410,서대문구
13879,간호대정문,126.9471326,37.5973129248,11410,서대문구
13880,중앙여고,126.9549530248,37.5620580263,11410,서대문구
13881,중앙여고,126.9556170486,37.562450459,11410,서대문구
13882,홍은2동어린이집앞,126.9341740353,37.5795467759,11410,서대문구
13883,감리신학대학교,126.9625724585,37.5679216001,11410,서대문구
13885,추계초등학교,126.9542624655,37.5636952525,11410,서대문구
13886,두산아파트,126.9320428222,37.5787201694,11410,서대문구
13887,서대문센트레빌,126.9639357971,37.5671723156,11410,서대문구
13888,포방시장,126.9485644718,37.5993508468,11410,서대문구
13891,홍은2동주민센터,126.9344518005,37.5804137793,11410,서대문구
13892,광산사우나,126.9644312366,37.5656108726,11410,서대문구
13893,포방공영주차장,126.9491591491,37.6008595246,11410,서대문구
13894,힐스테이트신촌.신촌푸르지오1단지후문,126.9515497876,37.5608966456,11410,서대문구
13895,인창중고,126.9641139341,37.5647326205,11410,서대문구
13897,호박골다리,126.9468857242,37.5981372208,11410,서대문구
13898,초원약국,126.9498696017,37.5598106586,11410,서대문구
13902,홍은동국민주택,126.9499071147,37.6051967755,11410,서대문구
13905,풍림.극동아파트,126.9495050706,37.6034755286,11410,서대문구
13907,홍은동국민주택,126.949965709,37.6056464425,11410,서대문구
13911,홍제역3번출구,126.9442328155,37.5884321956,11410,서대문구
13912,홍제우체국,126.9463325749,37.5867611042,11410,서대문구
13913,홍제2동주민센터,126.949649234,37.5861855115,11410,서대문구
13915,인왕산현대아파트입구,126.9479674436,37.5854477501,11410,서대문구
13916,삼호아파트.천연동주민센터,126.9600087407,37.570506964,11410,서대문구
13917,홍제역1번출구,126.944047791,37.5890349366,11410,서대문구
13918,유진상가.인왕시장,126.9421882308,37.5907884605,11410,서대문구
13919,연희브라운스톤,126.930217,37.566066,11410,서대문구
13922,신촌기차역,126.9426327429,37.5587257522,11410,서대문구
13923,인왕산현대아파트입구,126.9487531269,37.5851813121,11410,서대문구
13924,인왕산현대아파트117동,126.9510210022,37.5863067328,11410,서대문구
13926,북아현로입구,126.9564549195,37.5581795882,11410,서대문구
13927,인왕산현대아파트117동,126.9510203195,37.5864158661,11410,서대문구
13928,이대전철역,126.9468188341,37.5569744833,11410,서대문구
13929,유진상가,126.9419373753,37.5906566603,11410,서대문구
13930,인왕산현대아파트101동,126.9504373685,37.5861227688,11410,서대문구
13933,홍은2동주민센터,126.9341610096,37.5801955537,11410,서대문구
13934,뜨란채아파트101동,126.958513127,37.5659098551,11410,서대문구
13935,뜨란채아파트101동,126.958626211,37.5657892,11410,서대문구
13936,홍지문35통,126.9561380553,37.5967940402,11410,서대문구
13937,옥천교앞,126.9543661773,37.5963608926,11410,서대문구
13938,대명빌라,126.9270218704,37.5729270056,11410,서대문구
13939,인왕시장,126.942912416,37.591139002,11410,서대문구
13940,창덕에버빌,126.91742748,37.5693943762,11410,서대문구
13941,영천동,126.9605988267,37.5701370515,11410,서대문구
13942,독립문,126.9593725088,37.5714816578,11410,서대문구
13943,영천동,126.960381957,37.5700627813,11410,서대문구
13944,동원베네스트아파트입구,126.9447652539,37.5982578813,11410,서대문구
13945,홍은유원아파트입구,126.9451708339,37.5972309406,11410,서대문구
13946,동원베네스트주차장.두산위브입구,126.9442149137,37.5991156733,11410,서대문구
13947,홍은사회복지관별관,126.9474377485,37.5941280566,11410,서대문구
13952,서강아파트1차정문앞,126.934065371,37.5949183961,11410,서대문구
13953,연희상가아파트,126.928044361,37.5731224341,11410,서대문구
13955,봉원사입구,126.9464269727,37.5667306356,11410,서대문구
13956,증산역(증산2교),126.9113530601,37.5837069844,11410,서대문구
13957,행운부동산앞,126.916578396,37.5809892128,11410,서대문구
13958,은가경로당앞,126.9179580379,37.5810400985,11410,서대문구
13959,우리동네키움센터.삼성유치원,126.9185042381,37.5815105244,11410,서대문구
13960,두란노어린이집앞,126.9207840836,37.5815815396,11410,서대문구
13961,은혜감사어린이집,126.9224798172,37.5820455097,11410,서대문구
13962,백련어린이공원(공영주차장),126.9236989303,37.5826610496,11410,서대문구
13963,상록운수,126.9233580202,37.5840282682,11410,서대문구
13964,명지대학교교회,126.9253633984,37.5825812067,11410,서대문구
13965,명지대후문(세븐일레븐),126.9248522221,37.5814681556,11410,서대문구
13966,백련어린이공원,126.9239938349,37.5822559752,11410,서대문구
13967,은혜감사어린이집앞,126.9223608986,37.5820882288,11410,서대문구
13968,두란노어린이집,126.9205272051,37.5817423785,11410,서대문구
13969,우리동네키움센터.삼성유치원,126.9184796033,37.581739926,11410,서대문구
13971,행운부동산앞,126.9165576051,37.5808266426,11410,서대문구
13972,북가좌사거리,126.9137827727,37.5815349216,11410,서대문구
13973,북가좌오거리,126.9124960014,37.5811559999,11410,서대문구
13974,북가좌파출소,126.9111737609,37.5813659825,11410,서대문구
13975,해담는다리앞,126.9093836158,37.5822276439,11410,서대문구
13976,이마트24앞,126.9214779936,37.5819344759,11410,서대문구
13977,증산2교,126.9109326449,37.5839069226,11410,서대문구
13978,홍제천입구,126.9321466162,37.5788352473,11410,서대문구
14001,마포역,126.9479644874,37.5409425139,11440,마포구
14002,마포역,126.9467854312,37.540277175,11440,마포구
14003,공덕역,126.9509046196,37.5436049054,11440,마포구
14004,공덕역,126.9513544428,37.5445016819,11440,마포구
14005,아현동주민센터,126.9529070766,37.546364876,11440,마포구
14006,아현동주민센터,126.9532416189,37.5470777755,11440,마포구
14007,마포경찰서,126.9552123486,37.5501999331,11440,마포구
14008,마포경찰서,126.9553048134,37.5507703612,11440,마포구
14009,아현초등학교,126.9571001865,37.5540780443,11440,마포구
14010,아현초등학교,126.9573351399,37.5548981253,11440,마포구
14011,합정역,126.9129885095,37.5489993779,11440,마포구
14012,합정역,126.9138559699,37.5495322937,11440,마포구
14013,서교동,126.9195815796,37.5536367406,11440,마포구
14014,서교동,126.920047245,37.554149067,11440,마포구
14015,홍대입구역,126.9234653018,37.5566403375,11440,마포구
14016,홍대입구역,126.9243162516,37.5573256439,11440,마포구
14061,동교동삼거리,126.928542674,37.558067095,11440,마포구
14062,신촌오거리.현대백화점,126.9358930618,37.5553966479,11440,마포구
14063,신촌오거리.2호선신촌역,126.940153403,37.5561071246,11440,마포구
14064,이대역,126.9444960625,37.5566543493,11440,마포구
14067,웨딩타운,126.951517,37.557092,11440,마포구
14068,아현역,126.9549417458,37.5572940008,11440,마포구
14100,아현동가구단지,126.9606652753,37.5579672892,11440,마포구
14101,마포구청.성산자동차검사소,126.9024231067,37.5649538546,11440,마포구
14102,마포구청,126.9018904171,37.5649023958,11440,마포구
14103,마포농수산물시장.월드컵공원,126.8974542618,37.5661067292,11440,마포구
14104,월드컵경기장남측.월드컵공원,126.8963261593,37.5666679881,11440,마포구
14105,월드컵경기장서측.문화비축기지,126.895467768,37.569236499,11440,마포구
14106,월드컵경기장서측.문화비축기지,126.894294,37.568726,11440,마포구
14107,월드컵파크3단지.난지천공원,126.8879570409,37.5733547348,11440,마포구
14108,월드컵파크3단지.난지천공원,126.8884623272,37.5723190695,11440,마포구
14109,서부면허시험장,126.880437164,37.5778826192,11440,마포구
14110,서부면허시험장,126.8803980947,37.5775610281,11440,마포구
14111,DMC첨단산업센터,126.8851878625,37.5853442979,11440,마포구
14112,DMC첨단산업센터,126.884787,37.585598,11440,마포구
14115,월드컵공원입구.문화비축기지입구,126.892748,37.568523,11440,마포구
14116,월드컵파크3단지정문,126.889228,37.573822,11440,마포구
14117,월드컵파크2단지.에스플렉스센터,126.890647,37.575267,11440,마포구
14118,월드컵파크2단지.에스플렉스센터,126.8902909609,37.5753384971,11440,마포구
14119,합정역7번출구,126.9143006049,37.5485905004,11440,마포구
14120,합정역6번출구,126.9146251811,37.5487970862,11440,마포구
14121,성산중학교,126.9175061586,37.5481890927,11440,마포구
14122,성산중학교,126.9174453228,37.5479367436,11440,마포구
14123,상수역,126.9216470319,37.5476829367,11440,마포구
14124,상수역,126.9215637852,37.5478737711,11440,마포구
14125,서강초등학교,126.9253669692,37.5478027651,11440,마포구
14126,서강초등학교,126.9261941009,37.5474910871,11440,마포구
14127,광흥창역,126.9305409732,37.5476090642,11440,마포구
14128,광흥창역,126.9305842172,37.5473522775,11440,마포구
14129,광흥창역4번출구,126.9339394067,37.5473123228,11440,마포구
14130,마포세무서,126.9390917397,37.5469713032,11440,마포구
14131,중앙잔디광장,126.8792488862,37.5664760626,11440,마포구
14132,마포역,126.9457368286,37.5397090071,11440,마포구
14133,노을공원입구(난지미술창작스튜디오),126.8806949077,37.569406359,11440,마포구
14134,공덕역10번출구,126.9528746311,37.5419401801,11440,마포구
14135,공덕역10번출구,126.9528901577,37.5417232771,11440,마포구
14136,난지천공원다목적구장,126.8834400255,37.5735598425,11440,마포구
14137,난지천공원,126.8860993187,37.5741661044,11440,마포구
14138,월드컵경기장역,126.9001971302,37.5695262377,11440,마포구
14139,마포구청.농수산물시장,126.8995833556,37.566298907,11440,마포구
14140,난지천공원다목적구장,126.8832782507,37.5738570108,11440,마포구
14141,공덕역.공덕시장,126.9530314936,37.5444134861,11440,마포구
14142,공덕시장,126.9541479054,37.544351852,11440,마포구
14143,신덕성결교회,126.9566906448,37.5459410072,11440,마포구
14144,신덕성결교회,126.9561622385,37.5458923284,11440,마포구
14145,한겨레신문사,126.9588159115,37.548146748,11440,마포구
14146,한겨레신문사,126.9589872289,37.5479971758,11440,마포구
14147,노을공원입구(난지미술창작스튜디오),126.8804861814,37.5695835026,11440,마포구
14149,공덕역6번출구,126.9531626402,37.5430732748,11440,마포구
14150,공덕역7번출구,126.9533323949,37.5427512615,11440,마포구
14151,용마루고개.신공덕삼성아파트,126.955885,37.541871,11440,마포구
14152,서울대동창회관,126.9507441044,37.542444957,11440,마포구
14153,공덕역8번출구,126.951631774,37.5434939017,11440,마포구
14154,도화동현대아파트,126.9557014553,37.5403322186,11440,마포구
14155,도화동현대아파트,126.955832541,37.5405429216,11440,마포구
14156,중동초등학교,126.9104194588,37.5668726108,11440,마포구
14157,중동초등학교,126.9103076889,37.5666220223,11440,마포구
14158,성산2동주민센터,126.9083263491,37.5677928213,11440,마포구
14159,성산2동주민센터,126.9084370307,37.5680037628,11440,마포구
14160,성산119안전센터,126.9038566649,37.5698617774,11440,마포구
14161,성산119안전센터,126.9037125673,37.569712828,11440,마포구
14162,성산아파트,126.9014985417,37.571597138,11440,마포구
14163,성산아파트,126.9014134049,37.5714611354,11440,마포구
14164,DMC상암센트럴파크,126.896039836,37.5751843905,11440,마포구
14165,DMC상암센트럴파크,126.8954851821,37.5751546184,11440,마포구
14166,상암초등학교,126.8934221518,37.5763917144,11440,마포구
14167,상암초등학교,126.8937200609,37.5765495834,11440,마포구
14168,신촌로터리,126.9368825067,37.5538094529,11440,마포구
14169,신촌로터리,126.9372675673,37.5535240112,11440,마포구
14170,서강대학교,126.93797,37.5511,11440,마포구
14171,서강대학교,126.9373153932,37.5518272757,11440,마포구
14172,광성중고등학교,126.9386715493,37.5493548145,11440,마포구
14173,광성중고등학교,126.93986,37.548952,11440,마포구
14174,대흥역,126.9409887457,37.5481067455,11440,마포구
14175,대흥역,126.9427204259,37.5476750559,11440,마포구
14176,용강초등학교,126.9435145128,37.546977106,11440,마포구
14177,동도중학교.서울디자인고등학교,126.945401461,37.5464778856,11440,마포구
14178,동도중학교.서울디자인고등학교,126.9467666745,37.5456406475,11440,마포구
14179,공덕역2번출구,126.9483406072,37.5451999014,11440,마포구
14180,공덕역1번출구,126.9493208487,37.5444323434,11440,마포구
14181,서서울농협홍대역점,126.91971,37.556592,11440,마포구
14182,동교로사거리,126.9209476216,37.5558462446,11440,마포구
14184,성산동,126.9069033254,37.564768944,11440,마포구
14185,성산2교,126.912473,37.564277,11440,마포구
14186,성산2교,126.9132054677,37.5638632409,11440,마포구
14187,성미약수터,126.9151050102,37.5617966139,11440,마포구
14188,성미약수터,126.9140662478,37.5624635723,11440,마포구
14189,경성중고.홍대부속여중고입구,126.9158070869,37.560551806,11440,마포구
14190,경성중고.홍대부속여중고입구,126.9166140242,37.5596512854,11440,마포구
14191,경성중고.홍대부속여중고입구,126.9172809899,37.5594093604,11440,마포구
14192,아만티호텔서울,126.9193196292,37.5572277306,11440,마포구
14193,아만티호텔서울,126.9182029073,37.5578790449,11440,마포구
14194,마포구청역7번출구,126.902662558,37.5627277529,11440,마포구
14195,마포구청역6번출구,126.9024722199,37.5624588168,11440,마포구
14196,마포중앙도서관,126.9067285152,37.5636762812,11440,마포구
14197,마포중앙도서관,126.907457,37.564253,11440,마포구
14198,성산2교,126.9135548771,37.56566824,11440,마포구
14199,성산2교,126.9126441333,37.5656929458,11440,마포구
14200,광흥창역.서강동주민센터,126.9319142889,37.5482784766,11440,마포구
14201,광흥창역.서강동주민센터,126.931412223,37.548254678,11440,마포구
14202,창전현대홈타운,126.9326546465,37.5508818035,11440,마포구
14203,창전현대홈타운,126.932199547,37.5507124982,11440,마포구
14204,신촌로터리,126.9345617,37.5538899564,11440,마포구
14205,신촌로터리,126.9356825619,37.5540511998,11440,마포구
14207,이대역6번출구,126.9447874756,37.5564896634,11440,마포구
14208,이화여대입구,126.9457318695,37.5559161044,11440,마포구
14209,이대역5번출구,126.946020578,37.5557990945,11440,마포구
14210,대흥교회,126.9457581231,37.5540499504,11440,마포구
14211,대흥교회,126.9460582466,37.5537887705,11440,마포구
14212,서강대후문.마포아트센터,126.9439464603,37.5504951872,11440,마포구
14213,마포자이2차아파트.대흥역,126.942535,37.548758,11440,마포구
14215,굴레방다리.아현역,126.9574606253,37.5571518068,11440,마포구
14216,양화진성지공원입구,126.9122481343,37.5486575374,11440,마포구
14217,홍대입구,126.920375476,37.5545944804,11440,마포구
14218,홀트아동복지회,126.9121780839,37.5490106533,11440,마포구
14219,합정역2번출구,126.9156095164,37.5510604429,11440,마포구
14220,합정역4번출구,126.9153071515,37.5502177028,11440,마포구
14224,홍대입구역1번출구,126.9230438058,37.5565612263,11440,마포구
14225,홍대입구역,126.923813304,37.556651825,11440,마포구
14226,연남동,126.9275410215,37.5625221708,11440,마포구
14228,신촌역8번출구,126.9347610004,37.555637521,11440,마포구
14230,극동방송,126.9231511533,37.5494237971,11440,마포구
14231,극동방송,126.9229225322,37.5494290547,11440,마포구
14232,홍익대학교,126.923804758,37.5521905815,11440,마포구
14233,홍익대학교,126.924641406,37.5530705865,11440,마포구
14234,산울림소극장,126.9298077585,37.5543703111,11440,마포구
14235,산울림소극장,126.9301572482,37.554958166,11440,마포구
14236,신수중학교,126.9326481273,37.545242206,11440,마포구
14237,신수중학교,126.9327520694,37.5454360008,11440,마포구
14238,래미안웰스트림아파트,126.9362364705,37.5442313666,11440,마포구
14239,한국출판콘텐츠센터,126.9354090177,37.5446547963,11440,마포구
14240,용강동주민센터,126.9404187472,37.5419177341,11440,마포구
14241,용강동주민센터,126.9411793777,37.5417099622,11440,마포구
14242,용강동입구,126.9441050979,37.5396325539,11440,마포구
14244,메세나폴리스,126.9129324905,37.5509477452,11440,마포구
14245,마포한강푸르지오,126.912592,37.550787,11440,마포구
14246,성산초등학교입구,126.9118676593,37.5531302266,11440,마포구
14247,성산초등학교입구,126.912262,37.553218,11440,마포구
14248,기업은행서교동지점(최규하대통령가옥),126.9114638988,37.5547915422,11440,마포구
14350,가좌행복주택.건영월드컵아파트,126.9121016153,37.5694513482,11440,마포구
14249,기업은행서교동지점(최규하대통령가옥),126.9108956213,37.5548695099,11440,마포구
14250,망원시장.망원동월드컵시장입구,126.9087601732,37.5573371725,11440,마포구
14251,망원시장.망원동월드컵시장입구,126.9089432755,37.5575911259,11440,마포구
14252,망원동방울내길입구,126.906364689,37.5604275533,11440,마포구
14253,망원동방울내길입구,126.9057249395,37.5605946475,11440,마포구
14254,성서초등학교,126.9114976368,37.5588032368,11440,마포구
14255,성서초등학교,126.9111731244,37.5585137421,11440,마포구
14256,합정한강아파트,126.9072376566,37.5510938111,11440,마포구
14257,미원아파트입구,126.9032162229,37.5591229348,11440,마포구
14258,미원아파트입구,126.9033225674,37.5591653733,11440,마포구
14259,망원2동주민센터,126.9030950972,37.5600059068,11440,마포구
14260,망원2동주민센터,126.9029286079,37.5600805608,11440,마포구
14261,청기와빌라,126.9043928297,37.560782282,11440,마포구
14262,청기와빌라,126.9047512686,37.5607605683,11440,마포구
14263,망원정입구,126.9069935902,37.5525939414,11440,마포구
14264,성산초등학교,126.9100992042,37.553593858,11440,마포구
14265,서서울농협,126.906062842,37.553553121,11440,마포구
14266,서서울농협,126.9060056297,37.5534086494,11440,마포구
14267,망원1동주민센터,126.9048936302,37.5556235492,11440,마포구
14268,망원1동주민센터,126.9051055187,37.5554407976,11440,마포구
14269,동교초등학교,126.90421537,37.557946251,11440,마포구
14270,동교초등학교,126.9040871071,37.5578909496,11440,마포구
14271,월드컵파크7단지,126.8784199476,37.5811497135,11440,마포구
14272,월드컵파크7단지,126.878963,37.581876,11440,마포구
14273,월드컵경기장북측,126.8994695568,37.5728554605,11440,마포구
14274,상암사거리.월드컵경기장북측,126.898104,37.573967,11440,마포구
14275,경성중고.홍대부속여중고입구,126.9156529372,37.5597317011,11440,마포구
14276,한강버스망원선착장,126.897648,37.555741,11440,마포구
14283,삼진제약,126.9267223052,37.5533537628,11440,마포구
14284,홍대입구역사거리,126.9222053762,37.5547384096,11440,마포구
14286,상암DMC홍보관.YTN,126.891323,37.577985,11440,마포구
14287,상암DMC홍보관.YTN,126.8912875667,37.5774605863,11440,마포구
14288,월드컵파크5단지.상암중고등학교입구,126.886335,37.580921,11440,마포구
14289,월드컵파크5단지,126.8865178403,37.5803332786,11440,마포구
14290,구룡근린공원,126.8826124496,37.5834310105,11440,마포구
14291,상암고등학교,126.8841995172,37.5819239214,11440,마포구
14292,월드컵파크3단지후문,126.889762,37.571242,11440,마포구
14293,서강대후문.마포아트센터,126.943770647,37.54982788,11440,마포구
14295,월드컵파크4단지후문.JTBC,126.8898953585,37.5773614776,11440,마포구
14296,디지털미디어시티역2번출구,126.8996741287,37.5752078233,11440,마포구
14306,월드컵파크4단지후문.JTBC,126.889945572,37.577857071,11440,마포구
14307,누리꿈스퀘어.MBC,126.889637,37.578988,11440,마포구
14308,월드메르디앙아파트,126.9234283579,37.5450734893,11440,마포구
14309,월드메르디앙아파트,126.924290977,37.5448091234,11440,마포구
14310,한강밤섬자이아파트,126.9277926676,37.5457358405,11440,마포구
14311,한강밤섬자이아파트,126.9277294722,37.5455492751,11440,마포구
14312,서강해모로아파트,126.9294970623,37.5456864091,11440,마포구
14313,서강해모로아파트,126.928887,37.545537,11440,마포구
14314,서교동주민센터.마포신문사,126.9163533449,37.5548915242,11440,마포구
14315,동교로사거리,126.91982843,37.5556445461,11440,마포구
14316,상암사거리.월드컵경기장북측,126.8979917064,37.5737580172,11440,마포구
14317,강변한신코아,126.9439785202,37.5374403051,11440,마포구
14330,난지한강공원,126.8781937234,37.5680089232,11440,마포구
14331,난지한강공원,126.8750873208,37.5687642494,11440,마포구
14332,월드컵공원입구.문화비축기지입구,126.892749,37.568177,11440,마포구
14333,디지털미디어시티역,126.9007548894,37.5750780768,11440,마포구
14334,월드컵파크9.10.11.12단지,126.878833,37.58533,11440,마포구
14335,월드컵파크9.10.11.12단지,126.8799671809,37.5843953147,11440,마포구
14336,용마루고개.브라운스톤공덕아파트,126.9568297914,37.541133045,11440,마포구
14337,하늘초등학교,126.879658,37.585322,11440,마포구
14338,월드컵파크10단지,126.881348387,37.5862054537,11440,마포구
14339,월드컵파크11.12단지,126.8808993224,37.5862704288,11440,마포구
14340,수색교,126.8839820122,37.5872149306,11440,마포구
14341,수색교,126.8839598515,37.5870817539,11440,마포구
14342,가좌역1번출구,126.9149412588,37.5683159216,11440,마포구
14343,가좌역,126.9153689271,37.5678973956,11440,마포구
14344,디지털미디어시티역3번출구A,126.9007797653,37.5755263424,11440,마포구
14346,청구아파트.참누리아파트,126.9028581629,37.5742321541,11440,마포구
14347,청구아파트.참누리아파트,126.9031032213,37.5738331722,11440,마포구
14348,중동현대아파트,126.9072675947,37.5716856118,11440,마포구
14349,중동현대아파트,126.9072883544,37.5714636428,11440,마포구
14351,가좌행복주택.건영월드컵아파트,126.9120367007,37.5693048881,11440,마포구
14352,월드컵아이파크,126.9136074112,37.5667337059,11440,마포구
14353,월드컵아이파크,126.9136846815,37.5664713538,11440,마포구
14354,DMC첨단산업센터,126.8865456046,37.5840594436,11440,마포구
14355,DMC첨단산업센터,126.886622684,37.5836187524,11440,마포구
14356,SBS.YTN,126.8943776781,37.579829791,11440,마포구
14357,SBS.YTN,126.8939587977,37.5798316679,11440,마포구
14358,공항철도디지털미디어시티역,126.8990065446,37.5766983835,11440,마포구
14359,공항철도디지털미디어시티역,126.8981967646,37.5769634812,11440,마포구
14360,디지털미디어시티역3번출구,126.900584183,37.5753552366,11440,마포구
14361,상암동주민센터앞,126.8939275345,37.578461396,11440,마포구
14362,MBC,126.8907318462,37.5820834608,11440,마포구
14363,MBC,126.8907859977,37.5818267278,11440,마포구
14490,난지천공원.박정희대통령기념관,126.8861728907,37.5744127596,11440,마포구
14491,공덕시장,126.9541672852,37.5443868565,11440,마포구
14492,마포16번종점,126.8988594191,37.5608656017,11440,마포구
14493,서부면허시험장.월드컵파크8단지,126.882110569,37.5785320093,11440,마포구
14494,창전중앙하이츠아파트,126.92752631,37.549919204,11440,마포구
14495,망원유수지.마포구민체육센터,126.8985925441,37.5564968722,11440,마포구
14496,양화진성지,126.9119307997,37.5456403732,11440,마포구
14497,홍대입구역,126.9236679158,37.5573254742,11440,마포구
14498,홍대입구역,126.9234387243,37.5577282744,11440,마포구
14499,아현전철역,126.9562461927,37.5571368168,11440,마포구
14500,샛별문방구.마포전철역,126.947628807,37.5398243005,11440,마포구
14501,청암대,126.9477362472,37.5357415195,11440,마포구
14502,한겨레신문사,126.9589794255,37.5471556001,11440,마포구
14503,동원데자뷰아파트,126.8992212168,37.5603378705,11440,마포구
14505,창전삼성아파트109동,126.9302782196,37.5502446123,11440,마포구
14506,홍대후문,126.927367497,37.5512061281,11440,마포구
14507,광성중고등학교입구,126.9375706084,37.5497981454,11440,마포구
14508,태양빌딩,126.899382,37.55611,11440,마포구
14509,난지천공원.박정희대통령기념관,126.8860527171,37.5740883789,11440,마포구
14510,다운교회,126.9128255229,37.5456250178,11440,마포구
14511,동교로사거리,126.9210303052,37.5557913332,11440,마포구
14512,코오롱아파트106동앞,126.9231008719,37.5609091091,11440,마포구
14513,가든호텔.삼성프라자,126.9492092871,37.5407448359,11440,마포구
14514,우성아파트3동,126.9475068947,37.5361648924,11440,마포구
14515,대상아파트,126.8996419598,37.5597426063,11440,마포구
14516,디지털미디어시티역9번출구,126.8969821974,37.5777772935,11440,마포구
14517,창전삼성아파트107동,126.9309953149,37.5507316247,11440,마포구
14518,서강유치원,126.9279949601,37.5519120695,11440,마포구
14519,삼익아파트.마포아이파크포레,126.9356035042,37.5499070227,11440,마포구
14520,신촌역교차로,126.9368472568,37.554479102,11440,마포구
14521,월드컵파크3단지,126.8883543312,37.5726253056,11440,마포구
14522,한이맨션,126.9141581354,37.54551586,11440,마포구
14524,코오롱아파트104동앞,126.9219754172,37.5622933508,11440,마포구
14525,돼지슈퍼,126.961677,37.556961,11440,마포구
14526,형제식당,126.961069,37.557353,11440,마포구
14527,하나님의교회,126.9598793339,37.5462180095,11440,마포구
14528,신부파스카아파트,126.9003563794,37.5587574153,11440,마포구
14530,창전삼성아파트104동,126.9315846569,37.5510770869,11440,마포구
14531,육완순무용원,126.9290988156,37.5527354367,11440,마포구
14532,신수경남아파트,126.9336171589,37.5500104497,11440,마포구
14534,성원아파트,126.901603,37.556576,11440,마포구
14536,서일빌딩,126.9159825506,37.5454162494,11440,마포구
14537,청원빌딩,126.9181649687,37.5584151692,11440,마포구
14538,코오롱아파트사거리,126.9213939451,37.5630345645,11440,마포구
14539,신일약국,126.9625987905,37.5560100579,11440,마포구
14540,아현실버복지관,126.9602156344,37.5576412633,11440,마포구
14541,S마트,126.943554,37.547055,11440,마포구
14542,동교초등학교,126.9014438887,37.5572273703,11440,마포구
14544,창전삼성아파트입구,126.9324080979,37.5516299322,11440,마포구
14545,와우공원입구,126.9300208249,37.5531811274,11440,마포구
14546,마포소방서,126.9326944706,37.5490808985,11440,마포구
14547,광흥창역.서강동주민센터,126.9326343365,37.5483004315,11440,마포구
14548,대흥역,126.9410725222,37.5480716446,11440,마포구
14549,동교초등학교,126.9029520908,37.5568114132,11440,마포구
14550,마포농수산물시장.월드컵경기장,126.8972675665,37.5660689383,11440,마포구
14551,마포새빛문화숲,126.9179054483,37.5452896463,11440,마포구
14552,경성고교입구,126.9166359308,37.5601111815,11440,마포구
14553,대룡빌딩,126.9222716786,37.5636821303,11440,마포구
14554,공덕역입구,126.9515801113,37.542036376,11440,마포구
14555,성원아파트,126.901586,37.556736,11440,마포구
14556,한강공원입구,126.899256,37.556266,11440,마포구
14557,금호태영아파트,126.9317248509,37.5537200783,11440,마포구
14558,경의선책거리.산울림소극장,126.9303700659,37.5549249512,11440,마포구
14559,신수동성당.신수동주민센터,126.9338504704,37.5472604384,11440,마포구
14560,서강수협.신수중학교,126.9323900344,37.5453150473,11440,마포구
14561,용강초등학교,126.9435526305,37.54705602,11440,마포구
14562,망원동사거리,126.904322,37.55714,11440,마포구
14563,마포구청.마포구청역,126.9009458973,37.5657503917,11440,마포구
14564,마포새빛문화숲후문,126.9216549212,37.5451009675,11440,마포구
14565,마포FM,126.9177138986,37.5609964881,11440,마포구
14566,연남동주민센터,126.9230681745,37.5640863415,11440,마포구
14567,도화현대1차아파트111동앞,126.9543656256,37.5411751362,11440,마포구
14569,성원아파트,126.9371834845,37.5471721489,11440,마포구
14570,한국출판콘텐츠센터,126.9353844685,37.5446957205,11440,마포구
14571,서울여자중고등학교,126.9471495554,37.547055382,11440,마포구
14572,망원시장,126.905979,37.557492,11440,마포구
14573,월드컵경기장역,126.9002903006,37.5692704064,11440,마포구
14574,상수동,126.9230414413,37.546692208,11440,마포구
14575,경성중고.홍익디자인고,126.9192591331,37.5619139666,11440,마포구
14576,에덴지우아파트,126.924217758,37.5645907957,11440,마포구
14577,도화현대1차아파트,126.9554309077,37.5404825999,11440,마포구
14579,망원유수지.마포구민체육센터,126.899167,37.55588,11440,마포구
14582,마포세무서,126.9389468423,37.5470162832,11440,마포구
14583,신수현대아파트.래미안웰스트림,126.9367020261,37.5437179924,11440,마포구
14584,염리삼성아파트,126.9475661602,37.5484856059,11440,마포구
14585,구)망원우체국사거리,126.9076978449,37.557824975,11440,마포구
14586,상수역,126.9235904983,37.5476371966,11440,마포구
14587,코오롱아파트사거리,126.9208510308,37.5636983072,11440,마포구
14588,에덴맨션,126.9249462367,37.5639839246,11440,마포구
14589,서부수도사업소,126.9598728435,37.556804829,11440,마포구
14590,화평교회,126.9011589449,37.5544373457,11440,마포구
14591,신촌역,126.9348062895,37.5556204253,11440,마포구
14592,굴다리시장,126.9414168429,37.5462786361,11440,마포구
14593,신석초등학교,126.9386568825,37.543163949,11440,마포구
14594,일성여자중고등학교,126.9484113079,37.5488734491,11440,마포구
14595,망원전철역,126.909936,37.556111,11440,마포구
14596,상수두산아파트,126.9244409921,37.5475467474,11440,마포구
14597,경성중고후문,126.9202967687,37.5643791604,11440,마포구
14598,하모니마트사거리,126.9253883256,37.5633660552,11440,마포구
14599,만물사부동산,126.9607372268,37.5553480504,11440,마포구
14600,하나님의교회,126.9553127738,37.539331855,11440,마포구
14601,MBC,126.8917373023,37.5796281217,11440,마포구
14602,월드컵파크4단지,126.8877410517,37.5778014837,11440,마포구
14603,상암중학교,126.8872438991,37.5789717535,11440,마포구
14604,서울산업진흥원.국악방송,126.8889507316,37.5807370662,11440,마포구
14605,우리기술사옥.한국지역정보개발원,126.887878597,37.5822609838,11440,마포구
14606,DMC빌,126.8855908513,37.5823926492,11440,마포구
14607,우리금융상암센터.DMC빌,126.885575198,37.581932163,11440,마포구
14608,도화현대1차아파트단지내,126.9545930351,37.5397829588,11440,마포구
14610,상암고등학교,126.8825326891,37.5809780136,11440,마포구
14611,상암월드컵파크6.7단지,126.8805398078,37.5812734756,11440,마포구
14612,상암월드컵파크6.7단지,126.8806237964,37.5810587094,11440,마포구
14613,상암고등학교,126.8836707859,37.580684598,11440,마포구
14614,스탠포드호텔,126.8861172457,37.5824225201,11440,마포구
14615,스탠포드호텔,126.8856846789,37.5824509369,11440,마포구
14616,월드컵파크6단지상가,126.885663889,37.5798067452,11440,마포구
14617,공덕역10번출구,126.9530953371,37.5418479155,11440,마포구
14618,공덕역10번출구,126.952886013,37.5418343172,11440,마포구
14619,웨딩타운,126.951583453,37.5569705649,11440,마포구
14620,상지초등학교,126.8814543536,37.5797209678,11440,마포구
14622,아현전철역,126.9568346839,37.557174107,11440,마포구
14623,스탠포드호텔,126.8865648633,37.5825593088,11440,마포구
14624,우리기술사옥.한국지역정보개발원,126.8878117007,37.582026762,11440,마포구
14625,전자회관,126.8886559163,37.5808056835,11440,마포구
14626,상암중학교,126.8872133447,37.579330494,11440,마포구
14627,월드컵파크6단지,126.8873113833,37.5781786312,11440,마포구
14628,YTN뉴스퀘어.CJE&M,126.891577,37.579007,11440,마포구
14633,R2(홍대걷고싶은거리),126.924971,37.556163,11440,마포구
14634,경의선숲길공원(홍대입구역3번출구),126.925221,37.558837,11440,마포구
14635,경의선숲길공원(연남동),126.921448,37.563432,11440,마포구
14636,망원&월드컵시장(망리단길),126.90592,37.557656,11440,마포구
14637,망원한강공원(서울함공원),126.899189,37.556253,11440,마포구
14638,서울월드컵경기장(마포농수산물시장),126.89647,37.566631,11440,마포구
14639,하늘공원,126.892421,37.566661,11440,마포구
14640,난지천공원(박정희대통령기념관),126.886027,37.574677,11440,마포구
14641,난지캠핑장,126.875156,37.568809,11440,마포구
14642,마포반려동물캠핑장(난지물놀이장),126.880352,37.565848,11440,마포구
14643,서울양화나루와잠두봉유적(하늘길),126.911838,37.545677,11440,마포구
14644,마포새빛문화숲,126.918056,37.545309,11440,마포구
14645,마포용강맛길,126.944071,37.539414,11440,마포구
14646,도화꽃길.갈매기골목(공덕역9번출구),126.951822,37.542683,11440,마포구
14647,경의선숲길공원(염리동),126.949433,37.543812,11440,마포구
14648,R6(레드로드광장.상수역),126.920695,37.547927,11440,마포구
14649,R4(홍대축제거리),126.921447,37.550685,11440,마포구
14650,마포365구민센터(마포365천문대),126.922144,37.545007,11440,마포구
14659,마포한강아이파크아파트,126.9041144875,37.5524231339,11440,마포구
14661,중동초등학교,126.9101093439,37.566822815,11440,마포구
14662,대흥태영아파트,126.9430638871,37.5457513998,11440,마포구
14663,용강동주민센터,126.9405579807,37.5418828151,11440,마포구
14667,마포현대아파트,126.9491538042,37.5487755518,11440,마포구
14669,성산초등학교,126.9123428704,37.5542263109,11440,마포구
14670,서강초등학교,126.9262642691,37.5474902299,11440,마포구
14671,경의선숲길공원입구,126.9190510756,37.5658939505,11440,마포구
14672,대명아파트,126.9243116542,37.5624505717,11440,마포구
14674,환일고등학교,126.9608191314,37.5545623235,11440,마포구
14675,용산성당.현대홈타운,126.9531660599,37.5376063241,11440,마포구
14676,가구단지,126.9607211084,37.5580233931,11440,마포구
14677,하모니마트,126.9059979922,37.5522804732,11440,마포구
14693,창전삼성아파트입구,126.9325188796,37.5517786762,11440,마포구
14694,대흥세양아파트,126.9447270314,37.5448456877,11440,마포구
14700,아현1동경로당,126.9610258398,37.5536056568,11440,마포구
14712,마포전철역,126.9445498324,37.539618346,11440,마포구
14713,공덕삼성3차아파트후문,126.9512380153,37.5491526058,11440,마포구
14714,고니빌딩,126.9140402901,37.5545141067,11440,마포구
14715,서강쌍용아파트.광흥창역,126.9302871512,37.5479459242,11440,마포구
14716,사천고가앞,127.074999,37.613647,11260,중랑구
14718,원효초등학교,126.9509196507,37.536212316,11440,마포구
14727,새서울의원,126.9070201173,37.5512595136,11440,마포구
14738,창전삼성아파트104동,126.9314899516,37.5512824672,11440,마포구
14742,와우산로오거리,126.9299639616,37.5544423161,11440,마포구
14744,마포자이아파트,126.9460097727,37.5441046793,11440,마포구
14745,성지빌딩,126.946064,37.541749,11440,마포구
14746,엘지빌딩,126.9538167403,37.5486659087,11440,마포구
14747,서교동주민센터,126.9153507025,37.5547403269,11440,마포구
14748,이랜드,126.9315365761,37.5491991774,11440,마포구
14749,만리동고개,126.9622625784,37.5516189178,11440,마포구
14750,한강타운.우성아파트16동앞,126.949516699,37.5359386921,11440,마포구
14753,공덕전철역,126.9526849444,37.5432839409,11440,마포구
14754,남경장,126.9098198111,37.5487583715,11440,마포구
14755,창전삼성아파트107동,126.9309159814,37.5508496218,11440,마포구
14756,와우공원입구,126.9299420833,37.5532611124,11440,마포구
14757,염리초등학교,126.9467600134,37.542602893,11440,마포구
14758,염리초등학교,126.9471368388,37.5426264908,11440,마포구
14760,아현동주민센터,126.9531057864,37.5471182709,11440,마포구
14761,우리은행서교동지점,126.9173477744,37.5532594418,11440,마포구
14763,마포노인복지관,126.9323103997,37.5495294243,11440,마포구
14764,공덕동주민센터,126.960089214,37.5505203493,11440,마포구
14765,청암대,126.9478810865,37.5358265963,11440,마포구
14799,성서초등학교,126.9126081977,37.5586625923,11440,마포구
14801,홍대입구,126.923414,37.556334,11440,마포구
14803,마포역서울가든호텔,126.9471087481,37.5407404838,11440,마포구
14804,창전어린이공원,126.9295120239,37.5502765745,11440,마포구
14805,창전어린이공원,126.9292518497,37.5501638696,11440,마포구
14808,창전삼성아파트109동,126.9303622842,37.5504041647,11440,마포구
14809,육완순무용원,126.9290569126,37.5528551348,11440,마포구
14810,중부여성발전센터,126.9451382306,37.541218067,11440,마포구
14812,재화스퀘어,126.9468982901,37.543896028,11440,마포구
14814,공덕역3번출구,126.9510176651,37.545520682,11440,마포구
14815,마포구청역,126.9027355313,37.5625221156,11440,마포구
14816,마포구청역,126.9029578759,37.5628235118,11440,마포구
14817,월드컵파크7단지,126.8804641383,37.582255636,11440,마포구
14818,월드컵파크7단지,126.879240825,37.5819844179,11440,마포구
14826,상암동입구,126.8994147382,37.573784664,11440,마포구
14827,상암동입구,126.8983845144,37.5738246995,11440,마포구
14828,상암월드컵파크5단지,126.8864768914,37.5808473373,11440,마포구
14829,상암월드컵파크5단지,126.8864066988,37.58047561,11440,마포구
14832,홍대입구역사거리,126.9209776106,37.5545259524,11440,마포구
14833,창전현대홈타운,126.9327234162,37.5508740938,11440,마포구
14834,삼우빌딩,126.9579450038,37.5492115356,11440,마포구
14835,합정역,126.9147926148,37.5498487849,11440,마포구
14836,희성교회,126.914080671,37.5568038157,11440,마포구
14837,서강유치원,126.9279627818,37.5520413218,11440,마포구
14838,마포전철역,126.9442691905,37.5396209172,11440,마포구
14839,염리중앙하이츠아파트,126.94493407,37.5449286853,11440,마포구
14842,신촌연세병원.기업은행,126.9332204035,37.5519917333,11440,마포구
14843,공덕동성당,126.9568867015,37.5483812312,11440,마포구
14844,우리은행서교동지점,126.9175337114,37.5519430729,11440,마포구
14845,서교동주민센터.마포신문사,126.9162481047,37.5548725266,11440,마포구
14846,홍대후문,126.9273099469,37.5513088608,11440,마포구
14848,대흥태영아파트,126.943090896,37.545951456,11440,마포구
14849,동도중학교.서울디지인고등학교,126.9455044702,37.5464463948,11440,마포구
14851,서울서부지방법원,126.955348589,37.5487999972,11440,마포구
14852,세븐일레븐,126.9559961557,37.5404068073,11440,마포구
14853,동교로사거리,126.919871426,37.5556580917,11440,마포구
14855,신석초등학교,126.9388467265,37.5434232109,11440,마포구
14856,굴다리시장,126.9417132655,37.5463896176,11440,마포구
14858,서교동주민센터,126.9150520526,37.5555997561,11440,마포구
14862,서교푸르지오아파트,126.9231791726,37.5536272738,11440,마포구
14863,홍대입구역,126.9232162658,37.5566897307,11440,마포구
14864,신수현대아파트.래미안웰스트림,126.9369441072,37.5438334622,11440,마포구
14865,마포세무서,126.939039414,37.5472983739,11440,마포구
14866,대흥역사거리,126.9423208067,37.5481047003,11440,마포구
14867,신촌역8번출구,126.9356327981,37.5553244188,11440,마포구
14869,마포경찰서,126.9553278673,37.5503384443,11440,마포구
14870,도화현대1차아파트111동앞,126.9545638633,37.5412403149,11440,마포구
14871,홍대정문,126.9238877068,37.5529817959,11440,마포구
14872,동교로사거리,126.91976141,37.555868873,11440,마포구
14873,한국출판콘텐츠센터,126.9355502266,37.5447473219,11440,마포구
14874,신수세양아파트,126.9373247519,37.5474092121,11440,마포구
14876,서교동교회,126.9192022864,37.5516621838,11440,마포구
14877,애오개역,126.9565340004,37.5525946358,11440,마포구
14878,공덕역입구,126.9516244161,37.5422234996,11440,마포구
14879,레드로드입구,126.9210952673,37.5508703976,11440,마포구
14880,서교동주민센터.마포신문사,126.9161414944,37.5550661861,11440,마포구
14881,서강수협.신수중학교,126.932501928,37.5454755063,11440,마포구
14882,신수동성당.신수동주민센터,126.934706995,37.5474825845,11440,마포구
14883,숭문중고등학교후문,126.9453441712,37.5520916812,11440,마포구
14884,레드로드입구,126.9214465737,37.5506427579,11440,마포구
14886,가든호텔.삼성프라자,126.9490519166,37.540742839,11440,마포구
14887,희성교회,126.9142956492,37.556871554,11440,마포구
14888,광흥창역.서강동주민센터,126.9328243933,37.5481226612,11440,마포구
14889,마포프레스티지자이아파트,126.9460686583,37.5534760955,11440,마포구
14890,홍대정문,126.9236510232,37.5520039556,11440,마포구
14892,아현초등학교,126.9558084037,37.555836965,11440,마포구
14893,샛별문방구.마포전철역,126.947597365,37.5400571192,11440,마포구
14894,상지초등학교,126.8813928881,37.5795651804,11440,마포구
14895,합정역1번출구,126.9149513563,37.5505859949,11440,마포구
14896,성서초등학교,126.9128379471,37.5586852894,11440,마포구
14897,마포소방서,126.9331168737,37.5504232028,11440,마포구
14898,이대전철역,126.9460216273,37.5559135339,11440,마포구
14899,홍대정문,126.9248314705,37.5531509051,11440,마포구
14900,라사라패션직업전문학교,126.929511747,37.5541278747,11440,마포구
14901,사천고가앞,126.9174119301,37.566914654,11440,마포구
14902,S마트,126.947453957,37.538833948,11440,마포구
14905,경성중고사거리,126.9161669371,37.5606439736,11440,마포구
14906,서교푸르지오아파트,126.9231795079,37.5539101296,11440,마포구
14907,경의선숲길공원입구,126.9191849347,37.5654631791,11440,마포구
14908,우성아파트입구,126.9473838471,37.5379689566,11440,마포구
14910,성미약수터,126.9146652433,37.5622973046,11440,마포구
14913,경성중고후문,126.9201211423,37.5644362483,11440,마포구
14914,우성아파트3동,126.9473962615,37.536403474,11440,마포구
14915,하모니마트,126.9061199251,37.5525211624,11440,마포구
14916,성모병원사거리,126.9125264992,37.5646439871,11440,마포구
14917,코오롱아파트사거리,126.9208407845,37.5635807867,11440,마포구
14918,도화현대1차아파트,126.9553041828,37.5404537169,11440,마포구
14919,마포한강아이파크아파트,126.9041741974,37.5526385439,11440,마포구
14920,중동초등학교,126.9107016888,37.5665745631,11440,마포구
14921,신한은행서교동금융센터점,126.9183539873,37.5573853501,11440,마포구
14922,경성중고.홍익디자인고,126.919496441,37.5622871811,11440,마포구
14923,망원파출소.롯데장학관,126.9026460189,37.5536897719,11440,마포구
14924,대우미래사랑아파트,126.9169681476,37.5567410028,11440,마포구
14925,효성약국,126.917709138,37.5612082417,11440,마포구
14926,화평교회,126.9013092437,37.554615888,11440,마포구
14927,성산시영아파트,126.9036833144,37.5699733715,11440,마포구
14928,한국해양전략연구소,126.9157158214,37.55615891,11440,마포구
14929,망원파출소.롯데장학관,126.9027470741,37.5534558318,11440,마포구
14930,망원유수지.마포구민체육센터,126.8992531113,37.5559856164,11440,마포구
14932,서교동주민센터,126.9146083137,37.5556453918,11440,마포구
14933,창전삼성아파트,126.9325269785,37.5515831433,11440,마포구
14934,임오빌딩,126.917399414,37.5587705681,11440,마포구
14935,월드컵경기장역,126.8983131242,37.573873297,11440,마포구
14936,새화빌딩,126.9134453847,37.5551110975,11440,마포구
14937,신촌이랜드청년주택,126.9315214065,37.5495116343,11440,마포구
14940,성산초등학교,126.9119272598,37.5544197369,11440,마포구
14941,우리은행서교동지점,126.9174950771,37.5533950184,11440,마포구
14942,서강쌍용아파트.광흥창역,126.93012642,37.547971961,11440,마포구
14943,동교로사거리,126.9210453635,37.5560597174,11440,마포구
14944,동교초등학교,126.901628566,37.557089657,11440,마포구
14946,망원전철역,126.910258,37.556114,11440,마포구
14947,서교동주민센터,126.9152772343,37.5556503792,11440,마포구
14948,서강초등학교,126.9263556875,37.547746198,11440,마포구
14950,신부파스카아파트,126.900472928,37.5587854475,11440,마포구
14951,KBS미디어센터,126.8912678163,37.5762495025,11440,마포구
14952,구)망원우체국사거리,126.907297,37.557933,11440,마포구
14953,홍대후문,126.9254084029,37.5477681308,11440,마포구
14954,대상아파트,126.8998548757,37.5596562821,11440,마포구
14955,월드컵파크2단지,126.8903116509,37.5752557916,11440,마포구
14956,망원동월드컵시장,126.9059890137,37.5576257556,11440,마포구
14957,상수역,126.9223888577,37.5478391735,11440,마포구
14958,동원데자뷰아파트,126.8994205325,37.560265953,11440,마포구
14959,망원동사거리,126.904716,37.557387,11440,마포구
14960,레드로드입구,126.9205037113,37.5479257309,11440,마포구
14961,마포16번종점,126.8989566813,37.5609278604,11440,마포구
14962,서부면허시험장.월드컵파크8단지,126.8819694963,37.5782548127,11440,마포구
14963,동교초등학교,126.9029563717,37.5570015474,11440,마포구
14964,합정동,126.9181201992,37.5476074126,11440,마포구
14965,마포새빛문화숲,126.9171164107,37.5455098635,11440,마포구
14966,서일빌딩,126.9159631569,37.5455541032,11440,마포구
14967,삼성래미안공덕2차201동앞,126.961189,37.551177,11440,마포구
14968,성우맨션,126.9142496659,37.5456357722,11440,마포구
14969,다운교회,126.9127953093,37.5457365309,11440,마포구
14971,월드컵경기장역,126.9001461683,37.569515608,11440,마포구
14972,마포구청.마포구청역,126.899575309,37.5663307977,11440,마포구
14973,상암고등학교,126.8843872719,37.5820557086,11440,마포구
14974,상암고등학교,126.883494785,37.5823366588,11440,마포구
14976,우성아파트입구,126.9475018046,37.537980068,11440,마포구
14977,망원교회,126.9001616621,37.55623509,11440,마포구
14978,망원교회,126.9005291712,37.5564958163,11440,마포구
14979,신촌역7번출구,126.9359751517,37.5546992456,11440,마포구
14981,경성중고사거리,126.915740226,37.5606202414,11440,마포구
14982,삼진제약,126.92682996,37.5532074175,11440,마포구
14983,한국영화아카데미,126.9294391491,37.5542981382,11440,마포구
14984,서교동교회,126.9194138368,37.5517506356,11440,마포구
14985,성산2동주민센터,126.9083871955,37.5680244492,11440,마포구
14987,월드컵파크7단지,126.8798688581,37.5804105731,11440,마포구
14988,창전삼성아파트110동,126.9283523987,37.5499354757,11440,마포구
14989,신촌역,126.9358956814,37.5542870566,11440,마포구
14990,신촌역,126.9356255921,37.5544909027,11440,마포구
14991,신촌농협.하나로마트,126.9332008127,37.5561881182,11440,마포구
14992,기업은행.신촌연세병원,126.9334875964,37.5531660102,11440,마포구
14993,세븐일레븐,126.9559382398,37.5401511395,11440,마포구
14994,아현고개,126.9469798113,37.5566204258,11440,마포구
14996,백합아파트,126.9009301902,37.5579505185,11440,마포구
14997,백합아파트,126.9010705599,37.557938922,11440,마포구
15101,홍익병원목동관,126.8640300339,37.5309083865,11470,양천구
15102,금호어울림.대원칸타빌아파트,126.8665441384,37.5326907306,11470,양천구
15103,목동3단지후문,126.8699099401,37.5343243418,11470,양천구
15104,영도초등학교,126.8705188382,37.5355559091,11470,양천구
15105,신목중학교.목동2단지후문,126.8735523348,37.5381652606,11470,양천구
15106,목동2단지,126.8779874254,37.5365999339,11470,양천구
15107,목동3단지,126.875742,37.534747,11470,양천구
15108,목동4단지상가.목동종합운동장,126.8751149732,37.5322979868,11470,양천구
15109,목동3.4단지사잇길,126.8719802822,37.5327958586,11470,양천구
15111,목동사거리,126.8638355299,37.5332695189,11470,양천구
15112,영도중.강서고입구.기아양서대리점,126.8636220426,37.5361735073,11470,양천구
15113,목동시장.대일고교.배광교회,126.863840943,37.5390050043,11470,양천구
15114,신목중학교,126.8718965121,37.5371228212,11470,양천구
15115,목동스카이아파트.목동3단지,126.86961025,37.534287789,11470,양천구
15116,금호어울림.대원칸타빌아파트,126.8668605943,37.5328780454,11470,양천구
15117,신목동역2번출구,126.8823418211,37.5438547597,11470,양천구
15118,신목동역1번출구,126.882068981,37.5439220697,11470,양천구
15119,서울경서농협,126.856298,37.521363,11470,양천구
15126,목동2차성원아파트,126.8631752063,37.5422950368,11470,양천구
15127,목3동주민센터.현대아이파크.실로암안과,126.8624010187,37.5448325228,11470,양천구
15128,등촌역6번출구.목동깨비시장,126.8639369391,37.5496948079,11470,양천구
15140,월촌초등학교,126.8770703252,37.5411875533,11470,양천구
15141,월촌초등학교.우성아파트,126.8753672844,37.5405030314,11470,양천구
15142,목원초등학교.서울지방식품의약품안전청,126.8811364216,37.5425325465,11470,양천구
15143,용왕산,126.874232426,37.5391300565,11470,양천구
15144,한국전파진흥협회,126.881497679,37.5459435557,11470,양천구
15145,목동한신청구아파트,126.8801650973,37.5406383625,11470,양천구
15146,목동한신청구아파트,126.8803505399,37.5407286601,11470,양천구
15147,목동1.2단지사잇길,126.8784758339,37.5383884014,11470,양천구
15148,월촌중학교.목동1단지,126.8816710436,37.5379123848,11470,양천구
15149,양천YMCA.서울에너지공사,126.8826597565,37.5388422797,11470,양천구
15150,양천YMCA.서울에너지공사,126.8828573282,37.5390353122,11470,양천구
15151,목동5단지C상가.목동운동장북문,126.8774929435,37.5328197258,11470,양천구
15152,파리공원,126.8783257944,37.5346216632,11470,양천구
15153,목동5단지B상가.목5동주민센터,126.8813067124,37.5357698917,11470,양천구
15154,이대목동병원.목동6단지앞,126.8844278116,37.53684743,11470,양천구
15155,목동아파트601동앞.이대병원,126.8832527876,37.5358926776,11470,양천구
15156,경인초교.목동아파트5.6단지사잇길,126.883850411,37.5328700866,11470,양천구
15157,오목교역3번출구,126.8763828695,37.5250698135,11470,양천구
15158,양정고등학교,126.8879022224,37.5352231619,11470,양천구
15159,목1동주민센터.양천소방서,126.87358,37.529802,11470,양천구
15160,목동역3번출구.홍익병원,126.8644323939,37.5273814301,11470,양천구
15161,CBS방송국,126.8741491329,37.5280972176,11470,양천구
15162,목운초등학교.목운중학교,126.873770474,37.5264186976,11470,양천구
15163,목동7단지동문,126.8702312245,37.5285096907,11470,양천구
15164,목운초등학교.목운중학교,126.8733948469,37.5261261893,11470,양천구
15165,목동운동장남문.아이스링크,126.8765922255,37.5284743808,11470,양천구
15166,목동7단지.종로학원,126.8687626438,37.5256721661,11470,양천구
15167,오목교역1번출구.대학빌딩,126.873313,37.524957,11470,양천구
15168,오목교역.동신한방병원,126.8768222179,37.524448727,11470,양천구
15169,갈산초등학교정문,126.8704857561,37.5128049409,11470,양천구
15170,오목교역6번출구.청학빌딩,126.8754466022,37.5234268996,11470,양천구
15171,신목동새마을금고,126.8736392011,37.5210696367,11470,양천구
15172,서울출입국외국인청사거리,126.8714242396,37.5189830043,11470,양천구
15173,오목교역.동신한방병원,126.8769218981,37.5240854759,11470,양천구
15174,신목초등학교입구,126.870927,37.517471,11470,양천구
15175,목동14단지B상가,126.8718895902,37.514708147,11470,양천구
15176,현대아파트정문,126.8774210833,37.5197850505,11470,양천구
15177,현대아파트정문,126.8782362614,37.5207879158,11470,양천구
15178,삼성아파트정문,126.8769040606,37.516349522,11470,양천구
15179,현대아파트109동앞,126.8771500437,37.518115032,11470,양천구
15180,현대아파트후문,126.8781721806,37.5219304431,11470,양천구
15181,목동14단지C상가앞,126.8741755588,37.5140461143,11470,양천구
15182,목일중학교,126.8739267611,37.5140188189,11470,양천구
15183,목동13.14단지사거리,126.8693990705,37.5142684329,11470,양천구
15184,목동13.14단지사거리,126.8695819439,37.5147422125,11470,양천구
15185,신트리공원,126.8579171135,37.5144890648,11470,양천구
15186,목동12.13단지사잇길,126.8635453462,37.5130539408,11470,양천구
15187,목동12.13단지사잇길,126.8632703412,37.5132321011,11470,양천구
15188,신목초등학교입구,126.8707856913,37.5173017573,11470,양천구
15189,목동14단지A상가,126.8722112168,37.5151432295,11470,양천구
15190,목동11단지,126.858308657,37.5132198855,11470,양천구
15191,목동14단지관리사무소앞,126.8716908326,37.5147961876,11470,양천구
15192,양천구청역,126.865327879,37.5125666892,11470,양천구
15193,양천공원,126.869642,37.517872,11470,양천구
15194,양천구청,126.86703,37.516543,11470,양천구
15195,양천구민체육센터.양천일자리센터,126.8642387934,37.5155435776,11470,양천구
15196,신정7동주민센터.목동12단지,126.8603283424,37.5141819623,11470,양천구
15197,갈산초등학교정문,126.8701085117,37.5128276097,11470,양천구
15198,갈산초등학교후문,126.8687090062,37.5110893778,11470,양천구
17155,구로역,126.8821395273,37.5048451046,11530,구로구
15199,갈산초등학교후문,126.8692119822,37.5112881566,11470,양천구
15200,은정초등학교,126.8667027318,37.51032353,11470,양천구
15201,은정초등학교,126.8671059902,37.5100942816,11470,양천구
15202,목동2차우성아파트,126.8657101781,37.5071981739,11470,양천구
15203,세양청마루2차아파트,126.8642093283,37.5084511066,11470,양천구
15204,양천아파트,126.8633494936,37.5081742559,11470,양천구
15205,봉영여중.목동고입구,126.861841071,37.5072813126,11470,양천구
15206,봉영여중.목동고입구,126.8614268774,37.5073907618,11470,양천구
15207,봉영여중.목동고,126.8618162875,37.5086342212,11470,양천구
15208,양천어르신종합복지관,126.8591784815,37.5102877693,11470,양천구
15209,양천구청역,126.8666090852,37.5128696347,11470,양천구
15210,양천아파트103동앞,126.862762,37.510264,11470,양천구
15211,신정네거리해누리분수광장,126.8515143857,37.5218864223,11470,양천구
15212,신정네거리.신정119안전센터,126.8507300915,37.5220233018,11470,양천구
15213,동방아파트,126.8463249183,37.5218824877,11470,양천구
15214,신월종합사회복지관.동방아파트,126.8462896508,37.5214264859,11470,양천구
15215,신곡시장.금빛새마을금고,126.8437433353,37.5196434749,11470,양천구
15216,신곡시장.금빛새마을금고,126.8438198804,37.5192849388,11470,양천구
15217,신한은행신월동지점,126.8416025861,37.5180186395,11470,양천구
15218,신한은행신월동지점,126.8418635354,37.5178279621,11470,양천구
15219,양강중학교,126.8499936,37.5237110271,11470,양천구
15220,신월2동주민센터입구,126.845690477,37.5227588172,11470,양천구
15221,강서초등학교.신월4동주민센터,126.8419309679,37.5218776213,11470,양천구
15222,한빛종합사회복지관,126.8392498206,37.5212558706,11470,양천구
15223,신월동남부주유소,126.8385850656,37.5193930878,11470,양천구
15224,신월2동우체국,126.851248,37.523082,11470,양천구
15225,신트리공원앞교차로,126.855949147,37.5131152074,11470,양천구
15226,신트리아파트,126.854140221,37.5129013233,11470,양천구
15227,정랑고개.양천벤처타운,126.8503821304,37.5115773183,11470,양천구
15228,신정학마을아파트,126.8439634217,37.5074208503,11470,양천구
15229,양천고등학교,126.8456571614,37.5099267313,11470,양천구
15230,계남공원삼거리.계남초교입구,126.8584301705,37.50975303,11470,양천구
15231,목동아파트11단지(1117동),126.8599070047,37.5073061738,11470,양천구
15232,신정1동주민센터.신오새마을금고,126.8543710811,37.5172033635,11470,양천구
15233,양명초교.신서중,126.855702514,37.5143052592,11470,양천구
15234,신트리공원.목동아파트11단지,126.8571828958,37.5139204866,11470,양천구
15235,목동10단지A상가,126.8596768178,37.5159691889,11470,양천구
15236,양천문화회관.양천일자리센터,126.8623809974,37.5169332443,11470,양천구
15237,목동10단지농협,126.8563817008,37.5178010215,11470,양천구
15238,목동13.14단지사거리,126.8692996703,37.5145138464,11470,양천구
15239,목동아파트1332동앞,126.8680275029,37.5135267044,11470,양천구
15241,신서초등학교,126.8618413297,37.5206410194,11470,양천구
15242,신정1동우체국,126.861673,37.521953,11470,양천구
15247,우리은행신정동지점,126.859385,37.521705,11470,양천구
15248,목동프라자,126.8602781332,37.5198759498,11470,양천구
15249,목동10단지,126.8566524982,37.5190869699,11470,양천구
15250,신정네거리역,126.8534032338,37.5210387184,11470,양천구
15251,신정네거리역4번출구,126.8533978302,37.5194642102,11470,양천구
15252,길훈로즈빌아파트,126.8711569767,37.5224330208,11470,양천구
15253,미래탐구초중학원.종로학원,126.8694004931,37.5248101641,11470,양천구
15254,목동역5번출구,126.8654053381,37.5257967805,11470,양천구
15255,목동8단지.등촌지하차도,126.8669116745,37.5200478423,11470,양천구
15256,양천구청.양천보건소,126.8661628949,37.5181625662,11470,양천구
15257,목동8단지.한전,126.8683291544,37.5201834629,11470,양천구
15258,진명여고,126.8651037893,37.5239401081,11470,양천구
15259,남부법원.검찰청교차로,126.865547,37.52179,11470,양천구
15260,남부법원.검찰청교차로,126.8659323028,37.5218496017,11470,양천구
15261,오목교역7번출구.청학빌딩,126.8753149721,37.5236278346,11470,양천구
15262,현대아이파크아파트,126.873256871,37.5210340842,11470,양천구
15263,목동중학교.서울출입국.외국인청,126.8708457351,37.5198771646,11470,양천구
15264,오목교역8번출구.대학빌딩,126.8728637695,37.524726482,11470,양천구
15265,목동7단지,126.867125263,37.5255869926,11470,양천구
15266,제일은행앞,126.8640996248,37.5193001008,11470,양천구
15268,서울남부지방법원.서울남부지방검찰청,126.8633685313,37.5221940523,11470,양천구
15269,목동중학교,126.8703493965,37.5190605632,11470,양천구
15270,목동역7번출구.진명여고,126.8645744119,37.5245071942,11470,양천구
15271,우리은행신정동지점,126.8587126514,37.5219011411,11470,양천구
15272,목동역8번출구.목동오거리,126.8631068968,37.5258057871,11470,양천구
15273,신서고등학교.영상고등학교입구,126.8599725442,37.5253957175,11470,양천구
15274,신정역(은행정).신정4동주민센터,126.8542989447,37.5246301301,11470,양천구
15277,신정1동우체국,126.8614154182,37.5221525641,11470,양천구
15279,서울남부지방법원.서울남부지방검찰청,126.8643534946,37.5225339507,11470,양천구
15280,신정네거리역,126.853432075,37.5212769715,11470,양천구
15281,신서고등학교.영상고등학교앞,126.8594494182,37.5226250743,11470,양천구
15282,목동제일여성병원,126.8518789155,37.5224739148,11470,양천구
15283,서울경서농협,126.8551726588,37.52151618,11470,양천구
15284,목동역.홍익병원,126.8639151684,37.5280495538,11470,양천구
15285,목동역.목동오거리,126.8627909553,37.5259586072,11470,양천구
15286,신서고교.영상고교입구,126.8603986015,37.5256530348,11470,양천구
15287,신정역(은행정).신정4동주민센터,126.8539719864,37.5248637099,11470,양천구
15288,양강중학교,126.8505530267,37.5250671294,11470,양천구
15292,신월문화체육센터,126.835249,37.519969,11470,양천구
15293,신월동우성상가,126.8338259542,37.5217809008,11470,양천구
15294,중부운수앞,126.8307797604,37.5241040725,11470,양천구
15295,신월문화체육센터,126.8362023324,37.5201173667,11470,양천구
15296,신월동우성상가,126.8339903939,37.5217175664,11470,양천구
15297,신정현대6차아파트107동앞,126.840295,37.508058,11470,양천구
15298,서울과학수사연구소입구,126.8370345521,37.5223552552,11470,양천구
15299,신안파크아파트후문,126.8288364619,37.5239255582,11470,양천구
15300,신안파크아파트후문,126.8289139798,37.5240984718,11470,양천구
15301,서울과학수사연구소.고강동종점,126.8257794501,37.5234552209,11470,양천구
15302,신정1동주민센터.신오새마을금고,126.8538761936,37.5176031829,11470,양천구
15303,신정네거리역,126.8528216878,37.5198533776,11470,양천구
15304,신트리아파트,126.8538683824,37.5130325951,11470,양천구
15305,정랑고개.양천벤처타운,126.8498548282,37.5116613527,11470,양천구
15306,서부트럭터미널.신정동일하이빌아파트,126.842363,37.510935,11470,양천구
15307,강신중학교,126.8403598507,37.5152713231,11470,양천구
15308,남명초교.신정3동주민센터,126.8549125537,37.515076534,11470,양천구
15309,금옥중.금옥여고.백암고등학교,126.8445827103,37.5098523335,11470,양천구
15310,양강중학교,126.85028,37.524862,11470,양천구
15311,양강중학교,126.8495049505,37.5238498474,11470,양천구
15312,신월2동주민센터입구.경창전통시장,126.8460404234,37.5231005832,11470,양천구
15313,강서초등학교.신월4동주민센터,126.8416789569,37.522025949,11470,양천구
15314,한빛종합사회복지관,126.8387477223,37.521341727,11470,양천구
15315,서울과학수사연구소입구,126.8369620025,37.5219046542,11470,양천구
15316,서부트럭터미널.신정동일하이빌아파트,126.8423997674,37.5100886262,11470,양천구
15317,서부트럭터미널.신정현대아파트,126.8429841108,37.5083597993,11470,양천구
15318,넓은들공원,126.8392002136,37.5107961068,11470,양천구
15319,넓은들공원,126.838645415,37.5110656513,11470,양천구
15320,신정현대아파트,126.842139551,37.5087818233,11470,양천구
15321,신정숲속마을아파트,126.8341353536,37.5064470434,11470,양천구
15322,신정숲속마을아파트.댓골마을입구,126.8356122927,37.506763681,11470,양천구
15323,양천중앙도서관.푸른마을2단지,126.8340906245,37.5141912766,11470,양천구
15324,양천중앙도서관.푸른마을2단지,126.833988,37.514032,11470,양천구
15325,강월초등학교.신월시영아파트,126.83553,37.515731,11470,양천구
15326,강월초등학교.신월시영아파트,126.835305,37.515937,11470,양천구
15327,강월초교입구사거리,126.8377839139,37.516359946,11470,양천구
15328,강월초교입구사거리,126.8378578575,37.5166925531,11470,양천구
15329,금실어린이공원,126.8377738585,37.5179542888,11470,양천구
15330,금실어린이공원,126.8378532017,37.5174285164,11470,양천구
15331,강신중학교,126.839808639,37.5158628238,11470,양천구
15332,양서중학교,126.8309503372,37.5315463481,11470,양천구
15333,신월1동주민센터.신월보건지소,126.8310479701,37.5321812684,11470,양천구
15334,신월3동주민센터.신월3동우체국,126.8288288926,37.5346648231,11470,양천구
15335,서부여성발전센터,126.8290121927,37.535164296,11470,양천구
15336,가로공원공영주차장.신영시장,126.8330270198,37.5363759851,11470,양천구
15337,신월사거리.국민은행신월동지점,126.8291078692,37.5358050015,11470,양천구
15338,서서울호수공원,126.8325721561,37.5290347298,11470,양천구
15339,서서울호수공원,126.8329212932,37.5292505864,11470,양천구
15340,하나은행신월동지점,126.8379926774,37.5304768462,11470,양천구
15341,가로공원공영주차장,126.8325796723,37.5366508061,11470,양천구
15342,양원초교.광영여고,126.8235071834,37.5390246021,11470,양천구
15343,국민은행신월동지점,126.8296038629,37.5362149282,11470,양천구
15344,메디힐병원.서울금융고등학교,126.8277768675,37.5369926272,11470,양천구
15345,신화중학교,126.8313535928,37.5396509921,11470,양천구
15346,신월5동주민센터.신월중학교,126.8275323805,37.5394783937,11470,양천구
15347,신월5동주민센터.신월중학교,126.8276175857,37.539249826,11470,양천구
15348,신월중학교입구,126.8252825465,37.539901203,11470,양천구
15349,신월중학교입구,126.8256582331,37.540131513,11470,양천구
15350,광영고.신동아파밀리에아파트,126.8233615523,37.5393577897,11470,양천구
15351,서울금융고등학교,126.8270247465,37.537320428,11470,양천구
15352,신화중학교,126.8307630563,37.53935507,11470,양천구
15353,경창빌딩,126.8385824561,37.5186593622,11470,양천구
15354,신월시영아파트중문,126.8367192546,37.519095445,11470,양천구
15355,신월시영아파트중문,126.8365807096,37.5190839909,11470,양천구
15356,목원초등학교.서울지방식품의약품안전청,126.8813545994,37.5430365015,11470,양천구
15357,양천어르신종합복지관,126.8590792819,37.5104115391,11470,양천구
15358,양서중학교,126.8302430927,37.5327964612,11470,양천구
15359,양명초등학교,126.8572418295,37.5160834014,11470,양천구
15360,신목동역.서울지방식품의약품안전청,126.883182,37.543803,11470,양천구
15361,목동파라곤,126.8755214922,37.5300691011,11470,양천구
15362,서부트럭터미널.신정현대아파트,126.8420065648,37.5090108927,11470,양천구
15363,대일관광고.푸른마을3단지,126.836221887,37.5111781699,11470,양천구
15364,대일관광고.푸른마을3단지,126.835885,37.511319,11470,양천구
15366,신월문화체육센터,126.8368773634,37.5205124893,11470,양천구
15367,목동아파트1102동앞,126.8601148427,37.5115795698,11470,양천구
15369,목동아파트1434동앞,126.8719841075,37.5156610604,11470,양천구
15370,목동아파트1216동앞,126.8621876648,37.5115054211,11470,양천구
15371,신월동기점,126.8385294276,37.5294773535,11470,양천구
15372,목동아파트1218동앞,126.8636210262,37.5117167505,11470,양천구
15373,양천공영차고지,126.8372401516,37.5084237826,11470,양천구
15374,서울과학수사연구소.고강동종점,126.8259331584,37.5236309481,11470,양천구
15377,신월동기점,126.8386621156,37.529576762,11500,강서구
15378,양천공영차고지,126.8376467183,37.5087014007,11470,양천구
15380,신정이펜하우스3단지,126.8304154243,37.5141211783,11470,양천구
15399,푸른마을1단지아파트,126.8353881275,37.5126531126,11470,양천구
15401,신정교입구,126.8739017041,37.5186052595,11470,양천구
15402,중부운수앞,126.8307794978,37.5242203138,11470,양천구
15405,서남병원.이든채아파트,126.83488,37.512878,11470,양천구
15408,신정교입구,126.8736165136,37.5185708053,11470,양천구
15411,신월청소년문화센터,126.8264417895,37.5354516006,11470,양천구
15412,계남공원삼거리.계남초교입구,126.8577593241,37.5101238882,11470,양천구
15413,신목동역.서울지방식품의약품안전청,126.883633,37.543627,11470,양천구
15414,신월6차보람아파트,126.8354825562,37.5297998782,11470,양천구
15415,신월6차보람아파트,126.8352416009,37.5299044382,11470,양천구
15416,신정이펜하우스2단지,126.8305420682,37.5145028936,11470,양천구
15418,신정이펜하우스1단지아파트,126.8280797488,37.5139871425,11470,양천구
15419,이펜하우스1단지.어르신요양센터,126.8288196516,37.5133944288,11470,양천구
15420,양천어르신요양센터,126.8284425852,37.5136182192,11470,양천구
15421,신정이펜하우스3.4단지,126.8304616781,37.5112884496,11470,양천구
15423,서남병원.신정이펜하우스5단지,126.8334705173,37.511195872,11470,양천구
15500,푸른마을아파트3단지,126.8365884562,37.5120789765,11470,양천구
15501,강서보건소.9호선등촌역,126.8680475339,37.5490380694,11470,양천구
15502,염창역.골든서울호텔,126.8761512874,37.5468699702,11470,양천구
15503,목2동주민센터,126.8713802897,37.5461773017,11470,양천구
15504,동일하이빌아파트,126.8408155962,37.5100140206,11470,양천구
15505,팔복부동산.목동교회,126.870383328,37.543894503,11470,양천구
15507,목동문화체육센터.건영아파트,126.8690347158,37.5417556164,11470,양천구
15508,한성교회.금옥여고.백암고,126.8430650004,37.5107847678,11470,양천구
15509,우신웨스트빌.목동보건지소,126.8690375939,37.5394632318,11470,양천구
15510,대림.수정아파트,126.8424429811,37.5123383373,11470,양천구
15511,벽산.대주아파트,126.8415302899,37.5143898216,11470,양천구
15512,성원.극동아파트,126.8716473252,37.5380036179,11470,양천구
15513,목동센트럴2단지,126.8410312611,37.515529943,11470,양천구
15516,목동센트럴1단지,126.8407068265,37.5164268831,11470,양천구
15518,농협.영도초등학교,126.8705498954,37.535918184,11470,양천구
15522,학마을2단지아파트,126.8442805344,37.5088381976,11470,양천구
15524,한신청구아파트,126.8815754738,37.53969003,11470,양천구
15526,학마을2단지아파트,126.8440958579,37.5089601172,11470,양천구
15536,신정1동주민센터,126.8547129441,37.5183653861,11470,양천구
15539,목동10단지,126.8566246544,37.5189371319,11470,양천구
15540,오목교역.대학학원,126.8741567243,37.5248106495,11470,양천구
15542,목동프라자,126.8593705814,37.5193999936,11470,양천구
15545,신서초교,126.8621671623,37.5206350924,11470,양천구
15547,서울남부지법,126.8629843287,37.5216813177,11470,양천구
15553,한신청구아파트정문,126.8816171411,37.5398180274,11470,양천구
15554,목동8단지.목동성당,126.8688815376,37.5225981211,11470,양천구
17232,구일우성아파트,126.875812,37.49013,11530,구로구
15556,목동3.4단지사잇길,126.8716438006,37.5327979786,11470,양천구
15561,용왕산입구,126.8731057989,37.5380880949,11470,양천구
15564,성원.극동아파트,126.8717853725,37.5380073723,11470,양천구
15565,목동9단지B상가,126.860685007,37.5182652653,11470,양천구
15566,현대아파트.월드메르디앙아파트,126.8699130421,37.5390523984,11470,양천구
15567,목동프라자,126.8592176522,37.5195079433,11470,양천구
15568,우신웨스트빌.목동보건지소,126.8688076498,37.5402388202,11470,양천구
15570,목동문화체육센터.건영아파트,126.869197507,37.5418504119,11470,양천구
15571,신정1동주민센터,126.8543800508,37.5184090452,11470,양천구
15572,팔복부동산.목동교회,126.8704988384,37.5438486739,11470,양천구
15574,목2동주민센터,126.8713325179,37.5466952437,11470,양천구
15576,양동중학교,126.8687518796,37.547522312,11470,양천구
15577,수명산입구,126.8288756598,37.5434136288,11470,양천구
15579,거산아파트,126.8319712047,37.5401966583,11470,양천구
15582,신곡시장,126.842581104,37.5187453383,11470,양천구
15584,목동센트럴1단지,126.8404713803,37.5165519359,11470,양천구
15585,목동센트럴2단지.이마트24,126.8408152558,37.5157451286,11470,양천구
15586,벽산.대주아파트,126.8413477998,37.5145607856,11470,양천구
15587,대림.수정아파트,126.8423503064,37.5122985653,11470,양천구
15588,한성교회.백암고,126.8429319752,37.5111080859,11470,양천구
15591,동일하이빌아파트,126.8406524331,37.5101435591,11470,양천구
15593,현대아파트.월드메르디앙아파트,126.8703583513,37.5387122738,11470,양천구
15594,롯데캐슬아파트.목3동시장,126.8671612341,37.5481502533,11470,양천구
15596,신정이펜하우스1단지,126.8280891009,37.5150602232,11470,양천구
15599,서남병원,126.8325983835,37.5117397462,11470,양천구
15600,신은초등학교,126.8335392789,37.5133381042,11470,양천구
15614,신은초등학교,126.8336662919,37.5134441509,11470,양천구
15635,서남병원,126.83252592,37.5117570005,11470,양천구
15637,이펜하우스3.4단지,126.8295805468,37.5120485294,11470,양천구
15638,양천어르신요양센터,126.828910031,37.5134418624,11470,양천구
15639,신정이펜하우스1단지.새금성교회,126.8284976952,37.5144526403,11470,양천구
15691,목동역,126.864285482,37.5253674114,11470,양천구
15692,목동역,126.8647256531,37.5253354768,11470,양천구
15693,갈산초등학교,126.8700047657,37.5129359732,11470,양천구
15694,갈산초등학교,126.87038353,37.5130463236,11470,양천구
15695,화곡입구,126.8272223971,37.5369927184,11470,양천구
15696,화곡입구,126.8277279655,37.5370988852,11470,양천구
15700,국립과학수사연구소,126.8366145434,37.5230214162,11470,양천구
15702,서부트럭터미널,126.8437883314,37.5078265129,11470,양천구
15703,대일고등학교,126.8638775519,37.5394087376,11470,양천구
15718,양천공영차고지,126.8374184549,37.5084115031,11470,양천구
15801,오목교역,126.8751439748,37.5234378426,11470,양천구
15806,오목교역,126.8753760603,37.5233299675,11470,양천구
15808,신도림4차e편한세상,126.887744365,37.5121981404,11530,구로구
15909,목동현대백화점,126.8741804998,37.5281690673,11470,양천구
15992,강서양천교육지원청,126.829937,37.541566,11470,양천구
15994,신원중학교,126.8248011722,37.5357332396,11470,양천구
15995,거산아파트,126.8316906449,37.5407169042,11470,양천구
15996,신월사거리,126.8277442245,37.5359337917,11470,양천구
16001,염창역.서울도시가스,126.8758965674,37.547146203,11500,강서구
16002,염창역.서울도시가스,126.874716,37.546918,11470,양천구
16003,등촌역.강서보건소,126.868638,37.548988,11500,강서구
16004,등촌역.강서보건소,126.867436,37.549624,11470,양천구
16005,등촌중학교.백석초등학교,126.861438627,37.5526262092,11500,강서구
16006,등촌중학교.백석초등학교,126.8606811411,37.5529052232,11500,강서구
16007,강서구청사거리.서울디지털대학교,126.8555268401,37.5548873841,11500,강서구
16008,강서구청사거리.서울디지털대학교,126.8540843129,37.5552355847,11500,강서구
16009,KBS스포츠월드,126.850512,37.556782,11500,강서구
16010,KBS스포츠월드,126.848927351,37.557050527,11500,강서구
16011,한국가스기술공사,126.845633,37.558022,11500,강서구
16012,한국가스기술공사,126.8437363221,37.557971797,11500,강서구
16013,발산역,126.83922,37.558502,11500,강서구
16014,송정역,126.8098252947,37.561451697,11500,강서구
16015,송정역,126.8109375565,37.5613543738,11500,강서구
16016,"공항중학교.마곡엠밸리9,10단지",126.8155482638,37.5608007973,11500,강서구
16017,발산역,126.8376109437,37.5585733533,11500,강서구
16018,마곡역,126.827513,37.559695,11500,강서구
16019,마곡역,126.8262227042,37.5597284531,11500,강서구
16020,"공항중학교.마곡엠밸리9,10단지",126.8171527623,37.5607379709,11500,강서구
16021,마곡동로사거리,126.8339921625,37.5590734814,11500,강서구
16022,마곡동로사거리,126.8324754968,37.5591051266,11500,강서구
16023,강서세무서,126.8221992473,37.5601352538,11500,강서구
16024,강서세무서,126.8228597284,37.5601606335,11500,강서구
16100,화원중학교,126.8410402083,37.5378331474,11500,강서구
16101,가양동탑산문화공원,126.8461285043,37.5657052436,11500,강서구
16102,서울식물원.식물문화센터,126.8350580335,37.5683369266,11500,강서구
16103,백석초등학교.한국임업진흥원,126.8616542673,37.5527036123,11500,강서구
16104,등촌중학교.한국임업진흥원,126.8601040507,37.5529521864,11500,강서구
16105,강서대학교.강서LG베스트샵,126.8560333678,37.5548452055,11500,강서구
16106,하이웨이주유소.강서대학교,126.8557934761,37.5545340687,11500,강서구
16107,서울식물원.숲문화학교,126.8341460719,37.5662276025,11500,강서구
16108,LG사이언스파크,126.8335273253,37.5619785387,11500,강서구
16109,강서송도병원,126.8437952791,37.5581926191,11500,강서구
16111,발산역4번출구,126.8392815106,37.5586270014,11500,강서구
16112,발산역5번출구,126.8394838811,37.5582109717,11500,강서구
16113,송정역,126.8114082502,37.5614188052,11500,강서구
16115,공항중학교.송정역,126.815009,37.561102,11500,강서구
16116,송정역4번출구,126.810720132,37.5611760789,11500,강서구
16117,송정역,126.8090169265,37.5616789813,11500,강서구
16118,공항시장,126.8088328704,37.5622654951,11500,강서구
16119,공항시장,126.8087504097,37.5624230357,11500,강서구
16120,공항시장역3번출구,126.8109493938,37.5638248877,11500,강서구
16121,공항시장역.공항성산교회,126.8113840134,37.5647464984,11500,강서구
16122,방화주유소,126.812731,37.566695,11500,강서구
16123,방화2동청성아파트앞,126.8116149845,37.5669761672,11500,강서구
16124,방신전통시장입구,126.8128627805,37.5699529318,11500,강서구
16125,마곡우촌아파트,126.8114748571,37.5700234331,11500,강서구
16126,방신전통시장정문.방화사거리,126.8115903308,37.5727187792,11500,강서구
16127,방신전통시장정문.방화사거리,126.8113414217,37.5726571076,11500,강서구
16128,한서고등학교.보람아파트,126.811733,37.57483,11500,강서구
16129,한서고등학교.보람아파트,126.8114186211,37.574816243,11500,강서구
16130,방화역2번출구,126.812627,37.576742,11500,강서구
16131,방화역3번출구,126.8123587027,37.5769118737,11500,강서구
16132,방화3동주민센터.국립국어원,126.813513,37.57913,11500,강서구
16133,방화7단지.국립국어원,126.8133544706,37.5793082749,11500,강서구
16134,가양역4번출구.가양8단지아파트,126.8559123678,37.5618621425,11500,강서구
16135,가양역7번출구.마포중고교,126.8542038866,37.5589275113,11500,강서구
16136,가양역8번출구.마포중고교,126.8541936005,37.5595591647,11500,강서구
16137,경복비즈니스고등학교,126.8534482519,37.5575280794,11500,강서구
16138,경복비즈니스고등학교,126.8531220051,37.557662838,11500,강서구
16139,강서구청.한국건강관리협회,126.8505841855,37.552627948,11500,강서구
16140,강서구청.한국건강관리협회,126.850232,37.552784,11500,강서구
16141,우장초등학교,126.8481814428,37.5503532252,11500,강서구
16142,우장초등학교,126.847753,37.549406,11500,강서구
16143,한국폴리텍1.서울강서대학교,126.8452748106,37.5460872756,11500,강서구
16144,한국폴리텍1.서울강서대학교,126.8447320961,37.5458432676,11500,강서구
16145,화곡본동시장,126.8426281976,37.5431786479,11500,강서구
16146,화곡본동시장,126.8432514003,37.5433434761,11500,강서구
16147,화곡역6번출구,126.8387505747,37.5410376002,11500,강서구
16148,화곡역7번출구B,126.8370055717,37.5408730247,11500,강서구
16149,강서구청소년상담복지센터,126.8355643823,37.5401952775,11500,강서구
16150,화곡푸르지오,126.8344789776,37.5401506396,11500,강서구
16151,외발산신광명마을,126.8215259396,37.5460645834,11500,강서구
16152,외발산신광명마을,126.821132,37.545958,11500,강서구
16153,강서면허시험장.메이필드호텔,126.8194959796,37.5496838966,11500,강서구
16154,강서면허시험장.메이필드호텔,126.820225595,37.5477976201,11500,강서구
16155,강서농수산물도매시장,126.81998,37.55187,11500,강서구
16156,영인운수.차고지,126.8179353333,37.5453351183,11500,강서구
16157,대한항공.메이필드호텔,126.8168175473,37.5497227693,11500,강서구
16158,공항동송정중학교,126.8149361014,37.5527773034,11500,강서구
16159,공항동송정중학교,126.815368,37.55313,11500,강서구
16160,국립항공박물관.공항동천주교회,126.811917,37.555638,11500,강서구
16161,국립항공박물관.공항동천주교회,126.811943,37.555152,11500,강서구
16162,공항동지하도입구,126.808185,37.559087,11500,강서구
16163,영인운수.차고지,126.8182939748,37.5452133046,11500,강서구
16164,방화중학교,126.8059168195,37.564621397,11500,강서구
16166,방화동도시개발11단지,126.804202,37.570852,11500,강서구
16167,개화119안전센터,126.8026,37.575195,11500,강서구
16168,개화119안전센터,126.802225,37.575128,11500,강서구
16169,개화역1번출구.개화검문소,126.800345,37.578455,11500,강서구
16170,개화역1번출구.개화검문소,126.7997884498,37.5784942626,11500,강서구
16171,부석마을.상사마을입구,126.7985641294,37.5824925499,11500,강서구
16172,부석마을.상사마을입구,126.798335,37.58182,11500,강서구
16173,영일고등학교.강서도서관,126.8633553696,37.5489885793,11500,강서구
16174,아이파크아파트.백석중학교.실로암안과,126.8621412863,37.5451448999,11500,강서구
16175,등촌2동주민센터.등촌동대림아파트,126.862957,37.542088,11500,강서구
16176,대일고교.임광아파트.배광교회,126.863587,37.539924,11500,강서구
16177,용문사.시립화곡청소년센터,126.8633458107,37.5370972069,11500,강서구
16178,목동사거리,126.8635224048,37.5331985949,11500,강서구
16179,목동사거리,126.863608811,37.5316337661,11500,강서구
16180,화곡동남부시장,126.858853902,37.5318363326,11500,강서구
16181,성석교회,126.8575906388,37.5315122234,11500,강서구
16182,서울신정초등학교,126.8529083134,37.5311293183,11500,강서구
16183,서울신정초등학교,126.8525296973,37.530930626,11500,강서구
16184,화곡8동주민센터,126.8495911999,37.5308233051,11500,강서구
16185,화곡8동주민센터.까치산시장,126.8488200647,37.5305885107,11500,강서구
16186,KT강서지사,126.8475167279,37.5299722869,11500,강서구
16187,KT강서지사,126.8478810975,37.5299538337,11500,강서구
16188,화곡동유림아파트,126.844302,37.530479,11500,강서구
16189,화곡동유림아파트,126.8444275174,37.5303526005,11500,강서구
16190,황외과앞,126.8378394153,37.5309632183,11500,강서구
16191,까치산역2번출구,126.8468455507,37.5317706703,11500,강서구
16192,까치산역4번출구,126.8461927843,37.5322386315,11500,강서구
16193,화곡동백구사,126.8425221182,37.5326003237,11500,강서구
16194,화곡동백구사,126.8407943889,37.5323817672,11500,강서구
16195,화곡대림아파트,126.8389262692,37.5330031766,11500,강서구
16196,화곡동대림아파트.화곡중앙시장,126.8383240895,37.5341804114,11500,강서구
16197,강서문화원.강서K병원,126.8371920237,37.5367734994,11500,강서구
16198,강서문화원.강서K병원,126.8368737328,37.5374398713,11500,강서구
16199,강서문화원.강서K병원,126.8366700411,37.5369060331,11500,강서구
16200,강서문화원.강서K병원,126.8362926723,37.5371786505,11500,강서구
16201,다운어린이공원.화곡동교회,126.8437952234,37.5325644788,11500,강서구
16202,화원중학교,126.840433,37.537977,11500,강서구
16203,신월초등학교,126.8389691102,37.5386348969,11500,강서구
16204,신월초등학교,126.8394911995,37.5389654088,11500,강서구
16205,화곡역5번출구,126.8409451288,37.5406479194,11500,강서구
16206,화곡역4번출구,126.8411221475,37.540952728,11500,강서구
16207,화곡역1번출구,126.8395162317,37.5427978434,11500,강서구
16208,화곡역8번출구,126.8388885788,37.5429294084,11500,강서구
16209,대원시장,126.8382263704,37.5440629818,11500,강서구
16210,대원시장,126.8373132333,37.5445248902,11500,강서구
16211,화곡중고등학교,126.8362222507,37.5472239799,11500,강서구
16212,화곡중고등학교,126.8364707757,37.5474202914,11500,강서구
16213,우장산역1번출구,126.8365028309,37.549241001,11500,강서구
16214,우장산역4번출구,126.8362284945,37.5497942598,11500,강서구
16215,명덕고등학교.서울스타병원,126.8365206219,37.5530943921,11500,강서구
16216,명덕고등학교.서울스타병원,126.8363717464,37.5532912365,11500,강서구
16217,발산역.우장산힐스테이트,126.8376254994,37.5560385988,11500,강서구
16218,발산역.우장산힐스테이트,126.8374835698,37.5567655856,11500,강서구
16219,발산역2번출구,126.838558,37.56009,11500,강서구
16220,발산역3번출구,126.8389703128,37.5601701491,11500,강서구
16221,서울호서전문학교.등촌주공3단지아파트,126.839465,37.562868,11500,강서구
16222,서울호서전문학교.등촌주공3단지아파트,126.839755,37.562662,11500,강서구
16223,서울강서우체국,126.8403693809,37.5645670875,11500,강서구
16224,서울강서우체국,126.8400518125,37.5645673439,11500,강서구
16225,양천향교역.휴먼빌아파트,126.8416017657,37.5692156291,11500,강서구
16226,양천향교입구,126.841425,37.57003,11500,강서구
16227,가양한강타운아파트,126.8434528337,37.570402906,11500,강서구
16228,가양한강타운아파트,126.8438103417,37.5705058666,11500,강서구
16229,가양2단지성지아파트.동양고등학교,126.8465390121,37.5696275978,11500,강서구
16230,가양2단지성지아파트.동양고등학교,126.84734832,37.5696444144,11500,강서구
16231,한보구암마을아파트,126.8490281961,37.5687703572,11500,강서구
16232,가양동천주교영등포공업고등학교,126.8496502756,37.5684832895,11500,강서구
16233,서울서진학교.우체국앞.허준박물관,126.8513309956,37.5668487184,11500,강서구
16234,탑산초등학교.허준박물관,126.8517605558,37.5666981923,11500,강서구
16235,가양4단지아파트,126.8532911497,37.5652618508,11500,강서구
16236,대림경동아파트,126.8532162499,37.5655880638,11500,강서구
16237,가양5단지아파트,126.85513,37.564242,11500,강서구
16238,가양2동강변아파트,126.8556380616,37.5641799397,11500,강서구
16239,가양6단지아파트,126.8579043717,37.5629463904,11500,강서구
16240,가양초등학교,126.85982,37.561717,11500,강서구
16241,강서구청별관,126.8597589765,37.5611994625,11500,강서구
16242,가양3동주민센터,126.8607529864,37.5614125205,11500,강서구
16243,가양9단지아파트,126.863307,37.559812,11500,강서구
16244,가양9단지아파트.세현고등학교,126.8636096929,37.5598119345,11500,강서구
16245,염창동아3차아파트.나이아가라호텔,126.877626568,37.5491222747,11500,강서구
16246,염창동아3차아파트,126.8776893136,37.5488168686,11500,강서구
16247,염창동새마을금고,126.8733240118,37.5502350947,11500,강서구
16248,염창동새마을금고,126.8727944748,37.5501570313,11500,강서구
16249,염창동한마음.관음삼성아파트,126.8697189477,37.5530470916,11500,강서구
16250,염창동관음삼성아파트,126.8693581039,37.5529295507,11500,강서구
16251,태영.삼성한사랑아파트,126.8654574304,37.5550652684,11500,강서구
16252,금호.한솔아파트,126.8654850398,37.5554473635,11500,강서구
16253,블루나인비지니스센터,126.8637439355,37.5562428349,11500,강서구
16254,블루나인비지니스센터,126.8639188939,37.5565070571,11500,강서구
16255,증미역1번출구.강서소방서,126.861434589,37.5578632495,11500,강서구
16256,증미역3번출구.강서소방서,126.8617194697,37.557230783,11500,강서구
16257,가양역6번출구.현대프린스텔,126.8563497598,37.5602196054,11500,강서구
16258,가양역5번출구.현대아파트,126.8567272077,37.5604119558,11500,강서구
16259,가양역9번출구.우성아파트,126.8539737105,37.5614520887,11500,강서구
16260,가양역1번출구.우성아파트,126.853228,37.562223,11500,강서구
16261,SBS공개홀,126.85080021,37.5634890953,11500,강서구
16262,SBS공개홀,126.8498490115,37.563659097,11500,강서구
16263,가양4.5단지상가앞,126.8526273202,37.5640845262,11500,강서구
16264,서울서진학교,126.849851,37.565616,11500,강서구
16265,등촌동대림아파트,126.8483940429,37.5644051441,11500,강서구
16266,강서한강자이아파트,126.8478709578,37.5650145106,11500,강서구
16267,가양동문화공원,126.844935221,37.5666541126,11500,강서구
16268,가양동문화공원,126.8440630854,37.5668132495,11500,강서구
16269,양천향교역1번출구.양천초교,126.840356,37.569105,11500,강서구
16270,양천향교역8번출구.양천초교,126.840489,37.568749,11500,강서구
16271,겸재정선미술관.서울식물원,126.8385690451,37.5697783342,11500,강서구
16272,겸재정선미술관.서울식물원,126.8372947297,37.5707733354,11500,강서구
16273,마곡실내배드민턴장,126.82984731,37.5726185461,11500,강서구
16274,마곡실내배드민턴장,126.8319558638,37.5726747685,11500,강서구
16275,서남물재생센터,126.8273192464,37.5730045551,11500,강서구
16276,서남물재생센터,126.8271584787,37.5727700614,11500,강서구
16277,서남환경공원.마곡청구아파트,126.8233293081,37.5732822116,11500,강서구
16278,서남환경공원.마곡청구아파트,126.8222079622,37.573136622,11500,강서구
16279,방화2단지아파트,126.81844,37.573256,11500,강서구
16280,방화2단지아파트,126.818829,37.573514,11500,강서구
16283,방화동동부센트레빌아파트,126.8138643735,37.5733225126,11500,강서구
16284,방화동동부센트레빌아파트,126.814217,37.573528,11500,강서구
16285,한서고등학교.방화사거리,126.810512,37.573128,11500,강서구
16286,한서고등학교.방화사거리,126.809421,37.573162,11500,강서구
16287,개화산역2번출구,126.806172,37.572521,11500,강서구
16288,개화초교.개화산역2번출구,126.805346,37.572655,11500,강서구
16289,한강버스마곡선착장,126.842988,37.573494,11500,강서구
16291,등촌3동천주교회,126.8457975984,37.5600812481,11500,강서구
16292,등촌3동천주교회,126.8460350791,37.5599579041,11500,강서구
16293,등촌3동5단지아파트.등촌고등학교,126.84519,37.561745,11500,강서구
16294,등촌3동5단지아파트.등촌고등학교,126.8452050542,37.561949377,11500,강서구
16295,등촌3동주공4단지아파트,126.8431809018,37.5624287385,11500,강서구
16296,등촌동부영아파트,126.84275,37.562722,11500,강서구
16297,등촌3동주공10단지아파트,126.8474153204,37.5619664289,11500,강서구
16298,등촌3동대림아파트,126.8474900471,37.5625898053,11500,강서구
16301,마곡13단지힐스테이트아파트,126.8179661823,37.5566960084,11500,강서구
16303,서울디지털콘텐츠고등학교,126.8166269967,37.5755292328,11500,강서구
16304,방화1.2단지아파트,126.8168824539,37.5752232916,11500,강서구
16305,서울백영고등학교,126.8168322544,37.5695169119,11500,강서구
16306,서울백영고등학교,126.816406,37.569091,11500,강서구
16307,공항중학교.신성교회,126.8162655595,37.5631891761,11500,강서구
16308,공항중학교.마곡엠밸리9단지,126.81676,37.562458,11500,강서구
16309,양천향교역7번출구,126.8407487895,37.5670001354,11500,강서구
16321,방신전통시장입구,126.812660348,37.5700525655,11500,강서구
16322,방화주유소,126.8125292434,37.5666910754,11500,강서구
16326,제과점앞,126.8099418283,37.5602109477,11500,강서구
16327,공항동천주교회,126.811612,37.557387,11500,강서구
16328,강서한방병원,126.8390315329,37.5301259278,11500,강서구
16329,강서한방병원,126.8393407089,37.5299929864,11500,강서구
16330,강서한강자이아파트,126.8500718716,37.5663646057,11500,강서구
16332,강서구청별관,126.859807,37.561162,11500,강서구
17233,개봉역,126.8567241653,37.4939788787,11530,구로구
16339,우장산동주민센터,126.8415761023,37.5479250527,11500,강서구
16340,블리스빌,126.8442261922,37.5469149557,11500,강서구
16341,우장산투웨니퍼스트오피스텔,126.8457900497,37.5471985703,11500,강서구
16342,가양7단지상가,126.861713,37.560708,11500,강서구
16344,등촌주공9단지,126.850602,37.561643,11500,강서구
16345,강서구민올림픽체육센터,126.850182,37.559912,11500,강서구
16346,등촌주공6단지,126.848477,37.560553,11500,강서구
16347,등현초등학교,126.847269544,37.5611028771,11500,강서구
16348,가양7단지상가앞,126.8618310381,37.560749155,11500,강서구
16350,우장산휴먼빌아파트,126.8434782256,37.5474383521,11500,강서구
16351,우장산동주민센터,126.8414060402,37.5480757415,11500,강서구
16352,우장산아이파크이편한세상,126.8370211691,37.548002196,11500,강서구
16361,우장산파크빌,126.8453328761,37.5466528685,11500,강서구
16364,강서힐스테이트아파트,126.836963084,37.547853051,11500,강서구
16366,등촌주공6단지앞,126.848447,37.560355,11500,강서구
16367,강서구민올림픽체육센터,126.850322,37.559795,11500,강서구
16368,등촌주공8단지상가,126.850932,37.561875,11500,강서구
16369,가양4.5단지상가앞,126.852823,37.563943,11500,강서구
16373,삼정그린코아아파트,126.8117011886,37.5715960686,11500,강서구
16374,강서농협,126.8128866692,37.56832217,11500,강서구
16375,강서농협,126.812767,37.568388,11500,강서구
16376,서울방화초등학교,126.805304,37.568165,11500,강서구
16378,공항동주민센터,126.810557,37.55883,11500,강서구
16379,공항동성당,126.812261,37.556398,11500,강서구
16385,마곡나루역4번출구.서울식물원,126.8277729117,37.5652544127,11500,강서구
16386,마곡나루역5번출구.서울식물원,126.8275009964,37.5653688926,11500,강서구
16387,마곡역4번출구,126.828573099,37.5593495514,11500,강서구
16388,이대서울병원,126.8348300457,37.5587395873,11500,강서구
16389,김포공항국내선(6번홈),126.804207227,37.5587417798,11500,강서구
16390,김포공항국내선(2번홈),126.8046467079,37.5583911194,11500,강서구
16391,김포공항국제선,126.801112,37.56531,11500,강서구
16392,김포공항국제선,126.8010312835,37.5649980309,11500,강서구
16393,발산역7번출구,126.837903,37.557738,11500,강서구
16394,신방화역5번출구,126.8174477684,37.567394529,11500,강서구
16395,마곡엠밸리6.7단지.마곡중학교,126.8214497647,37.5671078261,11500,강서구
16396,마곡나루역1번출구,126.8257999476,37.5667539271,11500,강서구
16397,마곡역,126.826863,37.56108,11500,강서구
16398,마곡역,126.827203,37.560522,11500,강서구
16399,마곡나루역1번출구.웰튼병원,126.8265562889,37.5669558738,11500,강서구
16400,마곡동로사거리,126.8314960803,37.5594674923,11500,강서구
16401,마곡엠밸리11.12단지,126.8215712653,37.5600644793,11500,강서구
16402,마곡13단지힐스테이트후문,126.8187359229,37.5566341229,11500,강서구
16403,공진초등학교,126.8216428956,37.5584322785,11500,강서구
16405,김포공항국내선(4번홈),126.804569,37.558517,11500,강서구
16407,송정역,126.8122789838,37.5613155651,11500,강서구
16408,외발산동기점,126.8213321956,37.5452091516,11500,강서구
16409,김포공항국내선(7번홈),126.803805,37.559077,11500,강서구
16410,한국공항공사,126.798872,37.562433,11500,강서구
16411,한국공항공사,126.7987623811,37.5625221156,11500,강서구
16413,개화동상사마을종점,126.80181,37.588697,11500,강서구
16416,마곡수명산파크7단지,126.8230654224,37.5492187282,11500,강서구
16417,마곡수명산파크5단지6단지,126.8253549438,37.5513079456,11500,강서구
16418,마곡수명산파크2단지,126.8264227097,37.5549071083,11500,강서구
16419,마곡수명산파크2단지,126.826058,37.554787,11500,강서구
16420,마곡수명산파크3단지4단지,126.8252225589,37.55168483,11500,강서구
16421,마곡수명산파크7단지,126.822762,37.549322,11500,강서구
16422,마곡역6번출구,126.825491,37.559571,11500,강서구
16423,마곡역2번출구,126.825875,37.559992,11500,강서구
16424,화곡2동주민센터,126.8552226927,37.5313768831,11500,강서구
16425,화곡2동주민센터,126.854483648,37.5311763199,11500,강서구
16427,마곡엠밸리14단지아파트,126.826412,37.557467,11500,강서구
16428,마곡엠밸리15단지아파트,126.8267496101,37.5574387588,11500,강서구
16429,발산역9번출구,126.8365135554,37.5589193253,11500,강서구
16430,공항동주민센터,126.810619,37.558964,11500,강서구
16431,신방화사거리,126.816922,37.572868,11500,강서구
16432,신방화사거리,126.8165346746,37.5727855639,11500,강서구
16433,마곡우촌아파트,126.8117126614,37.5701349,11500,강서구
16434,개화역광역환승센터,126.797811,37.57845,11500,강서구
16435,개화역광역환승센터,126.797978,37.57822,11500,강서구
16436,방화2동청성아파트,126.8118933674,37.5665639113,11500,강서구
16450,핑크힐병원,126.8755585298,37.5493147499,11500,강서구
16451,롯데몰.김포공항역,126.8030234261,37.5623798325,11500,강서구
16453,송정중학교정문,126.8162290783,37.5543372118,11500,강서구
16462,염창동주민센터,126.871126909,37.5536800855,11500,강서구
16463,세븐일레븐강서메인점,126.8561330678,37.5351492517,11500,강서구
16464,강원슈퍼,126.856929141,37.5356611094,11500,강서구
16465,화곡보람3차아파트,126.858238059,37.5364948584,11500,강서구
16466,에이엔케슬,126.859168675,37.5371360581,11500,강서구
16467,한광고,126.8584805675,37.5377930358,11500,강서구
16468,서울신정고등학교,126.8575411898,37.5372836881,11500,강서구
16469,명지해드는터아파트,126.8564710571,37.5366359765,11500,강서구
16470,동우아트빌,126.8559329287,37.5364692205,11500,강서구
16471,미주아파트,126.8549371793,37.5374138804,11500,강서구
16472,방송인아파트,126.85410904,37.5370334682,11500,강서구
16473,곰달래약국,126.858040957,37.5315199743,11500,강서구
16474,중앙하이츠빌라,126.8581894818,37.5307641322,11500,강서구
16475,곰달래아파트,126.8565795811,37.5296584451,11500,강서구
16476,삼성아파트,126.8541282205,37.5292192105,11500,강서구
16477,은창아파트,126.8518828439,37.5289352735,11500,강서구
16478,화곡전화국,126.8479082078,37.5294764061,11500,강서구
16479,까치산역4번출구,126.8460661003,37.5326432888,11500,강서구
16480,까치산시장,126.8462779542,37.533742673,11500,강서구
16481,화곡탑건진선미아파트,126.8467094083,37.5361805507,11500,강서구
16482,GS화곡개나리점,126.848008,37.536642,11500,강서구
16483,빨래터세탁소,126.8491623939,37.5371687836,11500,강서구
16484,공작세탁소,126.8545741382,37.536591509,11500,강서구
16485,주영렉스빌,126.8551479825,37.5360470216,11500,강서구
16486,세븐일레븐강서메인점,126.855997887,37.5348425483,11500,강서구
16487,국민약국,126.8578470281,37.5317540263,11500,강서구
16488,주영렉스빌,126.855045849,37.5358982526,11500,강서구
16489,약수터,126.85163932,37.5387776474,11500,강서구
16490,신광명마을,126.8240687003,37.5471082621,11500,강서구
16491,수명중고등학교,126.8240952322,37.549302466,11500,강서구
16492,마곡.수명산파크4단지,126.8244871379,37.550615042,11500,강서구
16493,방화중학교,126.8065584409,37.5642674199,11500,강서구
16494,한마음아파트,126.8680232498,37.5551078122,11500,강서구
16495,우성아파트앞,126.8708997,37.5555155833,11500,강서구
16496,우성아파트,126.8709494221,37.5555615934,11500,강서구
16497,봉제산정상,126.851795,37.53667,11500,강서구
16498,생태공원,126.8185407653,37.5834338969,11500,강서구
16499,NC백화점앞,126.8402472565,37.5594762964,11500,강서구
16500,염창역1번출구.강서평생학습관,126.8737556441,37.5472979883,11500,강서구
16501,명지해드는터아파트,126.8563584043,37.5367635901,11500,강서구
16502,하이웨이주유소,126.8542799286,37.5544691407,11500,강서구
16503,서광아파트,126.8194426148,37.5788332307,11500,강서구
16504,마곡엠밸리7단지앞,126.8244646004,37.5654207293,11500,강서구
16505,대림아파트,126.8751414211,37.5483303142,11500,강서구
16506,하나마트,126.8531015943,37.5524923381,11500,강서구
16507,정곡초교,126.8186173155,37.5760007418,11500,강서구
16508,등명중학교,126.8429614647,37.5590951148,11500,강서구
16509,동아3차아파트,126.8760290974,37.5494621232,11500,강서구
16510,미주아파트,126.8551022133,37.5375050938,11500,강서구
16511,백연공원,126.8520877836,37.5506285112,11500,강서구
16512,방화4단지,126.8134033207,37.5767450272,11500,강서구
16513,등촌3동성당사거리,126.8458653593,37.5588259101,11500,강서구
16514,새마을금고,126.8732764729,37.5502377469,11500,강서구
16515,방송인아파트,126.8540561396,37.5371967258,11500,강서구
16516,강서대학교,126.851224259,37.5494785312,11500,강서구
16517,방화3동주민센터,126.813948,37.578176,11500,강서구
16518,등촌6단지,126.8476782843,37.5595698622,11500,강서구
16519,관음삼성.보람더하임아파트,126.8703832733,37.5524224634,11500,강서구
16520,공작세탁소,126.8543808707,37.536466022,11500,강서구
16521,골목시장,126.850235687,37.5486194397,11500,강서구
16524,염창중학교,126.8709339914,37.5533520946,11500,강서구
16525,세븐일레븐강서메인점,126.8558560931,37.5350565116,11500,강서구
16526,SK브로드밴드강서방송,126.849284385,37.5478099476,11500,강서구
16527,정곡초교,126.8195723539,37.5758468665,11500,강서구
16528,강서세무서.공항초교,126.8206089735,37.5620054578,11500,강서구
16529,남부시장,126.857698479,37.5325197799,11500,강서구
16530,수정빌딩,126.8475437164,37.5458083822,11500,강서구
16532,다솔마을,126.816664,37.555154,11500,강서구
16533,화곡유치원,126.8461326678,37.5444216025,11500,강서구
16534,마곡엠밸리14단지,126.8256703019,37.5580357905,11500,강서구
16535,등촌7단지아파트,126.8530358421,37.5612633649,11500,강서구
16536,삼천리아파트,126.8698493274,37.5561740306,11500,강서구
16537,화곡중앙하이츠빌라,126.8580424207,37.5307477357,11500,강서구
16538,본동시장,126.8442200427,37.5428311336,11500,강서구
16539,마곡엠밸리14단지,126.8247274121,37.5583235271,11500,강서구
16540,한서고등학교.보람아파트,126.8114926908,37.5748665364,11500,강서구
16541,한마음아파트,126.8678151019,37.5550445028,11500,강서구
16542,곰달래아파트,126.8572148649,37.5297942783,11500,강서구
16543,본동사무소,126.8477354184,37.5427020909,11500,강서구
16544,볏골어린이공원,126.841975539,37.5409676275,11500,강서구
16545,방신전통시장앞,126.8125870322,37.5733423192,11500,강서구
16546,마곡엠밸리11.12단지상가,126.8210370123,37.5586626221,11500,강서구
16547,삼성아파트,126.8542115306,37.5294337746,11500,강서구
16548,거성빌라,126.8490739183,37.5421787361,11500,강서구
16549,마곡13단지힐스테이트상가,126.8201379646,37.5583639272,11500,강서구
16550,겸재정선미술관입구,126.837411,37.572225,11500,강서구
16551,한국건강관리협회,126.8509971757,37.5538251223,11500,강서구
16552,증미역2번출구,126.8626080867,37.557180458,11500,강서구
16553,은창아파트,126.8518066697,37.5291208041,11500,강서구
16554,강서구립봉제산어르신복지센터,126.8502912541,37.5417729905,11500,강서구
16555,본동시장.새마을금고본점,126.8427421191,37.5428192627,11500,강서구
16556,금호APT,126.8371204609,37.5743399784,11500,강서구
16557,강서구청입구,126.8496141991,37.5532043177,11500,강서구
16558,등촌강변샤르망오피스텔,126.8571485471,37.558624739,11500,강서구
16560,대영마트,126.851055235,37.5405745983,11500,강서구
16561,우체국,126.8459320265,37.5441939263,11500,강서구
16562,벽산아파트,126.8367589013,37.5755640607,11500,강서구
16563,우장산꿈에그린아파트,126.8477997172,37.5532921022,11500,강서구
16564,등촌현대아파트,126.8550855865,37.5566172929,11500,강서구
16565,까치산역1번출구,126.8463346005,37.5326055625,11500,강서구
16566,정은파크빌,126.8514173531,37.540005562,11500,강서구
16567,화곡초교,126.8465565086,37.543584805,11500,강서구
16568,벽산아파트,126.8366805582,37.5757388784,11500,강서구
16569,롯데3차APT,126.8465770816,37.5528724125,11500,강서구
16570,하이웨이주유소,126.8540853499,37.5555906416,11500,강서구
16571,까치산시장,126.8460803531,37.5335405699,11500,강서구
16572,약수터,126.8515080655,37.5387720758,11500,강서구
16573,금호APT,126.8369597981,37.574293801,11500,강서구
16574,강서구민회관,126.8442711774,37.5530658323,11500,강서구
16576,선교교회,126.8477612943,37.5343420215,11500,강서구
16577,겸재정선미술관입구,126.8374304603,37.5718308684,11500,강서구
16578,발산어린이집,126.8416539309,37.554367135,11500,강서구
16579,화곡탑건진선미아파트,126.8468187447,37.5359934136,11500,강서구
16580,삼거리,126.850132431,37.5373877789,11500,강서구
16581,롯데1차,126.8409792491,37.554512744,11500,강서구
16583,GS화곡개나리점,126.848043724,37.5365674526,11500,강서구
16586,내발산복합복지센터,126.8399795935,37.5545324812,11500,강서구
16588,빨래터세탁소,126.8492383261,37.5369625024,11500,강서구
16589,안골공원,126.8512590982,37.5359315073,11500,강서구
16591,우장산월드메르디앙아파트,126.8378891311,37.5547901531,11500,강서구
16592,방화동동부센트레빌아파트,126.8138107751,37.5733691977,11500,강서구
16593,삼거리,126.8502333606,37.5373368223,11500,강서구
16594,강남슈퍼,126.8510240698,37.5351941142,11500,강서구
16595,프라임마트,126.8182381117,37.5728737933,11500,강서구
16597,태창아파트,126.8508560508,37.5375766335,11500,강서구
16598,신정초교,126.8512080132,37.5325973854,11500,강서구
16599,정은파크빌,126.851506706,37.5400282017,11500,강서구
16601,마곡한솔솔파크,126.8226596037,37.5700446393,11500,강서구
16602,가양역,126.8566507375,37.5604501553,11500,강서구
16603,길훈아파트,126.8225722751,37.5686840065,11500,강서구
16604,마곡중학교,126.8205580115,37.5689619652,11500,강서구
16605,김포공항국내선(9번홈),126.803278818,37.5595105337,11500,강서구
16606,마곡나루역,126.8277919292,37.5672228992,11500,강서구
16608,롯데R&D센터,126.8284268111,37.5713190587,11500,강서구
16609,마곡나루역,126.8280656444,37.5671626962,11500,강서구
16612,대한항공,126.8150621212,37.5499834076,11500,강서구
16613,LG사이언스파크,126.8339839711,37.5627653003,11500,강서구
16615,마곡엠밸리1단지,126.8191530122,37.5678091263,11500,강서구
16616,마곡나루역1번출구,126.8258170834,37.5666863778,11500,강서구
16617,마곡나루역5번출구,126.8274784835,37.5653148,11500,강서구
16618,대한항공.메이필드호텔,126.8164830974,37.549888549,11500,강서구
16619,서울식물원.숲문화학교,126.8345109127,37.5663159615,11500,강서구
16621,마곡역2번출구,126.8259968474,37.559962965,11500,강서구
16622,강서세무서.공항초교,126.8209337487,37.5619017064,11500,강서구
16623,강서세무서,126.8213948607,37.5623562752,11500,강서구
16624,마곡엠밸리7단지입구,126.824676,37.565172,11500,강서구
16625,마곡엠밸리7단지,126.8235747774,37.5671695854,11500,강서구
16627,마곡엠밸리3단지입구,126.8199974298,37.5674567613,11500,강서구
16628,마곡중학교후문,126.8208224938,37.5686373065,11500,강서구
16629,길훈아파트,126.8227000401,37.5688328966,11500,강서구
16630,마곡한솔솔파크,126.8228444257,37.5696732566,11500,강서구
16631,프라임마트,126.8181868983,37.5729863387,11500,강서구
16632,방화동동부센트레빌아파트,126.8142022387,37.5735236112,11500,강서구
16633,방신전통시장앞,126.8129196261,37.5736123014,11500,강서구
16634,한서고등학교.보람아파트,126.8117492228,37.575012494,11500,강서구
16636,동아1.2차아파트,126.8718806325,37.5546674977,11500,강서구
16637,약수터,126.8515195211,37.5382837732,11500,강서구
16638,동아1.2차아파트,126.8720632484,37.5546585833,11500,강서구
16639,화곡역7번출구A,126.8387731991,37.5413298067,11500,강서구
16640,마곡우림필유아파트,126.8206647683,37.5720190366,11500,강서구
16641,마곡우림필유아파트,126.8202678013,37.572048799,11500,강서구
16677,대영마트,126.851143455,37.540598138,11500,강서구
16700,롯데R&D센터,126.828545146,37.5703123695,11500,강서구
16702,마곡엠밸리7단지.712동,126.8235218525,37.5671761267,11500,강서구
16703,신방화역4번출구.마곡중학교,126.8199236939,37.5674501387,11500,강서구
16704,신방화역7번출구,126.816377,37.56661,11500,강서구
16705,마곡엠밸리4단지,126.8249811399,37.5689315825,11500,강서구
16706,신방화역6번출구.마곡엠밸리5단지,126.816778,37.566192,11500,강서구
16707,화곡중앙골목시장,126.837775875,37.5347017814,11500,강서구
16718,송화벽화시장,126.8352516144,37.5479822354,11500,강서구
16721,삼천리아파트,126.869805293,37.5561118066,11500,강서구
16722,LG주유소,126.8577463741,37.5315297061,11500,강서구
16725,오쇠동꽃단지,126.7978638462,37.5382211674,11500,강서구
16726,오쇠동꽃단지,126.7974938496,37.5382088192,11500,강서구
16727,강서구립봉제산어르신복지센터,126.8503919612,37.5417776236,11500,강서구
16729,화곡중.고등학교,126.8332770001,37.5480159963,11500,강서구
16730,증미역,126.8636351888,37.5566900109,11500,강서구
16732,삼거리,126.850104675,37.5371798683,11500,강서구
16734,남부시장,126.8578070724,37.5325361304,11500,강서구
16745,송정역,126.8091452122,37.5613442157,11500,강서구
16778,거성빌라,126.8495909865,37.542196174,11500,강서구
16781,김포공항국내선(10번홈),126.803041627,37.5596781071,11500,강서구
16800,강서면허시험장,126.8188279446,37.55027309,11500,강서구
16801,염창역.골든서울호텔,126.8761933239,37.5472565064,11500,강서구
16812,덕원여자고등학교.덕원예술고등학교,126.8321738366,37.5492511475,11500,강서구
16813,증미역,126.8638396373,37.5562870508,11500,강서구
16814,봉제산정상,126.8516122813,37.5366775541,11500,강서구
16818,성우빌딩,126.8575558378,37.5336266685,11500,강서구
16820,발산초등학교,126.8314177559,37.550788238,11500,강서구
16829,김포공항국내선(5번홈),126.8043612446,37.5586440368,11500,강서구
16836,로미오이발클럽,126.8530365707,37.5360346554,11500,강서구
16839,강서면허시험장메이필트호텔,126.8181908181,37.5502477813,11500,강서구
16841,강서구의회,126.8621434783,37.5451836495,11500,강서구
16842,강서구의회,126.8629063713,37.5463487525,11470,양천구
16843,대일고등학교,126.8634754278,37.5390090878,11500,강서구
16844,목동사거리,126.8636807084,37.5306750816,11500,강서구
16848,김포공항국제선,126.8021756851,37.5658713092,11500,강서구
16849,강서면허시험장.강서농수산물시장,126.8184684663,37.5500977258,11500,강서구
16851,염창역2번출구,126.87631,37.547248,11500,강서구
16855,태영송화아파트,126.867513837,37.5538754466,11500,강서구
16857,김포공항국제선,126.801935005,37.565706006,11500,강서구
16858,세븐일레븐강서메인점,126.8562745177,37.5349246412,11500,강서구
16859,화곡초교,126.8467695833,37.5434282911,11500,강서구
16861,수명산근린공원,126.8308140121,37.552012862,11500,강서구
16862,관음삼성.보람더하임아파트,126.8703510926,37.5520520784,11500,강서구
16863,청송평화아파트,126.853736191,37.5352999067,11500,강서구
16864,아람마트,126.85496215,37.5344073361,11500,강서구
16867,마곡수명산파크1단지앞,126.8298250178,37.5534189491,11500,강서구
16868,새마을금고,126.8724183295,37.5503900089,11500,강서구
16869,성심사,126.854174736,37.5336888926,11500,강서구
16870,성심사,126.8540194871,37.5338305389,11500,강서구
16873,마곡.수명산파크2단지,126.8278597199,37.5536179453,11500,강서구
16875,아람마트,126.8550585442,37.5342796302,11500,강서구
16876,현대빌라,126.8539118795,37.5344375855,11500,강서구
16878,화곡역7번출구,126.8386545056,37.5412701723,11500,강서구
16879,마곡.수명산파크3단지,126.8258981428,37.5531861489,11500,강서구
16882,청송평화아파트,126.8538280474,37.5352210016,11500,강서구
16885,마곡수명산파크3단지.4단지,126.8252405265,37.5517452299,11500,강서구
16887,화곡보람3차아파트,126.8583824999,37.5363953179,11500,강서구
16888,로미오이발클럽,126.8531190695,37.5361571618,11500,강서구
16890,푸르지오APT,126.8311221371,37.5418579682,11500,강서구
16891,염동초교.염창보람더하임아파트,126.8704365479,37.5520575345,11500,강서구
16892,에이엔케슬,126.8593609075,37.5372263113,11500,강서구
16893,염동초교.염창보람더하임아파트,126.870605926,37.5522739597,11500,강서구
16894,화곡유치원,126.8462317879,37.544243872,11500,강서구
16895,나이아가라.골든서울호텔,126.8778401388,37.5488578739,11500,강서구
16896,한광고,126.8586511192,37.5378900911,11500,강서구
16897,수정빌딩,126.8476445823,37.5456801149,11500,강서구
16898,마곡수명산파크7단지정문,126.8242285136,37.5479699462,11500,강서구
16899,서울신정고등학교,126.8574726323,37.5374602675,11500,강서구
16900,SK브로드밴드강서방송,126.8491829775,37.5475872477,11500,강서구
16902,나이아가라.골든서울호텔,126.877893454,37.5491259759,11500,강서구
16903,골목시장,126.850224658,37.5484752506,11500,강서구
16905,서울자동차학원,126.8215963672,37.5469045098,11500,강서구
16907,강서대학교,126.85131269,37.5494011485,11500,강서구
16908,백연공원,126.852199,37.550627,11500,강서구
16909,하나마트,126.8531946162,37.5524473101,11500,강서구
16910,강서구청후문,126.8502252218,37.5504558566,11500,강서구
16911,화곡보람2차아파트,126.8540264306,37.553885432,11500,강서구
16912,화곡6동주민센터,126.850726634,37.5515729471,11500,강서구
16914,본동사무소,126.8477220074,37.5428084269,11500,강서구
16915,황제참치,126.8514757606,37.5527741489,11500,강서구
16917,청과시장2,126.8212167365,37.551853645,11500,강서구
16918,콘티넨탈호텔,126.8522416609,37.5540907066,11500,강서구
16920,강서면허시험장,126.8191068363,37.5495010493,11500,강서구
16921,등촌역1번출구,126.8628059244,37.5521998321,11500,강서구
16922,발산역3번출구,126.8386304653,37.5592460652,11500,강서구
16923,마곡수명산파크7단지상가,126.821878,37.547383,11500,강서구
16925,마곡수명산파크7단지정문,126.8242774574,37.5478510746,11500,강서구
16927,수명중.고등학교,126.8241692626,37.5500676051,11500,강서구
16928,기업은행,126.8408606746,37.5660884052,11500,강서구
16929,마곡수명산파크5단지.6단지,126.8253974999,37.551408453,11500,강서구
16930,김포공항국내선(11-2번홈),126.8027048253,37.5599570433,11500,강서구
16931,마곡수명산파크상가,126.8261989751,37.5533409393,11500,강서구
16932,2.8공원,126.8378902625,37.5707078403,11500,강서구
16933,마곡수명산파크5단지아파트,126.8281310522,37.5534721595,11500,강서구
16934,김포공항국내선(11-3번홈),126.8026139532,37.5600161723,11500,강서구
16935,수명산파크1단지아파트앞,126.8297393667,37.5532575299,11500,강서구
16937,수명산근린공원,126.8309080194,37.5515705602,11500,강서구
16939,발산초등학교,126.8318357277,37.5496273238,11500,강서구
16940,2.8공원,126.8377373459,37.5707472783,11500,강서구
16941,화곡중.고등학교,126.8331241842,37.5478756223,11500,강서구
16943,송화벽화시장,126.8353186306,37.5478714943,11500,강서구
16946,우장산월드메르디앙아파트,126.8379443491,37.5546252214,11500,강서구
16948,내발산복합복지센터,126.8395111456,37.5544705711,11500,강서구
16950,롯데1차,126.8404847373,37.5543709679,11500,강서구
16951,김포공항국제선(1경기),126.8013316631,37.5652767853,11500,강서구
16952,발산어린이집,126.8415567994,37.5542696867,11500,강서구
16954,강서구민회관,126.8442047794,37.5528837238,11500,강서구
16955,방화3동주민센터,126.8136547657,37.578386307,11500,강서구
16956,롯데3차APT,126.8464573797,37.5527406972,11500,강서구
16957,방화동삼익아파트,126.8132284757,37.5768069244,11500,강서구
16958,공영주차장,126.8478384134,37.5531867241,11500,강서구
16960,강서구청입구,126.849806,37.553128,11500,강서구
16961,서광아파트,126.8196509419,37.5788326481,11500,강서구
16962,생태공원,126.8185765185,37.5834824238,11500,강서구
16963,등촌7단지,126.8535030896,37.5612589905,11500,강서구
16965,등촌미주.진로아파트,126.8477466451,37.5599069591,11500,강서구
16966,등촌3동성당사거리,126.8456364312,37.5589634783,11500,강서구
16967,등촌5단지,126.8439155633,37.5591423356,11500,강서구
16968,원당근린공원앞,126.8417735551,37.5593503403,11500,강서구
16969,발산역.NC백화점,126.8394594755,37.5597454044,11500,강서구
16970,동우아트빌,126.8560740901,37.5365679159,11500,강서구
16971,태창아파트,126.8507879488,37.5377535138,11500,강서구
16972,김포공항역3번출구,126.801792135,37.562537698,11500,강서구
16975,강서농수산물도매시장,126.818103,37.553498,11500,강서구
16976,강서농수산물도매시장종점,126.8226727076,37.5545167694,11500,강서구
16977,등촌동주공9단지,126.8497520174,37.5629182758,11500,강서구
16978,등촌주공9단지,126.8499826351,37.5627349056,11500,강서구
16979,등촌동주공8단지,126.8513904609,37.5621012565,11500,강서구
16983,국립항공박물관,126.8076813957,37.5563306325,11500,강서구
16986,등촌주공8단지,126.852100007,37.5616236673,11500,강서구
16987,대한항공화물청사,126.8132205142,37.5514321709,11500,강서구
16988,대한항공훈련센터,126.8131745021,37.5462877526,11500,강서구
16992,김포공항화물청사,126.8112608986,37.5534204714,11500,강서구
16993,김포공항세관.국립항공박물관,126.8080679474,37.5556608484,11500,강서구
16994,강원슈퍼,126.8570263026,37.5355160159,11500,강서구
16995,대한항공,126.8145690738,37.5507341466,11500,강서구
16996,대한항공.메이필드호텔,126.8168535705,37.5495780042,11500,강서구
16997,김포공항국제선,126.800809711,37.564885922,11500,강서구
17001,신도림역,126.8892229203,37.5096755487,11530,구로구
17002,신도림역,126.8884638807,37.509108047,11530,구로구
17003,신도림동.구로역,126.8839791469,37.5060021376,11530,구로구
17004,신도림동.구로역,126.883227988,37.5053435935,11530,구로구
17005,구일역.중앙유통상가,126.8746997523,37.4998806283,11530,구로구
17006,구일역.제일제당,126.8745360708,37.499702506,11530,구로구
17007,동양미래대학.구로성심병원,126.8679976691,37.4996343963,11530,구로구
17008,동양미래대학.구로성심병원,126.8670186731,37.4993764843,11530,구로구
17009,개봉역.영화아파트,126.8601789687,37.496906783,11530,구로구
17010,개봉역.한마을아파트,126.8620566339,37.4964773551,11530,구로구
17011,경인중학교.개봉사거리,126.8554228318,37.4973830961,11530,구로구
17012,경인중학교.개봉사거리,126.8551315518,37.4971710251,11530,구로구
17013,구로디지털단지역,126.9015481288,37.4830994287,11530,구로구
17101,신도림역,126.8921156954,37.5065457613,11530,구로구
17102,신도림역,126.8915707873,37.5070158798,11530,구로구
17103,서울미래초등학교,126.889452,37.505102,11530,구로구
17104,서울미래초등학교,126.889449,37.505305,11530,구로구
17105,한국SGI,126.889782059,37.5024770437,11530,구로구
17106,거리공원.구로신협본점앞,126.8885488917,37.502779976,11530,구로구
17107,거리공원,126.8918354857,37.4999741464,11530,구로구
17108,구로도서관.대성스카이렉스,126.8910758305,37.4995635433,11530,구로구
17109,구로고등학교,126.8915774772,37.4965681073,11530,구로구
17110,영림중학교,126.8916231394,37.4969140891,11530,구로구
17111,구로구청,126.8879268367,37.4945619511,11530,구로구
17112,구로구청,126.8876042378,37.4947508763,11530,구로구
17113,고대구로병원후문,126.8845657252,37.4932322453,11530,구로구
17114,대림역,126.8939771601,37.4909457511,11530,구로구
17115,대림역,126.8937987946,37.491137055,11530,구로구
17116,영서중학교,126.8922034695,37.4898314022,11530,구로구
17117,영서중학교,126.8923358014,37.4902009359,11530,구로구
17118,구로두산아파트,126.890072,37.488807,11530,구로구
17119,구로종합사회복지관,126.889168,37.487893,11530,구로구
17120,남구로역2번출구,126.886787,37.485278,11530,구로구
17121,남구로역5번출구.구로4동자치회관,126.886453,37.48531,11530,구로구
17122,지밸리비즈플라자.이마트구로점,126.8967540585,37.4841410978,11530,구로구
17123,고용노동부관악지청.이마트구로점,126.8980497122,37.4836510446,11530,구로구
17124,디지털산업1단지,126.8950386925,37.4838512637,11530,구로구
17125,디지털산업1단지,126.8947643486,37.4839658982,11530,구로구
17126,하이엔드1차?보건지소?치매센터,126.8929302011,37.4817477698,11530,구로구
17127,지하이시티?보건지소?치매센터,126.8926352264,37.4816976566,11530,구로구
17128,디지털단지오거리,126.8908838882,37.4800217989,11530,구로구
17129,디지털단지오거리,126.890398,37.479933,11530,구로구
17130,퀸즈빌,126.833311,37.487516,11530,구로구
17131,가리봉시장,126.8871282217,37.4830082864,11530,구로구
17132,가리봉시장,126.8869928718,37.4824285977,11530,구로구
17133,남구로역3번출구,126.886268,37.48418,11530,구로구
17134,남구로역,126.8856450789,37.4860984011,11530,구로구
17135,구로시장,126.884862123,37.4879909258,11530,구로구
17136,구로시장,126.88461,37.48798,11530,구로구
17137,구로4동우체국.고대구로병원정문,126.8842398696,37.4902484188,11530,구로구
17138,구로4동우체국.고대구로병원정문,126.8840651203,37.4899022236,11530,구로구
17139,구로119안전센터,126.8832312859,37.4937842571,11530,구로구
17140,구로119안전센터,126.8829563911,37.4938362491,11530,구로구
17141,우리유앤미아파트,126.8823840611,37.4967741772,11530,구로구
17142,구로변전소.구로초등학교,126.8840766793,37.4977886895,11530,구로구
17143,구로2동성당,126.8823344295,37.4995738531,11530,구로구
17144,구로역?NC신구로점,126.8828494432,37.5000384326,11530,구로구
17145,구로역?NC신구로점,126.88258057,37.5008460428,11530,구로구
17146,구로역.구로기계공구상가,126.8793093405,37.5035680895,11530,구로구
17147,구로역.구로기계공구상가,126.8789985402,37.5034172875,11530,구로구
17148,기업은행구로중앙지점,126.8774020097,37.5051655805,11530,구로구
17149,기업은행구로중앙지점,126.8772441351,37.5048734598,11530,구로구
17150,두암빌라,126.8257158995,37.4950860911,11530,구로구
17151,항동우남퍼스트빌,126.8190130591,37.476616334,11530,구로구
17152,신도림중학교,126.8849526908,37.5064944251,11530,구로구
17153,신도림중학교,126.884705,37.506772,11530,구로구
17154,구로역,126.882277,37.50455,11530,구로구
17156,초롱타운회전교차로,126.8798378767,37.4957030464,11530,구로구
17157,솔길공원,126.8803654599,37.4892906662,11530,구로구
17158,GS25,126.8802099004,37.4928832739,11530,구로구
17159,한일유앤아이아파트,126.8760349245,37.4856462135,11545,금천구
17160,항동우남퍼스트빌,126.8187528849,37.4766823207,11530,구로구
17161,구로SKV1지식산업센터,126.8171864748,37.4776891435,11530,구로구
17162,구로SKV1.제일풍경채포레스트,126.817092711,37.4775798985,11530,구로구
17163,하늘도서관,126.880881,37.486117,11530,구로구
17164,개봉사거리,126.8572965027,37.4971447123,11530,구로구
17166,경인중학교,126.8563001796,37.496895371,11530,구로구
17168,개봉치안센터,126.8518576272,37.4981960239,11530,구로구
17169,오류1동주민센터.오류문화센터,126.8461421452,37.4968379665,11530,구로구
17170,오류1동주민센터.오류문화센터,126.844651036,37.4965314426,11530,구로구
17171,오류동역,126.8433601337,37.4956918469,11530,구로구
17172,오류동역,126.842536958,37.4956023105,11530,구로구
17173,씨티월드,126.8406826769,37.4944628984,11530,구로구
17174,오류지구대.텃골,126.8394647757,37.4942645442,11530,구로구
17175,서울가든빌라앞,126.8311075695,37.4912029363,11530,구로구
17176,서울가든빌라앞,126.8316708345,37.4915630038,11530,구로구
17177,성공회대학교.유한공고앞,126.8250439465,37.4894469463,11530,구로구
17178,소공원사거리.영풍마드레빌아파트,126.8395380549,37.4911309317,11530,구로구
17179,연세중앙교회,126.8354231175,37.4931082751,11530,구로구
17180,궁동청소년문화의집,126.8328204225,37.4933235239,11530,구로구
17181,궁동청소년문화의집.구로검사소,126.8336321895,37.493133206,11530,구로구
17182,우신중고등학교,126.830847,37.4933,11530,구로구
17183,우신중고등학교,126.8304506092,37.4930633974,11530,구로구
17184,온수역,126.82376,37.492802,11530,구로구
17185,온수역,126.8244009171,37.492777021,11530,구로구
17186,온수동새마을금고,126.8243871935,37.4960559471,11530,구로구
17187,정진학교.온수힐스테이트아파트,126.8221461174,37.4969745872,11530,구로구
17188,수궁동주민센터,126.830866,37.494651,11530,구로구
17189,수궁동주민센터,126.8308533319,37.4943591334,11530,구로구
17190,수궁119안전센터,126.829596,37.496815,11530,구로구
17191,수궁119안전센터,126.8293338512,37.4967842434,11530,구로구
17192,예림디자인고.오류고.서울공연예술고,126.829242,37.498605,11530,구로구
17193,예림디자인고.오류고.서울공연예술고,126.82904,37.4984,11530,구로구
17194,서서울생활과학고.궁동도서관,126.8289709829,37.5028393881,11530,구로구
17195,서서울생활과학고.궁동도서관,126.8291844801,37.5022044887,11530,구로구
17196,오남중학교.삼미주택,126.8367978524,37.4885327485,11530,구로구
17197,오남중학교,126.8371570428,37.4881037428,11530,구로구
17198,구로2동지하차도입구,126.8812544782,37.4901970753,11530,구로구
17201,구로우체국.이펜하우스5단지후문,126.8422808239,37.48194555,11530,구로구
17202,천왕역4번출구,126.8393714866,37.4859413996,11530,구로구
17203,오류2동주민센터,126.8397819774,37.4886434308,11530,구로구
17204,오류2동주민센터,126.839681,37.488887,11530,구로구
17205,오류2동새마을금고,126.8406511512,37.4905229687,11530,구로구
17206,오류2동새마을금고,126.8405721054,37.4906222096,11530,구로구
17207,대원주유소,126.8565297879,37.4869343975,11530,구로구
17208,대원주유소,126.8561852068,37.4873583985,11530,구로구
17209,현대아파트.개봉중앙시장,126.8561310188,37.4907570595,11530,구로구
17210,현대아파트.개봉중앙시장,126.8558657202,37.4905337369,11530,구로구
17211,덕의초등학교,126.8594403333,37.5063377311,11530,구로구
17212,덕의초등학교,126.858358201,37.5061580205,11530,구로구
17213,고척근린공원,126.8552979346,37.5047224619,11530,구로구
17214,고척근린공원.고척도서관,126.854469381,37.5046337292,11530,구로구
17215,세곡초등학교,126.8498423009,37.5026683511,11530,구로구
17216,세곡초등학교,126.8506070009,37.5031820473,11530,구로구
17217,개봉푸르지오아파트,126.8478312344,37.5021368312,11530,구로구
17218,개봉푸르지오아파트,126.8480532092,37.5019938418,11530,구로구
17219,고척근린시장,126.8508090334,37.5011232856,11530,구로구
17220,용두연립,126.8517949619,37.4990015306,11530,구로구
17221,우리유엔미아파트,126.8826343167,37.497215043,11530,구로구
17222,구로2동성당,126.8825792166,37.4998375728,11530,구로구
17223,고척파크푸르지오아파트,126.8593137054,37.5075421206,11530,구로구
17224,매봉초등학교,126.845109,37.50415,11530,구로구
17225,고척시장,126.8619416162,37.5038511025,11530,구로구
17226,고척시장,126.8619909959,37.5031371138,11530,구로구
17227,고척중학교,126.8638647293,37.5004655551,11530,구로구
17228,고척중학교,126.8632418182,37.5009671461,11530,구로구
17229,구로디지털단지역,126.9016459933,37.4834896886,11530,구로구
17230,삼부르네상스.효성아파트,126.8946360021,37.4787444391,11530,구로구
17231,구일우성아파트,126.875700839,37.4894975873,11530,구로구
17234,개봉역,126.8575703808,37.4934843485,11530,구로구
17235,개봉1동사거리.개봉푸르지오아파트,126.8467946502,37.5014132308,11530,구로구
17236,개봉1동사거리.호반써밋개봉,126.8469150982,37.5004695107,11530,구로구
17237,구로1동우체국,126.8745025992,37.4915682929,11530,구로구
17239,디지털단지입구,126.8764578415,37.4864236935,11530,구로구
17240,구로보건소,126.8891718481,37.5002307166,11530,구로구
17241,궁동삼거리,126.8284511846,37.5064013211,11530,구로구
17242,구일우성아파트,126.8758256916,37.4897430284,11530,구로구
17243,개봉역,126.8570002311,37.4934472423,11530,구로구
17244,웰크론,126.8938547373,37.4829060991,11530,구로구
17245,남구로역2번출구,126.8873712478,37.4849321706,11530,구로구
17246,개봉고가,126.8555849791,37.493656008,11530,구로구
17247,구로남초등학교,126.891010543,37.4839895253,11530,구로구
17248,연세중앙교회,126.8359813615,37.4933027885,11530,구로구
17249,가리봉파출소,126.8917410052,37.4792463871,11530,구로구
17251,동양빌라,126.8315970998,37.4951898369,11530,구로구
17252,남구로역6번출구,126.8885673801,37.4877324957,11530,구로구
17253,궁동입구,126.8340799962,37.4934389034,11530,구로구
17254,신도림현대아파트,126.886618,37.504635,11530,구로구
17255,롯데아파트,126.8847254607,37.502823088,11530,구로구
17256,구로역1번출구.NC신구로점,126.882557,37.501827,11530,구로구
17257,롯데아파트,126.8847503711,37.5027211681,11530,구로구
17258,제중요양병원,126.8866148382,37.5036149757,11530,구로구
17259,구로역1번출구,126.8827750112,37.5020712449,11530,구로구
17260,화원복지관.구로중앙하이츠아파트,126.8798196011,37.4982866627,11530,구로구
17261,신동아미래지움아파트,126.8803764558,37.5001207745,11530,구로구
17262,초롱타운아파트,126.8800116763,37.4958292381,11530,구로구
17267,한양수자인아파트앞,126.824629467,37.478107152,11530,구로구
17289,온수동종점,126.821273,37.491642,11530,구로구
17290,온수동종점,126.8212178349,37.4919683896,11530,구로구
17293,구로구청,126.8884812232,37.4959285478,11530,구로구
17296,대림역3번출구,126.8943735141,37.4935009845,11530,구로구
17297,구로중학교,126.8908083287,37.4930931479,11530,구로구
17298,우신중고등학교후문,126.8249030466,37.4960440674,11530,구로구
17299,동양빌라,126.8313006741,37.4953170918,11530,구로구
17300,궁동입구,126.8342168006,37.4934553153,11530,구로구
17304,동부골든아파트,126.8401618889,37.4987307095,11530,구로구
17305,거성푸르뫼아파트,126.8433197716,37.5003224419,11530,구로구
17306,거성푸르뫼아파트,126.8435534104,37.5006160982,11530,구로구
17307,오류동삼거리,126.8408783505,37.4953703071,11530,구로구
17308,오류동삼거리,126.840776,37.495268,11530,구로구
17309,동부골든.한신플러스타운,126.84038262,37.4986318974,11530,구로구
17310,구로역.신구로자이나인스에비뉴,126.8834797536,37.4998227914,11530,구로구
17311,개봉1동사거리,126.8453708568,37.5012109084,11530,구로구
17312,개봉1동사거리,126.8455328891,37.5010678452,11530,구로구
17314,동부골든아파트후문,126.842311,37.50008,11530,구로구
17315,동부골든아파트후문,126.8419150635,37.4995684704,11530,구로구
17359,항동하버라인3단지,126.8229434162,37.4787466063,11530,구로구
17360,항동하버라인3단지,126.8230450799,37.4791611089,11530,구로구
17361,푸른수목원,126.8244378246,37.4814946582,11530,구로구
17362,항동복합행정센터,126.8220933898,37.47963057,11530,구로구
17363,푸른수목원,126.8245517616,37.4811903562,11530,구로구
17364,항동복합행정센터,126.8222801975,37.4795204776,11530,구로구
17365,푸른수목원후문.저수지앞,126.8224245449,37.4842895838,11530,구로구
17366,매화빌라,126.8231546765,37.4766543306,11530,구로구
17367,그린빌라정문,126.8234321788,37.4860432475,11530,구로구
17368,매화빌라,126.8233185065,37.4767123949,11530,구로구
17369,푸른수목원후문.저수지앞,126.8222927163,37.4837822633,11530,구로구
17370,항동중흥S클래스,126.8216009197,37.4810835927,11530,구로구
17371,항동하버라인2단지,126.8216570282,37.4812765042,11530,구로구
17389,디지털단지오거리,126.8887534687,37.4801153252,11530,구로구
17397,연지타운2단지,126.8408329321,37.4837306939,11530,구로구
17399,연지타운2단지,126.8412297964,37.4838000329,11530,구로구
17400,원각사입구,126.829525707,37.500556585,11530,구로구
17401,삼각공원,126.892519811,37.5018533676,11530,구로구
17404,고척고교.한일유앤아이.삼익아파트,126.8524610449,37.5082359497,11530,구로구
17405,삼덕마을입구,126.8500803806,37.5074796322,11530,구로구
17406,삼덕마을입구,126.8501021495,37.5073408903,11530,구로구
17407,그랜드아파트.홍진연립,126.8479514122,37.5080832696,11530,구로구
17409,오류중학교,126.8469113077,37.5079749478,11530,구로구
17410,연지마을,126.8422699115,37.4827630327,11530,구로구
17456,경남아너스빌아파트,126.8394522242,37.4908457534,11530,구로구
17457,서울남부교정시설,126.8397337562,37.476880812,11530,구로구
17458,오류남초등학교후문,126.8371911609,37.4893156441,11530,구로구
17459,서울남부교정시설입구,126.8416444106,37.4767954359,11530,구로구
17460,천왕이펜하우스6단지후문,126.8419539928,37.4772612987,11530,구로구
17461,미래여성병원,126.8402025104,37.4912852444,11530,구로구
17462,동부그린아파트,126.8322991004,37.4900476268,11530,구로구
17463,오류동푸르지오아파트.송기산내과의원,126.8415590556,37.4912984558,11530,구로구
17464,1호선구일역,126.8722335954,37.4954759601,11530,구로구
17465,SK허브수.한신아파트,126.8733862133,37.4954827267,11530,구로구
17468,그린빌라정문,126.8234378684,37.4858461022,11530,구로구
17469,경서농협앞,126.8639481068,37.5026744371,11530,구로구
17470,고척고교.한일유앤아이.삼익아파트,126.8526426081,37.5080362968,11530,구로구
17471,개봉소공원.호반써밋개봉아파트,126.8468826207,37.5003117758,11530,구로구
17472,구로디지털단지역,126.9014954263,37.4844843828,11530,구로구
17473,천왕역3번출구,126.8386190723,37.4871929928,11530,구로구
17474,대림역4번출구,126.8941899471,37.4944080607,11530,구로구
17475,동아1차아파트105동,126.882003406,37.5100830194,11530,구로구
17476,오류동역.시장입구,126.843811445,37.4934669594,11530,구로구
17477,개봉한진아파트.기점,126.8520772506,37.4860467262,11530,구로구
17478,개봉역,126.8586855509,37.4951118049,11530,구로구
17479,개봉역,126.8581281453,37.495033642,11530,구로구
17481,구.사조참치,126.9000463797,37.4831747617,11530,구로구
17483,신도림중학교,126.8844435798,37.5106973286,11530,구로구
17484,개봉사거리,126.8559170573,37.4974414153,11530,구로구
17485,우리은행앞,126.8434599895,37.4922658527,11530,구로구
17486,123전자타운.2001아울렛,126.8623393681,37.4970967423,11530,구로구
17488,개봉3동주민센터,126.8540163564,37.4861608749,11530,구로구
17489,국민은행.구로구민회관.구로아트밸리,126.8896835849,37.4958206432,11530,구로구
17490,1호선구일역,126.8722280634,37.4953053758,11530,구로구
17491,용두연립,126.8520611459,37.4987991162,11530,구로구
17492,남부종합상가,126.8424808884,37.4916654326,11530,구로구
17493,고척공구상가,126.8606650829,37.4985058366,11530,구로구
17494,개봉전화국,126.8560065996,37.4863577406,11530,구로구
17497,세븐일레븐편의점,126.8557099187,37.4916515773,11530,구로구
17499,대림6차.태영프라자,126.8831869844,37.5062518631,11530,구로구
17501,고척초등학교,126.8580364886,37.4996410325,11530,구로구
17502,개봉1동주민센터,126.851015214,37.5003864446,11530,구로구
17503,보람아파트,126.8968737126,37.4862853517,11530,구로구
17504,개봉역.림괄아파트,126.8586839524,37.4938820371,11530,구로구
17505,덕의초등학교.고척동성당,126.8576518404,37.5056424974,11530,구로구
17506,이마트,126.8540092198,37.4915710921,11530,구로구
17507,구로고대병원정문,126.8834653518,37.492350833,11530,구로구
17508,대림5차아파트.신도림주민센터,126.8813606125,37.5074485074,11530,구로구
17509,세곡초등학교,126.8493637685,37.5027164013,11530,구로구
17511,새마을금고사거리,126.8590429861,37.501699289,11530,구로구
17512,삼환로즈빌아파트,126.8567826449,37.4988849269,11530,구로구
17513,낙원할인마트,126.8495365977,37.4999783857,11530,구로구
17514,오류고등학교.수궁동복지회관,126.828651886,37.4987611751,11530,구로구
17515,경북슈퍼마켓,126.856838177,37.4881783244,11530,구로구
17516,오류동삼거리,126.8404273128,37.4956760571,11530,구로구
17517,대림5차아파트702동,126.879686208,37.5076585727,11530,구로구
17520,서울가든아파트,126.8603584192,37.5010736844,11530,구로구
17521,성화단지앞,126.8557461282,37.5004598987,11530,구로구
17524,현대별장맨션타운4차.덕성교회,126.8265496413,37.498153468,11530,구로구
17526,구로2동지하차도입구,126.8811730911,37.4901642749,11530,구로구
17527,대림3차아파트,126.8784997827,37.5068806092,11530,구로구
17529,고척1동주민센터.한효아파트,126.8620826591,37.5007747419,11530,구로구
17530,대우아파트,126.8561270364,37.5023562812,11530,구로구
17532,개봉1치안센터,126.8469792868,37.5033774485,11530,구로구
17533,우신중고후문,126.8255107353,37.4960073153,11530,구로구
17534,항동중학교,126.8220254808,37.4832367515,11530,구로구
17535,항동중학교,126.8215347891,37.4827584773,11530,구로구
17536,한일유엔아이APT.현대로얄APT,126.8765437603,37.4859901255,11530,구로구
17537,신도림미성아파트,126.8764810511,37.5060035465,11530,구로구
17539,금강수목원아파트정문.동도아트빌,126.8324990347,37.489296446,11530,구로구
17540,청구아파트후문,126.8635070759,37.501145848,11530,구로구
17541,경남아파트앞,126.8564113368,37.5039155326,11530,구로구
17543,삼원목욕탕,126.8462944948,37.5047237058,11530,구로구
17544,온수초교후문,126.8247851552,37.4943446088,11530,구로구
17547,월드아파트,126.8768478866,37.5053880289,11530,구로구
17549,서해그랑블아파트.금강수목원아파트후문,126.8309460994,37.4883202706,11530,구로구
17550,고척시장,126.8623769754,37.5031035319,11530,구로구
17551,양우아파트,126.8559186097,37.5048737044,11530,구로구
17552,경북슈퍼마켓,126.8569162913,37.4881090525,11530,구로구
17554,오류중학교,126.8454006743,37.5064968072,11530,구로구
17555,온수역,126.8250914854,37.4929546615,11530,구로구
17558,센츄리아파트,126.861266221,37.5049657103,11530,구로구
17559,고척2동주민센터.고척지구대,126.8585085869,37.5066044971,11530,구로구
17560,철산교앞,126.8594179846,37.4880930845,11530,구로구
17563,우신중고후문,126.8255144427,37.4958721554,11530,구로구
17566,오류동교회,126.8396347971,37.4967301913,11530,구로구
17568,리가아파트,126.8608037353,37.5060594811,11530,구로구
17569,덕의공원,126.8557620049,37.5068789765,11530,구로구
17570,현대IPARK후문,126.8600859026,37.488916585,11530,구로구
17572,건강약국,126.8446459743,37.502795896,11530,구로구
17573,현대별장맨션타운4차.덕성교회,126.8266538041,37.4981049614,11530,구로구
17575,항아리,126.8864311689,37.498675859,11530,구로구
17576,한일유앤아이아파트,126.8759503543,37.4856182438,11545,금천구
17577,럭비구장,126.8269979954,37.4912788599,11530,구로구
17578,세양청마루아파트,126.8623952149,37.5067232768,11530,구로구
17579,진성아파트,126.8550887704,37.5070726009,11530,구로구
17580,현대IPARK정문,126.8609086066,37.4910441607,11530,구로구
17581,개봉전화국,126.8560120887,37.486443343,11530,구로구
17582,개봉중학교,126.8429598212,37.5022999322,11530,구로구
17583,오류중학교,126.8452626754,37.5064984287,11530,구로구
17584,오류고등학교.수궁동복지회관,126.8284021432,37.4986707024,11530,구로구
17588,온수역,126.8238225007,37.4920372556,11530,구로구
17589,경남1차.중앙하이츠아파트,126.8630129852,37.5053633498,11530,구로구
17590,구민체육센터후문,126.8539611844,37.5075268453,11530,구로구
17591,현대2차APT,126.8605440388,37.4918808558,11530,구로구
17592,개봉3동주민센터,126.8540082216,37.4862735028,11530,구로구
17593,건강약국,126.8447061907,37.5026653155,11530,구로구
17594,삼원목욕탕,126.8461848075,37.5047100465,11530,구로구
17596,거성아파트,126.8507701923,37.4898606654,11530,구로구
17597,GS25.한신아파트,126.8740426758,37.4957338159,11530,구로구
17598,구로고.구로도서관,126.8908027614,37.4985698798,11530,구로구
17600,천왕역1번출구,126.839174728,37.4857661404,11530,구로구
17601,오류동역2번출구,126.8437913183,37.4936291139,11530,구로구
17602,미래빌라,126.841989635,37.4927076915,11530,구로구
17603,우림필유아파트,126.8471890485,37.4942450511,11530,구로구
17604,동부에이스,126.8497169806,37.4949027142,11530,구로구
17605,개봉푸르지오후문,126.8491644859,37.5001701123,11530,구로구
17609,개봉푸르지오정문,126.8487500846,37.5010457523,11530,구로구
17610,개봉1동사거리,126.8455449816,37.5014161085,11530,구로구
17612,신도림역.아이파크아파트,126.8884580806,37.5106073682,11530,구로구
17613,동아2차아파트상가,126.8867871382,37.5086078017,11530,구로구
17615,동진빌라.오정초등학교,126.8253388224,37.4906689295,11530,구로구
17617,마젤란아파트.예인학원앞,126.86329633,37.5044086255,11530,구로구
17619,개봉한진아파트.기점,126.8520747864,37.486149449,11530,구로구
17620,정도주택,126.8516946619,37.4941055704,11530,구로구
17621,신세기아파트,126.8534477948,37.4939095368,11530,구로구
17622,브라운스톤,126.853145557,37.4908930422,11530,구로구
17623,개웅어린이공원,126.8532406776,37.4899561133,11530,구로구
17624,거성슈퍼,126.8526922638,37.4899576833,11530,구로구
17625,대림그린빌라,126.8518549807,37.4899621316,11530,구로구
17626,에덴맨션,126.851471249,37.49271774,11530,구로구
17629,구로보건소.금호새솔아파트,126.8905654986,37.5003559042,11530,구로구
17631,구로공구상가,126.8774140543,37.5047168446,11530,구로구
17632,한화비즈메트로,126.8935677367,37.4806468628,11530,구로구
17633,한국산업기술시험원.디지털탑프라자,126.8973623264,37.4816125117,11530,구로구
17634,구로디지털단지우체국,126.898151636,37.482986979,11530,구로구
17635,JNK디지털타워,126.8974691724,37.4820919266,11530,구로구
17636,에이스하이엔드타워2차.G밸리산업박물관,126.8957891455,37.4808110245,11530,구로구
17637,대륭포스트타워8차,126.894584,37.480603,11530,구로구
17638,에이스하이엔드타워1차,126.8929111643,37.4812229151,11530,구로구
17647,천왕이펜하우스6단지후문,126.8427844029,37.4779067636,11530,구로구
17648,천왕이펜하우스6단지후문,126.8426740981,37.4782066848,11530,구로구
17650,연지타운2단지,126.8448667042,37.4819347512,11530,구로구
17651,연지타운2단지,126.8452304506,37.482105537,11530,구로구
17652,남부교도소,126.840700296,37.4764324674,11530,구로구
17653,남부교도소,126.8409403196,37.4762796029,11530,구로구
17655,지타워.G밸리산업박물관,126.894941545,37.4805579915,11530,구로구
17673,작은굴다리,126.8455401063,37.5029616981,11530,구로구
17675,개봉1치안센터,126.8466955709,37.5032887727,11530,구로구
17677,하이츠.영화.우방.한국현대,126.8748540294,37.4968524879,11530,구로구
17678,영림중학교,126.8915080266,37.4976740286,11530,구로구
17682,유한공고.성공회대앞,126.8246023937,37.4884799619,11530,구로구
17684,우성꿈동산.산업인아파트,126.8636135714,37.5035347914,11530,구로구
17686,거성푸르뫼아파트입구,126.8463908198,37.5013221734,11530,구로구
17689,삼성그린빌라,126.8516794789,37.4904850642,11530,구로구
17690,SK허브수.구로우성APT,126.8738018673,37.4956839983,11530,구로구
17694,구로구민회관,126.8905572831,37.4962991173,11530,구로구
17695,KEB하나은행,126.8957736653,37.4844929907,11530,구로구
17697,동삼빌라,126.8239106044,37.4872651448,11530,구로구
17700,천왕이펜하우스2단지,126.8379747224,37.4856524684,11530,구로구
17701,구로우체국.이펜하우스3단지후문,126.8421452538,37.4818958135,11530,구로구
17704,금강수목원아파트,126.8343982965,37.4892937423,11530,구로구
17706,덕성빌라,126.8516375218,37.4911148827,11530,구로구
17707,현대상선.구일중학교,126.8745918696,37.4953252995,11530,구로구
17708,구로구청,126.8891800402,37.4946872845,11530,구로구
17709,오류동교회,126.8397315321,37.4969772246,11530,구로구
17711,한일한의원,126.8644523136,37.5019399059,11530,구로구
17712,항동하버라인10단지,126.8256919615,37.4797625072,11530,구로구
17713,굴다리.호반써밋개봉아파트,126.8472760003,37.4993066553,11530,구로구
17715,항동제일풍경채,126.8168720063,37.4758934433,11530,구로구
17716,선경아트빌라,126.8515320329,37.4920015162,11530,구로구
17717,구로중학교,126.8901809694,37.4932861016,11530,구로구
17718,항동생활체육관,126.822706461,37.4773996567,11530,구로구
17723,디지털단지오거리,126.8908071842,37.4799956176,11530,구로구
17725,디지털1단지,126.8948983529,37.4837488039,11530,구로구
17726,포포인츠바이쉐라톤서울구로,126.89918654,37.4835182533,11530,구로구
17727,포포인츠바이쉐라톤서울구로,126.8992002295,37.4833030198,11530,구로구
17728,유풍약국,126.8653108421,37.5012731714,11530,구로구
17729,구민체육관후문,126.8537204834,37.5074094044,11530,구로구
17730,개봉교입구,126.856147179,37.4859598389,11530,구로구
17733,크로바마트,126.8514133118,37.4935475792,11530,구로구
17734,동구로새마을금고,126.8921564037,37.4911085369,11530,구로구
17737,동양미래대학교.구로성심병원,126.8664492745,37.500294065,11530,구로구
17738,진성아파트,126.8549532265,37.5069198246,11530,구로구
17739,대원카센터,126.854604124,37.4851235277,11530,구로구
17740,낙원할인마트,126.8496002799,37.4998367818,11530,구로구
17741,개봉사거리,126.8558271962,37.4971205133,11530,구로구
17743,구로주공APT,126.8759201764,37.4915573877,11530,구로구
17744,구로시장.남구로시장,126.8909461726,37.4892915192,11530,구로구
17746,푸른수목원후문,126.8225267529,37.4842022996,11530,구로구
17747,청구아파트.동아한신아파트,126.8644775225,37.500508084,11530,구로구
17748,덕의공원,126.8559436211,37.5065732115,11530,구로구
17749,한진APT후문,126.853907849,37.4838124632,11530,구로구
17750,개봉1동주민센터,126.8510594597,37.5003180166,11530,구로구
17751,롯데시티호텔구로,126.8979936634,37.4850904855,11530,구로구
17752,롯데시티호텔구로,126.8970039008,37.4854004746,11530,구로구
17772,구일우성아파트,126.8758107584,37.4899012173,11530,구로구
17773,구로3동주민센터.삼성래미안아파트,126.8905108892,37.4874106408,11530,구로구
17775,신도림역,126.887720324,37.5085478746,11530,구로구
17792,고척1동주민센터.한효아파트,126.8624422171,37.5008337327,11530,구로구
17801,금강수목원아파트,126.834457297,37.4894582587,11530,구로구
17802,항동하버라인4단지,126.8254007227,37.4819037911,11530,구로구
17803,고척2동주민센터.고척지구대,126.8585760434,37.5064024799,11530,구로구
17804,별장쉐르빌앞,126.832939,37.487055,11530,구로구
17806,덕일전자공업고등학교,126.8375264019,37.4898476996,11530,구로구
17807,개명초교,126.852674925,37.482280857,11530,구로구
17808,푸른수목원.항동하버라인4단지,126.825955666,37.4827177694,11530,구로구
17809,항동하버라인3단지아파트,126.8252503196,37.4797321396,11530,구로구
17831,우성아파트,126.8856063291,37.5115844827,11530,구로구
17834,신도림역,126.8897750974,37.5105577543,11530,구로구
17835,도림천역2번출구,126.883116065,37.5145732142,11530,구로구
17838,구로3파출소,126.8916518401,37.4861491173,11530,구로구
17846,동삼빌라,126.8239763483,37.4871985611,11530,구로구
17848,천왕이펜하우스3단지입구,126.838209,37.482418,11530,구로구
17855,신도림동아3차아파트,126.8836884687,37.5102108312,11530,구로구
17863,구로보건소,126.8889643647,37.5003597239,11530,구로구
17864,서울가든아파트,126.8604736214,37.5011612274,11530,구로구
17865,구로역(NC백화점),126.8831338556,37.4996998999,11530,구로구
17866,구로역(NC백화점),126.8829912618,37.5004801132,11530,구로구
17867,구로구청,126.8903214893,37.4957878963,11530,구로구
17868,구로구청,126.8885412507,37.4958700328,11530,구로구
17869,오류동입구,126.8469520588,37.500478642,11530,구로구
17877,개봉역입구,126.8558389494,37.4912252269,11530,구로구
17878,개봉역입구,126.8561510204,37.4910330573,11530,구로구
17879,개봉교,126.8561360285,37.4876466919,11530,구로구
17880,개봉교,126.8565858749,37.4865803318,11530,구로구
17881,대림역,126.894415566,37.4933532412,11530,구로구
17886,고척사거리.고척파크푸르지오,126.8596543326,37.50682458,11530,구로구
17887,대상APT,126.8499684334,37.4820568521,11530,구로구
17888,구로시장.남구로시장입구,126.8815338211,37.4901745492,11530,구로구
17889,에이스테크노타워,126.8941494791,37.485021781,11530,구로구
17897,구로공구상가,126.8795720894,37.5033556976,11530,구로구
17899,보성운수기종점,126.8928277373,37.4901585853,11530,구로구
17900,새마을금고사거리,126.8586282642,37.5015032543,11530,구로구
17901,양우아파트,126.8557648896,37.5048176486,11530,구로구
17902,영화APT,126.8485710025,37.4824144309,11530,구로구
17903,천왕역,126.8386352471,37.4862992199,11530,구로구
17904,대우자동차정비소,126.8821344238,37.4915421241,11530,구로구
17906,고척초등학교,126.85815,37.499467,11530,구로구
17907,경남아파트,126.856354663,37.5038737235,11530,구로구
17908,남부주유소,126.8472688866,37.4823440417,11530,구로구
17909,신도림역2번출구,126.891883808,37.5076372392,11530,구로구
17910,구로고대병원후문,126.8856372215,37.4934775322,11530,구로구
17911,구로3동현대아파트,126.8978497443,37.4869892353,11530,구로구
17912,공구상가,126.860117912,37.498625004,11530,구로구
17913,대우아파트,126.855998104,37.5023525197,11530,구로구
17917,123전자타운.2001아울렛,126.861808582,37.497292563,11530,구로구
17918,성화단지앞,126.855655416,37.5005796345,11530,구로구
17920,구로디지털단지입구,126.9006494039,37.4829265654,11530,구로구
17922,삼환로즈빌아파트,126.8566416342,37.4987023023,11530,구로구
17923,문성골,126.8999954764,37.4814923556,11530,구로구
17925,에이스테크노타워,126.8937835226,37.4852697727,11530,구로구
17927,구로3파출소,126.8917920104,37.4861834877,11530,구로구
17929,구로3동주민센터.삼성래미안아파트,126.8905621992,37.4873871314,11530,구로구
17931,구로시장.남구로시장,126.8911940068,37.4891691976,11530,구로구
17932,구로구청후문,126.8880500392,37.4960354761,11530,구로구
17933,동구로새마을금고,126.8922617076,37.4914076166,11530,구로구
17935,구로구청,126.8894341189,37.4947318776,11530,구로구
17936,강서수도사업소.민원센터,126.8908356291,37.4960920442,11530,구로구
17937,영림중학교,126.8916635467,37.4976174721,11530,구로구
17938,구로고.구로도서관,126.890871533,37.4986205714,11530,구로구
17940,항아리,126.8862917876,37.4988532421,11530,구로구
17942,미성아파트,126.8774688058,37.5058198494,11530,구로구
17943,대림1.2차아파트,126.8782393614,37.5063468892,11530,구로구
17944,대림5차아파트702동,126.8798403389,37.5074731027,11530,구로구
17945,대림5차아파트.신도림주민센터,126.8813245848,37.5073421413,11530,구로구
17946,대림6차.태영프라자,126.8830795784,37.5062202183,11530,구로구
17947,신도림역,126.890041,37.510724,11530,구로구
17948,현대우성아파트,126.8854408047,37.5117462798,11530,구로구
17949,동아1차아파트102동,126.884131,37.510818,11530,구로구
17950,동아1차아파트105동,126.8824062916,37.5100023717,11530,구로구
17954,1호선구일역,126.8722148101,37.4952173233,11530,구로구
17955,금강수목원아파트정문,126.832990173,37.4892057882,11530,구로구
17956,고척근린시장,126.8510128941,37.5009847732,11530,구로구
17958,구로시장.남구로시장입구,126.8838670127,37.4907661875,11530,구로구
17959,구로주공.구일우성APT,126.8759758863,37.4913781266,11530,구로구
17960,구로1동주민센터.연예인APT,126.8761587458,37.4929561503,11530,구로구
17961,천왕이펜하우스5단지입구,126.8421807801,37.4794432441,11530,구로구
17962,구일고교.구일초등학교,126.874764638,37.4931929794,11530,구로구
17963,구로1동주민센터.연예인APT,126.8759945742,37.4930726409,11530,구로구
17967,구로디지털단지역,126.9018279896,37.4840575744,11530,구로구
17970,구일초등학교.구일고등학교,126.8748030066,37.4932644329,11530,구로구
17971,개봉역,126.858658118,37.4952658606,11530,구로구
17972,개봉역,126.8587648964,37.4950163829,11530,구로구
17974,KEB하나은행,126.8958510449,37.4849571278,11530,구로구
17975,천왕이펜하우스3단지입구,126.838419099,37.4827070928,11530,구로구
17982,천왕역2번출구,126.8383395625,37.4863641705,11530,구로구
17984,천왕이펜하우스4단지,126.838628024,37.4810441145,11530,구로구
17985,천왕이펜하우스6단지,126.8406703019,37.4793763374,11530,구로구
17986,천왕이펜하우스5단지,126.8403094283,37.4798931085,11530,구로구
17987,천왕이펜하우스3.4단지,126.838693244,37.4812334148,11530,구로구
17989,온수남부역,126.8242097211,37.4918431942,11530,구로구
17990,온수남부,126.8243078,37.4919749011,11530,구로구
17997,궁동삼거리,126.8279100818,37.5060968631,11530,구로구
17999,유한공고.성공회대학교,126.8247409544,37.4895452697,11530,구로구
18001,문성초등학교.금천가족문화센터,126.8986660928,37.475363705,11545,금천구
18002,문성초등학교.금천가족문화센터,126.89833,37.474034,11545,금천구
18003,금천우체국,126.8980296913,37.4689782185,11545,금천구
18004,금천우체국,126.898003,37.470136,11545,금천구
18005,말미고개.금천소방서,126.897553768,37.463603277,11545,금천구
18006,말미고개.금천소방서,126.8974983974,37.4648331091,11545,금천구
18007,금천구청.금천경찰서,126.8988721519,37.4592088301,11545,금천구
18008,금천구청.금천경찰서,126.8993022307,37.4578405569,11545,금천구
18009,시흥사거리,126.9015701148,37.4522224011,11545,금천구
18010,시흥사거리,126.9011282051,37.4530892573,11545,금천구
18011,박미삼거리.국립전통예술중고,126.9032727409,37.4478432162,11545,금천구
18012,박미삼거리.국립전통예술중고,126.902663,37.449067,11545,금천구
18013,시흥유통센터,126.9036255139,37.4401933055,11545,금천구
18014,시흥유통센터,126.9033730997,37.4409634671,11545,금천구
18101,한일유앤아이아파트,126.8762259351,37.4854590227,11545,금천구
18102,디지털3단지.롯데이노베이트,126.8767176309,37.484867474,11545,금천구
18103,에이스하이엔드타워5차,126.8793253119,37.4856968409,11545,금천구
18104,디지털3단지.영창실업,126.8790776714,37.4832548561,11545,금천구
18105,디지털3단지운동장,126.8778930341,37.4821627292,11545,금천구
18106,가산디지털단지역9번출구,126.8810424482,37.4812926525,11545,금천구
18107,가산디지털단지역9번출구,126.8814807737,37.4808039116,11545,금천구
18108,디지털3단지.월드벤처센터,126.8794436456,37.4789011065,11545,금천구
18109,디지털3단지.(주)로옴코리아,126.8802197911,37.4796069353,11545,금천구
18110,디지털3단지사거리,126.880577117,37.4766714335,11545,금천구
18111,디지털3단지사거리,126.880449538,37.4758449905,11545,금천구
18112,디지털3단지사거리,126.8813405986,37.4757765035,11545,금천구
18113,금천패션아울렛사거리.마리오,126.8883365872,37.4782633716,11545,금천구
18114,금천패션아울렛사거리.W몰,126.8878763257,37.4776616914,11545,금천구
18115,금천패션아울렛사거리.현대아울렛,126.8884894345,37.4781148494,11545,금천구
18116,디지털단지오거리.가산로입구,126.8907157886,37.4782104216,11545,금천구
18117,디지털단지오거리.가산로입구,126.8909707678,37.4782928619,11545,금천구
18118,가산동우체국,126.8934350329,37.4785564027,11545,금천구
18119,가산초등학교,126.895556221,37.4782346236,11545,금천구
18120,가산동주민센터.금천글로벌센터,126.8920986539,37.4766122299,11545,금천구
18121,가산동주민센터.금천글로벌센터,126.8927187826,37.4762442423,11545,금천구
18122,세일중학교.구립가산도서관,126.8938871725,37.4746216515,11545,금천구
18123,세일중학교.구립가산도서관,126.8945662137,37.4740996738,11545,금천구
18124,독산사거리,126.895962451,37.4720150736,11545,금천구
18125,독산사거리,126.8965996871,37.4717836217,11545,금천구
18126,독산주공13단지,126.8876203011,37.4568440695,11545,금천구
18127,독산1동한신코아,126.8882116765,37.4567130685,11545,금천구
18130,독산근린공원,126.8844154205,37.4641790663,11545,금천구
18131,독산근린공원,126.884406111,37.4645544555,11545,금천구
18132,독산동우시장.금천50플러스센터,126.895025251,37.4665936596,11545,금천구
18133,독산동우시장.금천50플러스센터,126.8954897932,37.4664171291,11545,금천구
18134,시흥사거리.시흥대교,126.8995917841,37.454485357,11545,금천구
18135,시흥사거리.금천파출소,126.8996880795,37.4542966797,11545,금천구
18136,벽산아파트1단지.호압사입구,126.9207601084,37.4527573711,11545,금천구
18137,벽산아파트1단지.호압사입구,126.9211862504,37.4530773052,11545,금천구
18138,벽산아파트5단지,126.918946809,37.4467664432,11545,금천구
18139,벽산아파트5단지,126.918687341,37.4463472934,11545,금천구
18140,시흥동은행나무.은행나무시장,126.909045481,37.4510305202,11545,금천구
18141,시흥동은행나무.은행나무시장,126.909058,37.450843,11545,금천구
18142,은행나무입구사거리,126.9072078502,37.4517842218,11545,금천구
18143,은행나무입구사거리,126.906735,37.451855,11545,금천구
18144,독산한신아파트,126.889949441,37.4569220085,11545,금천구
18145,금하마을,126.891508805,37.454121488,11545,금천구
18146,독산고개.금천구가족문화센터,126.898464542,37.4755154205,11545,금천구
18147,독산고개.금천구가족문화센터,126.8989324633,37.4764416088,11545,금천구
18148,독산사거리.한국전력구로금천지사,126.8981017909,37.4720755034,11545,금천구
18149,남문시장.청춘삘딩,126.8986308908,37.47296493,11545,금천구
18150,금천우체국.독산1동주민센터,126.8977849964,37.4701921186,11545,금천구
18151,디지털단지오거리.가산파출소,126.8883314379,37.4798243646,11545,금천구
18152,홈플러스금천점,126.897692832,37.468925363,11545,금천구
18160,시흥사거리,126.900957,37.452863,11545,금천구
18162,문일고입구,126.90173,37.451115,11545,금천구
18163,문일고입구,126.902328,37.450803,11545,금천구
18164,남서울힐스테이트.국립전통예술고,126.9033768834,37.4468088009,11545,금천구
18165,금천폭포공원.천주교시흥성당,126.9035170378,37.4477127549,11545,금천구
18166,박미마을,126.903205922,37.4413530192,11545,금천구
18167,박미마을.금천고등학교,126.903941138,37.4430092334,11545,금천구
18168,기아대교,126.9029828892,37.4394878782,11545,금천구
18169,시흥3동주민센터,126.9036271602,37.4401670279,11545,금천구
18170,석수역,126.9033111984,37.4355241561,11545,금천구
18171,백산초.금천청소년문화의집,126.9039779583,37.4487629236,11545,금천구
18172,백산초.금천청소년문화의집,126.9043011183,37.4487264597,11545,금천구
18173,은행나무입구사거리,126.9057879216,37.4511117717,11545,금천구
18174,은행나무입구사거리,126.9059900996,37.4514263505,11545,금천구
18175,경남아파트,126.9062606441,37.4536154301,11545,금천구
18176,시흥초등학교.금천구보훈회관,126.9058231484,37.4545675549,11545,금천구
18177,시흥초등학교.금천구보훈회관,126.905944241,37.4553525174,11545,금천구
18178,동산교회앞,126.9052838667,37.4573470454,11545,금천구
18179,동산교회앞,126.9056143381,37.457026515,11545,금천구
18180,현대시장.시흥4동주민센터,126.9048243385,37.4596021512,11545,금천구
18181,현대시장.시흥4동주민센터,126.9051695693,37.4592401831,11545,금천구
18182,남부여성발전센터,126.904105597,37.46245548,11545,금천구
18183,남부여성발전센터,126.9043527136,37.4624573826,11545,금천구
18184,독산동정훈단지,126.9021319938,37.4655263109,11545,금천구
18185,독산동정훈단지,126.9030060331,37.464452239,11545,금천구
18186,금천평생학습관.독산초등학교,126.8994091824,37.4665939751,11545,금천구
18187,금천평생학습관.독산초등학교,126.899878,37.466401,11545,금천구
18188,독산4동주민센터,126.9020379059,37.4675797473,11545,금천구
18189,독산동성당앞,126.9022258423,37.4689156821,11545,금천구
18190,독산동성당앞,126.9027437373,37.4697072815,11545,금천구
18191,독산동쌈지공원,126.9029463536,37.4712654618,11545,금천구
18192,독산동쌈지공원,126.9031982668,37.471408536,11545,금천구
18193,독산3동주민센터,126.9033549166,37.4753270832,11545,금천구
18194,독산3동주민센터,126.9036414631,37.4758229255,11545,금천구
18195,모두의학교.금천문화예술정보학교,126.9036963865,37.4788389714,11545,금천구
18196,모두의학교.금천문화예술정보학교,126.9039351937,37.4786589447,11545,금천구
18197,모두의학교.금천문화예술정보학교,126.9055934267,37.4799497631,11545,금천구
18198,관악구보훈회관.신림푸르지오,126.9091389897,37.4806395906,11545,금천구
18199,독산고등학교,126.9114634643,37.4773256419,11545,금천구
18200,독산고등학교,126.9115032647,37.4771297022,11545,금천구
18201,금천진로진학지원센터독산센터,126.9071878356,37.4767659875,11545,금천구
18202,금천진로진학지원센터독산센터,126.9073310231,37.4765368492,11545,금천구
18203,금천우체국.독산1동주민센터,126.8972649852,37.4697576129,11545,금천구
18204,진도아파트,126.8924286434,37.4704156228,11545,금천구
18205,수출의다리.퍼블릭가산,126.8860924252,37.4745287985,11545,금천구
18206,금천구노동자종합지원센터,126.8852129244,37.4767219052,11545,금천구
18207,마리오아울렛,126.8843811699,37.4785459121,11545,금천구
18208,국민연금공단구로금천지사앞,126.8840197169,37.4806919368,11545,금천구
18209,가산디지털단지역2번출구,126.8829647271,37.4811414007,11545,금천구
18210,마리오아울렛,126.8840084777,37.4788200801,11545,금천구
18211,금천구노동자종합지원센터,126.8851458502,37.476226285,11545,금천구
18212,수출의다리.퍼블릭가산,126.8859059252,37.4745060933,11545,금천구
18213,진도아파트,126.8923170276,37.4701992555,11545,금천구
18214,현대지식산업센터,126.895544287,37.469904088,11545,금천구
18215,가산디지털단지역입구,126.8867150826,37.4814378839,11545,금천구
18216,가산동기점,126.8752549755,37.4852270318,11545,금천구
18217,가산동종점,126.875162385,37.4852149815,11545,금천구
18218,가산디지털단지역2번출구,126.8834301518,37.4817545466,11545,금천구
18219,범일운수종점,126.9117325247,37.4504126336,11545,금천구
18220,삼익아파트앞,126.909455,37.462545,11545,금천구
18221,삼익아파트,126.909395,37.462425,11545,금천구
18222,디지털3단지.영창실업,126.8789631022,37.4833271564,11545,금천구
18223,디지털3단지.가산비즈니스센터,126.8797336317,37.4796109464,11545,금천구
18224,디지털3단지운동장,126.8780188781,37.4825262036,11545,금천구
18225,남문시장입구,126.9008468962,37.4712411911,11545,금천구
18226,가산디지털단지역4번출구,126.883117,37.481417,11545,금천구
18227,스타밸리앞,126.8848613006,37.4811590318,11545,금천구
18228,독산보건지소.별빛남문시장,126.9031980805,37.4737444042,11545,금천구
18229,독산보건지소.별빛남문시장,126.9034139964,37.4733474011,11545,금천구
18232,금빛공원앞,126.9042968029,37.4531074327,11545,금천구
18233,금빛공원앞,126.9044559572,37.4532796733,11545,금천구
18234,삼화약국,126.9040103136,37.4502786838,11545,금천구
18235,삼화약국,126.9040551782,37.450172246,11545,금천구
18236,대우당약국,126.9065092253,37.4507504041,11545,금천구
18237,화인전자산업,126.9061589552,37.4508696683,11545,금천구
18238,은행나무로입구,126.9079435086,37.4509918205,11545,금천구
18239,시흥대교,126.8972682538,37.4532803888,11545,금천구
18240,가산디지털단지역11번출구,126.8811520763,37.4816756914,11545,금천구
18499,가산한화비즈메트로2차,126.8821620179,37.4725342446,11545,금천구
18500,RSM타워.르노코리아서부사업소,126.883112,37.471015,11545,금천구
18501,시흥1동공영주차장.금천노인종합복지관,126.897101,37.451425,11545,금천구
18502,독산한신코아.한신아파트,126.8877099959,37.4565792288,11545,금천구
18503,가산디지털단지역2번출구,126.8829559735,37.4813170887,11545,금천구
18504,벽산3단지,126.9175043258,37.4533811369,11545,금천구
18506,성지아파트,126.8986162093,37.4511851351,11545,금천구
18507,롯데캐슬1차서문.해가든아파트,126.8924496344,37.4600870492,11545,금천구
18508,무지개아파트,126.8986616803,37.4568567561,11545,금천구
18510,벽산3단지앞,126.9169114156,37.4529820233,11545,금천구
18511,독산역,126.889226261,37.4670001721,11545,금천구
18512,문성중학교,126.905866831,37.4756246737,11545,금천구
18513,문일중고입구.기아금천지점,126.9002034735,37.4509197575,11545,금천구
18514,금천현대아파트.청소년문화의집,126.891382,37.462587,11545,금천구
18515,독산주공1319동,126.8876303149,37.4584615691,11545,금천구
18517,아톰주식회사,126.8829837206,37.4707730549,11545,금천구
18518,시흥동향나무.삼층석탑,126.9151830871,37.452221692,11545,금천구
18519,남문교회,126.9059678481,37.4737106004,11545,금천구
18524,탑동초등학교.청담종합사회복지관,126.9144662534,37.4520537227,11545,금천구
18525,태영빌라,126.9063091413,37.4718196531,11545,금천구
18526,무지개아파트,126.8985727429,37.4570880833,11545,금천구
18527,두산초등학교,126.8916463628,37.4664902534,11545,금천구
18528,독산주공14단지,126.8858271569,37.4593983202,11545,금천구
18530,온누리아파트.가산비전파크,126.8867089769,37.4734920619,11545,금천구
18531,어울샘.동산중앙교회,126.9118509343,37.4520508795,11545,금천구
18532,구민문화체육센터,126.906683145,37.4701790336,11545,금천구
18533,독산현대아파트.금천50플러스센터,126.8944524695,37.4671220994,11545,금천구
18534,시흥유통상가.금천고,126.9035255453,37.4432485828,11545,금천구
18535,에이스하이엔드타워클래식,126.8893157842,37.4735790442,11545,금천구
18536,은행나무시장입구동편,126.9104910601,37.4513577639,11545,금천구
18537,해찬아파트,126.9070812349,37.4682464727,11545,금천구
18538,진도3차아파트,126.8939000889,37.4684083858,11545,금천구
18540,박미마을,126.9031686259,37.440931611,11545,금천구
18541,가산테라타워,126.8899360299,37.4739704302,11545,금천구
18542,시흥동은행나무,126.9079384209,37.4514540858,11545,금천구
18543,시흥사거리.대명시장,126.901265,37.454725,11545,금천구
18544,구립독산도서관,126.9077732858,37.4671936204,11545,금천구
18545,유창슈퍼,126.8924720236,37.4685449644,11545,금천구
18548,구립가산도서관.두산위브아파트,126.8924060994,37.4735235187,11545,금천구
18549,은행나무입구사거리,126.9054638874,37.4526253772,11545,금천구
18550,시흥초등학교.시흥1동주민센터,126.9035830113,37.4535492973,11545,금천구
18552,산기슭공원,126.9067112027,37.4639767337,11545,금천구
18553,독산역,126.8898143938,37.4660500537,11545,금천구
18554,진도2차아파트,126.8917891479,37.4701338936,11545,금천구
18556,시흥초등학교.금빛공원,126.9042399555,37.4533678073,11545,금천구
18557,한울중학교.금강아파트,126.9068259879,37.4627729841,11545,금천구
18558,두산로입구,126.8872683557,37.4718560099,11545,금천구
18559,빅마켓.청광아파트,126.8937184762,37.470518615,11545,금천구
18560,대륭테크노타운2차,126.884404,37.468945,11545,금천구
18561,두산위브아파트정문,126.8938818954,37.474880117,11545,금천구
18564,길상마트,126.8938893297,37.4720209133,11545,금천구
18565,대륭테크노타운12차,126.8837224396,37.4694900501,11545,금천구
18566,가산동주민센터.금천글로벌센터,126.8936891244,37.4760757114,11545,금천구
18569,대륭테크노타운19차,126.88166688,37.4742699142,11545,금천구
18570,에이스태세라타워,126.8824730566,37.472455257,11545,금천구
18571,고원약국,126.8947462752,37.4766992467,11545,금천구
18572,꿈나래어린이집,126.8972130692,37.4548280098,11545,금천구
18573,우방아파트.범일운수종점,126.9132502452,37.4499835235,11545,금천구
18577,가산초교,126.8965101242,37.4770824972,11545,금천구
18581,STXV타워,126.883254362,37.476776835,11545,금천구
18582,독산고개입구.금천구가족문화센터,126.8977000347,37.4759060291,11545,금천구
18583,벽산아파트5단지,126.921018114,37.4500584604,11545,금천구
18585,빅마켓,126.8954116204,37.4700299236,11545,금천구
18586,한신IT타워,126.8862424501,37.4799300143,11545,금천구
18587,가산동주민센터,126.8909586486,37.4769075492,11545,금천구
18588,가산아스크타워,126.8894662101,37.4763040335,11545,금천구
18589,가산로데오거리,126.887811468,37.4783936947,11545,금천구
18590,호압사입구,126.9205758327,37.4517227734,11545,금천구
18592,이앤씨드림타워7차,126.8866638518,37.4798002515,11545,금천구
18593,현대아울렛,126.8886451685,37.4769117974,11545,금천구
18594,가산디지털단지역9번출구,126.8814206702,37.4809146873,11545,금천구
18595,금천육교앞,126.8915243807,37.4554158552,11545,금천구
18596,벽산1단지입구,126.9198492816,37.4501429977,11545,금천구
18598,시흥모터스,126.8894417351,37.4705765464,11545,금천구
18600,문성초등학교,126.8981181055,37.473974397,11545,금천구
18601,섭리의집,126.908761999,37.4463421176,11545,금천구
18602,섭리의집,126.9087889887,37.4462280579,11545,금천구
18603,가산디지털단지역3번출구,126.88331005,37.4802047061,11545,금천구
18617,KCC웰츠밸리,126.8798436042,37.4835533313,11545,금천구
18618,독산고개입구,126.8984628392,37.4771618769,11545,금천구
18639,벽산6단지입구,126.9181165746,37.4499598725,11545,금천구
18643,독산역2번출구,126.8876524834,37.4663102404,11545,금천구
18644,독산역2번출구,126.8878906214,37.4665025176,11545,금천구
18657,남부여성발전센터앞,126.90531765,37.4626344076,11545,금천구
18658,남부여성발전센터앞,126.90515,37.462753,11545,금천구
18671,BYC하이시티,126.8829204538,37.4770089899,11545,금천구
18688,에이스하이엔드10차,126.886968628,37.4684956743,11545,금천구
18689,대륭테크노타운17차,126.8866426914,37.468514365,11545,금천구
18699,금천패션아울렛사거리.마리오,126.8874417824,37.4778165267,11545,금천구
18708,범일운수종점,126.9116027167,37.4502773846,11545,금천구
18740,한울중학교,126.907201,37.462674,11545,금천구
18741,한울중학교,126.907302,37.462522,11545,금천구
18742,STXV타워,126.8831442668,37.4770470579,11545,금천구
18755,서울시립금천청소년센터,126.916104,37.44832,11545,금천구
18756,서울시립금천청소년센터,126.915964,37.448241,11545,금천구
18757,탑스빌아파트.벽산6단지아파트,126.916113,37.449201,11545,금천구
18763,가산초교,126.8964859843,37.4771655122,11545,금천구
18764,동일여고.금천사이언스큐브,126.916816,37.449982,11545,금천구
18772,두산로입구,126.8870629531,37.4719100442,11545,금천구
18778,가산디지털단지역,126.8842089539,37.4807822232,11545,금천구
18779,가산디지털단지역,126.8829676509,37.4812118523,11545,금천구
18780,패션단지,126.8885942062,37.4784904864,11545,금천구
18781,패션단지,126.8887449605,37.47823922,11545,금천구
18782,디씨아이(데이터센터),126.877977,37.483105,11545,금천구
18783,벽산디지털밸리2차,126.8773484856,37.4839499569,11545,금천구
18784,고원약국,126.8946699691,37.4768694128,11545,금천구
18785,안천중학교,126.8873428503,37.45865644,11545,금천구
18786,제일교회,126.913499,37.450134,11545,금천구
18787,청년취업사관학교금천캠퍼스,126.895861725,37.4723731984,11545,금천구
18788,대륭테크노타운8차,126.8768957838,37.4848785249,11545,금천구
18790,가산동주민센터.금천글로벌센터,126.893528898,37.4761462878,11545,금천구
18791,범일운수종점,126.911085,37.450593,11545,금천구
18792,벽산디지털밸리6차,126.8791529742,37.4856403517,11545,금천구
18794,두산위브아파트정문,126.8936139249,37.4748870849,11545,금천구
18795,독산한신아파트,126.889287077,37.4571907673,11545,금천구
18796,길상마트,126.8937829891,37.4720667742,11545,금천구
18797,가산디지털단지역9번출구,126.8812832163,37.4809685316,11545,금천구
18798,한국건설생활환경시험연구원,126.880092378,37.4833144645,11545,금천구
18800,빅마켓.청광아파트,126.8936133461,37.4705095093,11545,금천구
18801,롯데캐슬2차,126.8934387396,37.4580268804,11545,금천구
18803,구립가산도서관.두산위브아파트,126.8923053067,37.4736405707,11545,금천구
18804,롯데캐슬2차,126.8934675106,37.4576642489,11545,금천구
18805,진도2차아파트,126.8917002882,37.4702475167,11545,금천구
18806,한진택배,126.8810805476,37.4750869917,11545,금천구
18807,가산테라타워,126.8902581746,37.4741297901,11545,금천구
18808,금천구종합청사.금천구청역,126.895347,37.456079,11545,금천구
18809,유창슈퍼,126.8927663012,37.4684945707,11545,금천구
18810,마이크로오피스사거리앞,126.8826578779,37.4721139214,11545,금천구
18812,에이스하이엔드타워클래식,126.8891970422,37.4736059632,11545,금천구
18814,시흥모터스,126.8891734892,37.4704163658,11545,금천구
18815,문일중고입구.기아금천지점,126.8996929387,37.4509297326,11545,금천구
18816,진도3차아파트,126.8937008503,37.4685947359,11545,금천구
18817,대륭테크노타운12차,126.883396,37.469837,11545,금천구
18818,온누리아파트.가산비전파크,126.8874164194,37.4736650982,11545,금천구
18820,성지아파트,126.8987381748,37.4512627351,11545,금천구
18821,독산현대아파트.금천50플러스센터,126.8943779746,37.4670373288,11545,금천구
18822,대륭테크노타운2차,126.8847974797,37.4688296905,11545,금천구
18824,시흥1동공영주차장.금천노인종합복지관,126.896631,37.451388,11545,금천구
18825,두산초등학교,126.8916076535,37.4666374319,11545,금천구
18826,교학사,126.8862111673,37.4692410639,11545,금천구
18828,홈플러스금천점,126.8975479886,37.4694911309,11545,금천구
18829,독산역,126.8896697625,37.4660003578,11545,금천구
18833,청년취업사관학교금천캠퍼스,126.8955994178,37.4723792747,11545,금천구
18836,은행나무시장입구동편,126.9105225388,37.4512100674,11545,금천구
18838,금천구종합청사.금천구청역,126.8945113914,37.4561717653,11545,금천구
18839,어울샘.동산중앙교회,126.9117005818,37.451830181,11545,금천구
18840,한울중학교.금강아파트,126.9070673867,37.4628624021,11545,금천구
18841,탑동초등학교.청담종합사회복지관,126.9140493801,37.4518750005,11545,금천구
18842,산기슭공원B,126.9068039573,37.4639317515,11545,금천구
18843,안천초등학교,126.8881256699,37.4575384027,11545,금천구
18844,시흥동향나무.삼층석탑,126.9157184402,37.4522114153,11545,금천구
18845,구립독산도서관,126.9079179668,37.4672144587,11545,금천구
18847,벽산3단지앞,126.917069597,37.4530226799,11545,금천구
18848,해찬아파트,126.9072451691,37.4682411948,11545,금천구
18850,구민문화체육센터,126.906815459,37.4701485004,11545,금천구
18851,한일유앤아이아파트,126.8760098705,37.4855289741,11545,금천구
18852,태영빌라,126.906495804,37.471726987,11545,금천구
18853,남문교회,126.9060943201,37.4736343111,11545,금천구
18854,문성중학교,126.9060092799,37.4756346993,11545,금천구
18856,난곡중학교,126.9110143579,37.477082032,11545,금천구
18857,산기슭공원,126.906717753,37.4638496339,11545,금천구
18858,하안주공1317동,126.8882725165,37.4576070259,11545,금천구
18859,금천현대아파트.청소년문화의집,126.891156,37.462656,11545,금천구
18860,롯데캐슬1차서문.해가든아파트,126.8922978284,37.4599253406,11545,금천구
18861,금빛공원,126.9051351851,37.4527253788,11545,금천구
18863,시흥사거리.대명시장,126.9018203929,37.4547643438,11545,금천구
18864,시흥동은행나무,126.909262913,37.4506837601,11545,금천구
18865,시흥2동주민센터.동일여고,126.914014,37.449962,11545,금천구
18866,두산어린이공원,126.8941391855,37.4736278101,11545,금천구
18867,금천구종합청사.금천구청역,126.8954899439,37.456374558,11545,금천구
18868,두산어린이공원,126.894257,37.473619,11545,금천구
18869,롯데캐슬3차,126.8962925927,37.4599718531,11545,금천구
18871,롯데캐슬1차정문.해가든아파트,126.894248153,37.4608040223,11545,금천구
18872,롯데캐슬1차동문,126.8964634478,37.4591670967,11545,금천구
18873,롯데캐슬1차정문.해가든아파트,126.8940923871,37.4610024925,11545,금천구
18959,백운한비치.금광포란재아파트,126.9117159329,37.4512655226,11545,금천구
18960,시흥5동주민센터,126.9087037456,37.4513528541,11545,금천구
18961,삼성산자연공원.삼성체육공원,126.9094952807,37.4548245367,11545,금천구
18962,시흥아파트앞,126.9081188294,37.4564310534,11545,금천구
18963,신흥초등학교,126.9082692514,37.4593571341,11545,금천구
18964,한빛무궁화아파트,126.9079251069,37.4604705729,11545,금천구
18967,금천폭포공원,126.9037052975,37.447211891,11545,금천구
18968,영일빌라,126.9064018284,37.4473501248,11545,금천구
18969,시흥계곡앞,126.9103494029,37.4466449121,11545,금천구
18970,시흥5동성당,126.9115228397,37.4483281695,11545,금천구
18972,한울중학교앞,126.9077736775,37.4623255009,11545,금천구
18973,한빛무궁화아파트,126.9079227192,37.4606136948,11545,금천구
18974,신흥초등학교,126.9081362324,37.4593209089,11545,금천구
18975,시흥아파트앞,126.9078868775,37.4566174024,11545,금천구
18976,삼성체육공원.삼성산자연공원,126.9092908701,37.454675697,11545,금천구
18977,시흥5동주민센터,126.9085768142,37.4516321,11545,금천구
18978,금광포란재.백운한비치아파트,126.9113929457,37.4511323266,11545,금천구
18979,관악우방아파트,126.912257908,37.4499083635,11545,금천구
18980,시흥5동성당,126.9116502129,37.4486202245,11545,금천구
18981,시흥계곡앞,126.9103556871,37.4469398097,11545,금천구
18982,영일빌라,126.9060636976,37.4475057487,11545,금천구
18983,금천문화원.국립전통예술중고,126.9045526814,37.4464155627,11545,금천구
18984,금천고등학교,126.9047098297,37.4447220355,11545,금천구
18985,시흥3동공영주차장앞,126.9044714442,37.4428790713,11545,금천구
18987,기아대교앞,126.9027904886,37.4379594347,11545,금천구
18988,석수역,126.9028582142,37.4349735461,11545,금천구
18989,석수역,126.9033005669,37.4350042057,11545,금천구
18992,시흥사거리,126.9016076387,37.4526734399,11545,금천구
18994,남문시장입구.청춘삘딩,126.9000105994,37.4712256795,11545,금천구
18995,LG전자,126.885863639,37.4710628529,11545,금천구
18996,LG전자,126.8859089046,37.4702518143,11545,금천구
18997,구로세관,126.8852249843,37.4724228188,11545,금천구
18998,구로세관,126.8849399744,37.4724874213,11545,금천구
18999,가산디지털단지역7번출구,126.8820730575,37.4795024072,11545,금천구
19001,문래동남성아파트,126.893705,37.511828,11560,영등포구
19002,문래동남성아파트,126.892312,37.511202,11560,영등포구
19003,남부지방법원등기국.구로세무서(에이스하이테크시티),126.9011873627,37.5144838858,11560,영등포구
19004,남부지방법원등기국.구로세무서(에이스하이테크시티),126.8997458122,37.5140403403,11560,영등포구
19005,영등포역,126.90509208,37.5158657465,11560,영등포구
19006,영등포역,126.9070303774,37.516587933,11560,영등포구
19007,여의도환승센터,126.9242437485,37.5255225645,11560,영등포구
19008,여의도환승센터,126.9242066145,37.526058119,11560,영등포구
19009,서울영림초등학교,126.904836994,37.4871457304,11560,영등포구
19010,강남성심병원.대림성모병원,126.9080013569,37.490982282,11560,영등포구
19011,경남아너스빌아파트,126.9115745553,37.4955867471,11560,영등포구
19012,보라매공원,126.9163819913,37.4970612966,11560,영등포구
19013,보라매역.동작세무서,126.9202813984,37.4989718729,11590,동작구
19014,서울지방병무청,126.9219621952,37.5043933307,11560,영등포구
19015,대방역,126.9248245911,37.5126573835,11560,영등포구
19016,여의도환승센터,126.9243412576,37.5261696974,11560,영등포구
19017,여의도환승센터,126.924099718,37.5253174941,11560,영등포구
19018,당산역광역환승센터,126.9030904155,37.5364586522,11560,영등포구
19019,당산역광역환승센터,126.9031762461,37.5365735046,11560,영등포구
19101,신길영신로삼거리,126.9099270612,37.5122856218,11560,영등포구
19102,영등포공원.영등포문화원,126.9114184502,37.5138042027,11560,영등포구
19103,영등포공원.영등포문화원,126.9119431216,37.5149507944,11560,영등포구
19104,영등포시장역3번출구,126.9051989835,37.5218552056,11560,영등포구
19105,영등포시장,126.9066538832,37.5197345469,11560,영등포구
19106,영등포로터리,126.909852,37.519063,11560,영등포구
19107,영등포로터리,126.909290557,37.5189144362,11560,영등포구
19109,영등포시장,126.9064498646,37.5194457626,11560,영등포구
19110,경방타임스퀘어.신세계백화점,126.9057837283,37.5183837379,11560,영등포구
19112,영등포역.신세계백화점타임스퀘어,126.9062396031,37.5175082319,11560,영등포구
19113,영등포역.패어필드호텔,126.9075990645,37.5169264132,11560,영등포구
19114,영등포역5번출구,126.9090467727,37.5170626873,11560,영등포구
19117,경방타임스퀘어.신세계백화점,126.905437,37.51849,11560,영등포구
19118,김안과병원,126.9030257176,37.5200710672,11560,영등포구
19119,김안과병원,126.9028340777,37.5204160307,11560,영등포구
19120,영등포시장역4번출구,126.904785,37.521318,11560,영등포구
19121,신화요양병원,126.9051548683,37.5245305326,11560,영등포구
19122,신화요양병원,126.9055402111,37.5248948852,11560,영등포구
19123,영동초교,126.9068194848,37.5251590221,11560,영등포구
19124,영동초교.영등포평생학습관,126.9073622386,37.5254970147,11560,영등포구
19125,삼환아파트,126.905597,37.529082,11560,영등포구
19126,당산푸르지오아파트,126.905958,37.529032,11560,영등포구
19127,하이서울유스호스텔,126.903657754,37.525637672,11560,영등포구
19129,국회의사당,126.9180241528,37.5298980961,11560,영등포구
19130,KBS,126.9181131549,37.5246535111,11560,영등포구
19131,국회의사당,126.9178873435,37.5294106436,11560,영등포구
19132,국회의사당역.KB국민은행,126.9180683792,37.5284793584,11560,영등포구
19133,국회의사당역5번출구,126.9175806125,37.5279936051,11560,영등포구
19134,양평동한솔아파트,126.89024,37.544408,11560,영등포구
19136,여의도순복음교회,126.924753069,37.5309108798,11560,영등포구
19137,여의도순복음교회,126.9229307724,37.5316913231,11560,영등포구
19138,여의도공원9번출입구,126.9278920215,37.5295296763,11560,영등포구
19139,여의나루역1번.한강버스선착장,126.9314780831,37.5274578013,11560,영등포구
19140,여의나루역2번.한강버스선착장,126.9320237959,37.527387513,11560,영등포구
19141,여의도중학교,126.9356353384,37.5244095933,11560,영등포구
19142,여의도중학교,126.9359647299,37.5244595611,11560,영등포구
19143,63빌딩.가톨릭대학교여의도성모병원,126.9376069307,37.5194039511,11560,영등포구
19144,63빌딩.가톨릭대학교여의도성모병원,126.9377092728,37.5191618125,11560,영등포구
19145,시범아파트,126.9351904947,37.5210428541,11560,영등포구
19146,시범아파트.대교아파트,126.9344292065,37.5210349091,11560,영등포구
19147,여의동주민센터,126.9342191488,37.5187056997,11560,영등포구
19148,여의동주민센터,126.933973282,37.518518604,11560,영등포구
19149,진주아파트,126.9323106146,37.5192462487,11560,영등포구
19150,KBS별관,126.9315858844,37.5191952505,11560,영등포구
19151,샛강역3번출구.KBS별관,126.9303001713,37.51810879,11560,영등포구
19152,여의도공원1번출입구,126.920262,37.523605,11560,영등포구
19153,샛강역1번출구.여의도자이,126.9272111083,37.5188169961,11560,영등포구
19154,샛강역4번출구.여의도자이,126.9267431365,37.5186769123,11560,영등포구
19155,여의도역6번출구,126.9249200821,37.5206144242,11560,영등포구
19156,여의도역5번출구,126.9248852134,37.5213350582,11560,영등포구
19157,한국거래소,126.927068407,37.5233529273,11560,영등포구
19158,한국거래소,126.9270706296,37.5236693289,11560,영등포구
19159,삼부아파트,126.9301171862,37.5251264453,11560,영등포구
19160,여의도공작아파트,126.9309977447,37.5259920176,11560,영등포구
19161,한국경제인협회,126.9188836862,37.5218906273,11560,영등포구
19162,당산동진로아파트,126.8968775442,37.5213255961,11560,영등포구
19163,당산동진로아파트,126.8969911224,37.5210022006,11560,영등포구
19164,필립메디컬센터,126.8952459024,37.5206987975,11560,영등포구
19165,양남사거리,126.8917785954,37.522120309,11560,영등포구
19166,영등포교보생명,126.8920699266,37.5217213888,11560,영등포구
19167,현대아파트,126.8961601415,37.5230559785,11560,영등포구
19169,영등포구청,126.8963808906,37.5254134463,11560,영등포구
19170,영등포구민회관.영등포경찰서,126.8997280516,37.5267409499,11560,영등포구
19171,당산동삼익아파트,126.8959624246,37.5281841492,11560,영등포구
19172,당산역13번출구,126.900525529,37.5347289688,11560,영등포구
19173,당산119안전센터.당산역,126.8994545764,37.534925387,11560,영등포구
19174,당산역.삼성래미안아파트,126.903388,37.533022,11560,영등포구
19175,당산역삼성래미안아파트,126.9035824119,37.5331897116,11560,영등포구
19176,당산역2번출구,126.9024102445,37.5348629874,11560,영등포구
19177,당산역11번출구,126.9008638878,37.5328062968,11560,영등포구
19178,당산역10번출구,126.9013030592,37.5328262574,11560,영등포구
19180,페어몬트앰배서더,126.9292812936,37.5249760771,11560,영등포구
19181,당산삼성2차아파트,126.8981321136,37.5288298776,11560,영등포구
19182,당산유원제일1차아파트,126.8976084675,37.5287170417,11560,영등포구
19183,서울영등포우체국,126.8960123192,37.5284831639,11560,영등포구
19184,도림생활문화센터,126.9074865803,37.509542599,11560,영등포구
19186,도림새마을금고,126.9003200973,37.5084285334,11560,영등포구
19187,도림새마을금고,126.9000627119,37.5082587788,11560,영등포구
19188,신길3동주민센터,126.9111162984,37.5065149631,11560,영등포구
19192,문래역3번출구,126.8942227741,37.5192330216,11560,영등포구
19193,문래역3번출구,126.8944124856,37.5190642533,11560,영등포구
19194,서울지방노동위원회.대림아파트,126.8896944058,37.5169082251,11560,영등포구
19195,국화아파트,126.8923755969,37.5156543708,11560,영등포구
19196,현대6차아파트,126.884328,37.518198,11560,영등포구
19197,문래롯데캐슬,126.8845693693,37.5184108268,11560,영등포구
19198,문래중학교,126.8847214778,37.5197635659,11560,영등포구
19199,문래중학교,126.8849459462,37.5199519089,11560,영등포구
19200,문래동국화아파트,126.8913940766,37.515779821,11560,영등포구
19201,서울지방노동위원회.대림아파트,126.8892688603,37.5168588434,11560,영등포구
19202,양평1동주민센터,126.8882760563,37.5226964057,11560,영등포구
19203,양평신동아아파트,126.8873567458,37.5224802186,11560,영등포구
19204,관악고등학교,126.8840591861,37.5229942584,11560,영등포구
19205,관악고등학교,126.8848486189,37.523161734,11560,영등포구
19206,당중초등학교,126.890987,37.526998,11560,영등포구
19207,당중초등학교,126.8912931843,37.5269046476,11560,영등포구
19208,남부고용노동지청,126.8902116552,37.5238199685,11560,영등포구
19209,남부고용노동지청,126.890544267,37.5236879845,11560,영등포구
19210,선유도역1번출구.한신아파트,126.8932341248,37.5383576111,11560,영등포구
19211,선유도역8번출구.한신아파트,126.8932768999,37.5380360687,11560,영등포구
19212,선유도역.롯데웰푸드,126.8948754336,37.5371966691,11560,영등포구
19213,선유도역.롯데웰푸드,126.8955567144,37.53714501,11560,영등포구
19214,양평한신아파트.선유도공원입구,126.8944278421,37.5416485864,11560,영등포구
19215,영등포아리수정수센터,126.8841131456,37.547524111,11560,영등포구
19216,양평한신아파트.선유도공원입구,126.894662988,37.5420309939,11560,영등포구
19217,안양천입구,126.8834636891,37.547469263,11560,영등포구
19218,양평동한솔아파트,126.89034721,37.5439165302,11560,영등포구
19219,신풍역3번출구,126.9080213793,37.4999832177,11560,영등포구
19220,선유도역2번출구.당산초등학교,126.8945006101,37.5388210381,11560,영등포구
19221,영등포세무서.선유고등학교,126.8962877577,37.5342386203,11560,영등포구
19222,영등포세무서.선유고등학교,126.8967008179,37.5344087772,11560,영등포구
19223,선유중학교,126.8945217072,37.532051991,11560,영등포구
19224,선유중학교,126.894106,37.530961,11560,영등포구
19225,신길역1번출구,126.916956,37.516815,11560,영등포구
19226,신길1동새마을금고,126.9200351486,37.5136409433,11560,영등포구
19227,신길1동새마을금고,126.9195131812,37.5140830291,11560,영등포구
19228,대신시장,126.9164620153,37.5118665222,11560,영등포구
19229,대윤병원,126.9181496713,37.5145262639,11560,영등포구
19230,대신시장,126.9162973886,37.5120674779,11560,영등포구
19231,영등포농협.신길2동새마을금고,126.9131764145,37.5113759569,11560,영등포구
19232,우신초등학교,126.910608,37.509355,11560,영등포구
19233,신길책마루문화센터.포레나신길,126.9101490426,37.5034133163,11560,영등포구
19234,성락교회,126.902587137,37.5045853868,11560,영등포구
19235,성락교회,126.9028724835,37.5047495305,11560,영등포구
19236,도림생활문화센터,126.9076717402,37.5092940284,11560,영등포구
19238,우신초등학교,126.910838,37.50958,11560,영등포구
19239,신길힐스테이트클래시안아파트,126.9108112918,37.5049891763,11560,영등포구
19240,신길동홍어거리,126.9114719863,37.5108205742,11560,영등포구
19241,신풍역4번출구.베뉴비안,126.9097782155,37.5014308216,11560,영등포구
19242,신길5동주민센터,126.9053855538,37.5009593596,11560,영등포구
19243,신길5동주민센터,126.9049278277,37.5010548825,11560,영등포구
19244,영등포제1스포츠센터.신풍역,126.9068971154,37.5000120734,11560,영등포구
19245,영등포농협도림로지점.우리시장,126.9045627731,37.4981782693,11560,영등포구
19246,영등포농협도림로지점,126.9045757143,37.4986738862,11560,영등포구
19247,KT대방지사.썬프라자,126.9088076812,37.4950914986,11560,영등포구
19248,신길주유소,126.9083965467,37.4984011732,11560,영등포구
19249,신풍역5번출구.베뉴비안,126.9100850037,37.5013238443,11560,영등포구
19251,신길중학교.래미안에스티움북문,126.916458,37.501245,11560,영등포구
19252,도림초등학교,126.90639,37.507364,11560,영등포구
19253,대방역,126.9237905553,37.5127693585,11560,영등포구
19255,공군호텔,126.9240536702,37.5098706868,11560,영등포구
19256,서울지방병무청,126.9221593231,37.5051747159,11560,영등포구
19257,대방초등학교,126.9210085488,37.5023841407,11560,영등포구
19258,썬프라자,126.9082409755,37.4961497424,11560,영등포구
19260,대림동우체국,126.9054525686,37.4894382828,11560,영등포구
19261,흰돌교회,126.9029549092,37.4913161222,11560,영등포구
19262,대동초등학교,126.9006322883,37.4941811504,11560,영등포구
19264,대림역12번출구,126.8966231256,37.4925216728,11560,영등포구
19265,대동초등학교.명지성모병원,126.8992448194,37.4942998541,11560,영등포구
19266,대동초등학교,126.9006611965,37.4936614284,11560,영등포구
19267,흰돌교회,126.9032572847,37.4905430612,11560,영등포구
19268,대림동우체국,126.9047297114,37.4896278351,11560,영등포구
19269,대림동우성아파트,126.9020385312,37.495996096,11560,영등포구
19270,대림역9번출구,126.896585,37.49288,11560,영등포구
19271,대동초등학교.명지성모병원,126.8986961015,37.4941715864,11560,영등포구
19272,대림동우성아파트,126.9023480929,37.4965119007,11560,영등포구
19273,YDP미래평생학습관,126.8955055827,37.5037864503,11560,영등포구
19274,대림동현대3차아파트,126.89654,37.504569,11560,영등포구
19275,신영초등학교,126.8971101446,37.5016789973,11560,영등포구
19276,YDP미래평생학습관,126.8961720728,37.5030128151,11560,영등포구
19277,선유도공원,126.902595,37.542245,11560,영등포구
19278,선유도공원,126.902915,37.542025,11560,영등포구
19279,신길역5호선,126.9148309222,37.51855816,11560,영등포구
19280,국회의사당,126.919153684,37.5306422804,11560,영등포구
19281,산업은행본점,126.9208525949,37.5279671701,11560,영등포구
19282,더현대서울,126.9281836353,37.5250045778,11560,영등포구
19283,유진투자증권,126.9269899252,37.5255310516,11560,영등포구
19284,파크원타워.LG트윈타워,126.9272061799,37.5270921709,11560,영등포구
19285,신길파크자이아파트,126.9132459329,37.5050599658,11560,영등포구
19286,여의도한양아파트,126.9320647349,37.5209203503,11560,영등포구
19287,하나은행여의도지점,126.9311455901,37.5213281189,11560,영등포구
19288,여의도수정아파트,126.9304856028,37.5224629956,11560,영등포구
19289,신풍역6번출구,126.9104304773,37.5003168268,11560,영등포구
19290,여의도역3번출구,126.923253,37.523355,11560,영등포구
19291,영진시장.신길새마을금고,126.9154974818,37.5001550045,11560,영등포구
19292,문래우체국.문래예술공단,126.8951938185,37.5142585924,11560,영등포구
19293,문래우체국.문래예술공단,126.8947765295,37.5141627048,11560,영등포구
19294,대림3동주민센터,126.8988103256,37.4978471953,11560,영등포구
19296,대방역,126.923495,37.512907,11560,영등포구
19297,신길3동주민센터,126.9109089196,37.5063691885,11560,영등포구
19298,대길초등학교,126.9122243497,37.4989132022,11560,영등포구
19299,미보빌딩,126.9167140863,37.4984175455,11560,영등포구
19300,신길역1호선,126.9166368877,37.5167591036,11560,영등포구
19301,신길보라매SK뷰아파트,126.919256,37.504066,11560,영등포구
19303,여의도순복음교회비전센터,126.9241543204,37.5300112247,11560,영등포구
19304,래미안에스티움,126.912773792,37.5001649059,11560,영등포구
19305,문래역.문래자이아파트,126.8945855945,37.5166249423,11560,영등포구
19306,대방역7번출구,126.9265562252,37.513747861,11560,영등포구
19307,대방역,126.9259750871,37.5135876259,11560,영등포구
19309,대길초등학교,126.9145708821,37.4985891868,11560,영등포구
19310,대방천사거리.동작세무서,126.919402,37.498862,11560,영등포구
19311,대방천사거리,126.9197990982,37.4984887613,11560,영등포구
19312,대림코오롱아파트정문,126.8942967179,37.5069073568,11560,영등포구
19313,영등포로터리,126.9103719734,37.5186134846,11560,영등포구
19314,신길주유소교차로.신풍역3번출구,126.9074086857,37.4993499174,11560,영등포구
19315,신길주유소교차로.신풍역3번출구,126.9069956306,37.4995770969,11560,영등포구
19316,영문초등학교,126.887835,37.520197,11560,영등포구
19317,영문초등학교,126.887957615,37.520047157,11560,영등포구
19318,문래역1번출구,126.8942560751,37.5166312538,11560,영등포구
19319,양화중학교.홈플러스,126.8952832738,37.5193690011,11560,영등포구
19320,기계회관,126.9226786966,37.5290992579,11560,영등포구
19321,신동아아파트,126.8946317256,37.4980725102,11560,영등포구
19322,신영초교,126.8963032658,37.4989309377,11560,영등포구
19323,우성5차아파트,126.9032049179,37.5076045335,11560,영등포구
19324,우성5차아파트,126.9030359596,37.5073405785,11560,영등포구
19325,현대3차.성원아파트,126.8966160437,37.5042942428,11560,영등포구
19326,래미안에스티움(신길파크자이),126.9128986736,37.5021832508,11560,영등포구
19327,대림3동사거리.명지춘혜병원,126.8976368647,37.5004765901,11560,영등포구
19328,현대2차아파트,126.8952038884,37.5033510946,11560,영등포구
19329,성원아파트.한국상하수도협회,126.8967569528,37.5025756986,11560,영등포구
19330,베뢰아국제대학원대학교.수정교회,126.8989671275,37.5010729304,11560,영등포구
19332,성원아파트입구,126.8979949457,37.5049661894,11560,영등포구
19333,신길우성1차.건영아파트,126.8995852828,37.5060560163,11560,영등포구
19334,건영아파트,126.9008515938,37.5063544176,11560,영등포구
19336,신길바다마을아파트.보라매sk뷰,126.916049,37.502859,11560,영등포구
19337,성애병원,126.9230916275,37.5115127712,11560,영등포구
19338,신길보라매sk뷰.바다마을아파트,126.9161719065,37.5029041708,11560,영등포구
19341,신길우성2차아파트,126.9104508793,37.499257657,11560,영등포구
19346,보라매역4번출구,126.9193169475,37.4998464533,11560,영등포구
19347,신길새마을금고.영진시장,126.9170658543,37.4998909378,11560,영등포구
19350,신길광장공원,126.9039926579,37.4999373494,11560,영등포구
19351,대성아파트.건영아파트후문,126.9003306899,37.5032308592,11560,영등포구
19352,대성유니드아파트,126.9027078981,37.5008368106,11560,영등포구
19353,신길중학교.래미안에스티움북문,126.9166259326,37.5014200855,11560,영등포구
19354,건영아파트후문,126.900562942,37.5026893321,11560,영등포구
19357,대림동코오롱아파트,126.8945682049,37.5076981532,11560,영등포구
19358,문래동종점,126.8864003638,37.5156735527,11560,영등포구
19359,문래동시점,126.8867116154,37.5155477112,11560,영등포구
19360,KT&G영등포지사.문래동종점,126.8872632303,37.5154220985,11560,영등포구
19361,신길1차우성아파트,126.8998713446,37.5058715996,11560,영등포구
19362,보라매역5번출구,126.91905,37.500051,11560,영등포구
19364,영등포동.영등포푸르지오아파트,126.9046723569,37.5101417818,11560,영등포구
19365,우신초교앞사거리,126.9100169726,37.5108880833,11560,영등포구
19367,도림초교사거리,126.905380142,37.508301905,11560,영등포구
19386,고추말,126.9062761886,37.511947326,11560,영등포구
19389,코끼리할인마트,126.9070387375,37.505854886,11560,영등포구
19390,대영고등학교.신길센트럴아이파크,126.904153,37.504783,11560,영등포구
19392,동양볼링장,126.8884241986,37.5167682627,11560,영등포구
19393,평화교회,126.9165753842,37.4985706187,11560,영등포구
19402,현대2차아파트후문,126.8940864024,37.5030100625,11560,영등포구
19403,도림초교사거리,126.9051712916,37.509135311,11560,영등포구
19404,도림초등학교,126.9064944778,37.5069671974,11560,영등포구
19405,고추말,126.9061093409,37.511958456,11560,영등포구
19406,SG메디피움,126.9047285685,37.505080073,11560,영등포구
19407,도림사거리,126.9012712286,37.5070505173,11560,영등포구
19416,기림약국,126.9008725167,37.4997728852,11560,영등포구
19418,신길광장공원,126.9045015227,37.4999670445,11560,영등포구
19423,코사마트,126.9020269071,37.4984017729,11560,영등포구
19424,성락빌딩,126.89948,37.500908,11560,영등포구
19425,대림119안전센터,126.9032579405,37.4974634886,11560,영등포구
19427,두산위브진주아파트,126.885309553,37.5164206155,11560,영등포구
19428,현대3차아파트,126.884898,37.516298,11560,영등포구
19429,CM병원,126.9027079039,37.5183527655,11560,영등포구
19430,대방역6번출구,126.924159,37.513045,11560,영등포구
19434,타임스퀘어.영등포소방서,126.9045916481,37.5180119835,11560,영등포구
19435,당산신동아파밀리에,126.9008141712,37.5196779796,11560,영등포구
19436,영등포청과시장,126.9018127545,37.5236699556,11560,영등포구
19437,영등포청과시장,126.9017747101,37.522484979,11560,영등포구
19438,서울시립청소년성문화센터,126.9023142827,37.5251517776,11560,영등포구
19439,서울시립청소년성문화센터,126.9023884969,37.5246798544,11560,영등포구
19450,한강아파트,126.9034083876,37.5277478405,11560,영등포구
19451,롯데마트맥스영등포점,126.903872998,37.5280663072,11560,영등포구
19452,당산센트럴아이파크아파트,126.9043580631,37.5300905669,11560,영등포구
19453,영등포농협당산역지점,126.9049656612,37.5308155244,11560,영등포구
19454,신풍시장,126.9101667964,37.5057447122,11560,영등포구
19455,신길건영아파트,126.9015875459,37.503440464,11560,영등포구
19456,신길건영아파트,126.9016891344,37.5037354455,11560,영등포구
19457,수정교회.베뢰아국제대학원대학교,126.8986616843,37.5011447492,11560,영등포구
19458,대림3동주민센터,126.89831,37.4981672477,11560,영등포구
19483,대영중학교.신길센트럴아이파크,126.9037578728,37.5033158892,11560,영등포구
19501,당산역11번출구,126.9013080631,37.5333218119,11560,영등포구
19502,대림역5번출구,126.8949855085,37.4941881707,11560,영등포구
19503,현대2.3차아파트,126.8962827493,37.5317408698,11560,영등포구
19504,한국환경수도연구원,126.8895618243,37.5439176005,11560,영등포구
19505,성애병원,126.9218040841,37.5117534209,11560,영등포구
19506,당산우편물취급소,126.8987624869,37.5295966069,11560,영등포구
19507,기아자동차서비스센터,126.8913397384,37.5415448626,11560,영등포구
19508,신일어린이공원,126.9219968319,37.5102387979,11560,영등포구
19509,대림역7호선,126.8973315956,37.4929638313,11560,영등포구
19510,효성아파트,126.8998637918,37.5309951483,11560,영등포구
19511,한신아파트.선유도공원,126.892357296,37.5406104569,11560,영등포구
19512,돈보스코.홈플러스,126.913235866,37.4966558275,11560,영등포구
19513,창의나라어린이집,126.9215458547,37.5088147597,11560,영등포구
19515,우성2차아파트,126.8998625176,37.495363567,11560,영등포구
19516,당산역.삼성래미안APT,126.90153447,37.5332251433,11560,영등포구
19518,경남아너스빌,126.9108450745,37.4946517549,11560,영등포구
19519,골프장,126.919979,37.509504,11560,영등포구
19520,코스트코,126.8916609531,37.5283666153,11560,영등포구
19521,대림3동주민센터,126.8985174011,37.4983606603,11560,영등포구
19522,삼성래미안4차아파트북문,126.9030109389,37.5332286177,11560,영등포구
19523,선유도역.롯데홈쇼핑,126.893134081,37.537024567,11560,영등포구
19524,강남성심병원.대림성모병원,126.9080614234,37.4913065278,11560,영등포구
19525,대신시장.기업은행,126.9173777932,37.5118632601,11560,영등포구
19526,당중초등학교.노동부남부지청,126.8906255086,37.5253866305,11560,영등포구
19527,대림3동사거리,126.898036257,37.4995406902,11560,영등포구
19528,당산중학교.한국소방안전원,126.9065022141,37.5318890724,11560,영등포구
19529,영등포동.영등포푸르지오아파트,126.9053948102,37.511019637,11560,영등포구
19530,신대림한솔솔파크아파트.충심교회,126.8990679328,37.4884697209,11560,영등포구
19532,영은교회,126.8882070346,37.5253616898,11560,영등포구
19534,강변래미안아파트,126.9072184064,37.5300982551,11560,영등포구
19535,케이카,126.8923381705,37.5342360825,11560,영등포구
19536,대림중앙시장,126.9007034903,37.4899047632,11560,영등포구
19538,양평역,126.8860806928,37.5250571864,11560,영등포구
19539,대림요양병원,126.9001497866,37.5023314067,11560,영등포구
19540,한국산업인력공단,126.907732684,37.5287001541,11560,영등포구
19541,거성파스텔아파트,126.8924532355,37.5321168067,11560,영등포구
19542,농협.대림2동주민센터,126.9017291244,37.4908121312,11560,영등포구
19544,삼성아파트.오목교아래,126.8834600409,37.523415383,11560,영등포구
19546,인구보건복지협회.제일빌딩,126.9087700692,37.5260382148,11560,영등포구
19547,선유고등학교,126.8945892066,37.533133368,11560,영등포구
19548,대림포교원,126.9030879611,37.4920558755,11560,영등포구
19550,벽산아파트,126.8824379434,37.5232854003,11560,영등포구
19551,성락교회,126.9029768745,37.5044937034,11560,영등포구
19552,한강성심병원,126.9105439558,37.5233299681,11560,영등포구
19553,대림1동새마을금고,126.9042356303,37.4930894759,11560,영등포구
19555,신동아아파트.관악고교,126.8852430946,37.5216618502,11560,영등포구
19556,도림사거리,126.901776669,37.5063174421,11560,영등포구
19557,근로복지공단.서울남부지사,126.9119175238,37.5213296596,11560,영등포구
19558,대림1동주민센터,126.9064554065,37.4950637693,11560,영등포구
19560,e편한세상문래에듀플라츠,126.8858598746,37.5203116387,11560,영등포구
19561,선의원,126.9092502422,37.5125060183,11560,영등포구
19563,태양의집.썬프라자,126.9073026795,37.4958177593,11560,영등포구
19568,영신고등학교,126.9083813617,37.4975925264,11560,영등포구
19574,신풍역.수녀원,126.9077008382,37.4994414051,11560,영등포구
19578,근로복지공단.서울남부지사,126.9121380476,37.521403714,11560,영등포구
19579,현대홈타운아파트,126.8958915081,37.5234161815,11560,영등포구
19581,삼성래미안아파트1단지,126.9162315361,37.5052062815,11560,영등포구
19582,벽산메가트리움오피스텔,126.8979141721,37.5185695277,11560,영등포구
19583,약산약국,126.9142968662,37.5113138822,11560,영등포구
19584,한강성심병원,126.9107746728,37.5233986262,11560,영등포구
19585,문래역.홈플러스,126.8952702414,37.5204548137,11560,영등포구
19586,대영초중고,126.9045860784,37.5020836656,11560,영등포구
19587,삼성래미안아파트2단지,126.914227473,37.50671281,11560,영등포구
19588,영일시장.록스,126.9008724859,37.5183513018,11560,영등포구
19590,인구보건복지협회.호텔아벤트리,126.9089587972,37.5262167779,11560,영등포구
19591,교보생명,126.8927264952,37.5206586901,11560,영등포구
19594,신길역2번출구,126.916014,37.518244,11560,영등포구
19595,한국산업인력공단,126.9081846411,37.5282975197,11560,영등포구
19596,GS홈쇼핑앞,126.8900548852,37.5210328929,11560,영등포구
19604,켄싱턴호텔.여의도,126.9220912543,37.5303964528,11560,영등포구
19619,문래힐스테이트,126.8893961124,37.518962453,11560,영등포구
19628,래미안에스티움,126.9137184414,37.4998586582,11560,영등포구
19630,강변래미안아파트,126.907349271,37.5304101377,11560,영등포구
19631,양평동서통한신아파트,126.8879274737,37.52137241,11560,영등포구
19645,당산역.지하철2호선,126.9023377955,37.5347400035,11560,영등포구
19662,당산중학교.한국소방안전원,126.9066070161,37.5322315724,11560,영등포구
19663,모랫말.도림새마을금고,126.90021733,37.5085202288,11560,영등포구
19674,삼성래미안동문,126.9047437209,37.5311163277,11560,영등포구
19676,양평역,126.8862550017,37.5253329419,11560,영등포구
19679,도림고가.영등포아트자이,126.8989591367,37.5104673394,11560,영등포구
19684,당산센트럴아이파크아파트,126.902510571,37.5294473708,11560,영등포구
19685,영은교회,126.888897178,37.5250867538,11560,영등포구
19687,도림교회,126.8973227342,37.5093467611,11560,영등포구
19688,선화약국,126.9172405721,37.510653566,11560,영등포구
19697,당산효성.현대5차아파트,126.9009081058,37.530173327,11560,영등포구
19698,노동부남부지청,126.8917297019,37.524638835,11560,영등포구
19700,도림동주민센터,126.8964095201,37.5087971934,11560,영등포구
19701,푸른숲아파트,126.91747,37.508143,11560,영등포구
19702,문래자이정문,126.896353001,37.5169493984,11560,영등포구
19703,대신시장,126.9165402359,37.5121237758,11560,영등포구
19707,현대APT후문,126.8944184537,37.524228566,11560,영등포구
19708,코오롱아파트,126.8948323653,37.5080318381,11560,영등포구
19709,대성유니드아파트,126.9027187793,37.5011675241,11560,영등포구
19710,골프장,126.9199045396,37.5088334824,11560,영등포구
19713,문래자이후문,126.8986416285,37.5168991207,11560,영등포구
19729,영등포구청.우리은행,126.896721,37.52549,11560,영등포구
19730,골프장,126.9202843938,37.5090406202,11560,영등포구
19733,문래동주민센터,126.899351122,37.517601684,11560,영등포구
19740,신일어린이공원,126.9224212475,37.5100192088,11560,영등포구
19741,금호아파트,126.8979309029,37.5187718947,11560,영등포구
19742,도림초교사거리,126.9049106738,37.5083375721,11560,영등포구
19745,도림동주민센터,126.8961493649,37.5084902631,11560,영등포구
19748,도림교회,126.8973308164,37.5092269217,11560,영등포구
19749,대림역5번출구,126.8948001273,37.4948666991,11560,영등포구
19751,건영아파트,126.9018101899,37.5057686993,11560,영등포구
19752,선유고등학교,126.8945867229,37.5332901567,11560,영등포구
19753,도림고가.동아에코빌,126.8988261304,37.5101175984,11560,영등포구
19756,선유초등학교후문,126.892091436,37.5327075965,11560,영등포구
19757,도림새마을금고,126.8999436394,37.5084857554,11560,영등포구
19758,e편한세상문래에듀플라츠,126.8858415635,37.5204494891,11560,영등포구
19760,케이카,126.8925202511,37.5343029295,11560,영등포구
19761,도림사거리,126.9009386259,37.5070907884,11560,영등포구
19762,대림요양병원,126.8999334882,37.5025321694,11560,영등포구
19765,선유도역.롯데홈쇼핑,126.8934442009,37.5370485077,11560,영등포구
19770,대림3동사거리,126.8977582395,37.4993863615,11560,영등포구
19773,당산초등학교,126.8947635611,37.5386977962,11560,영등포구
19774,대영초중고,126.904047,37.502528,11560,영등포구
19775,노동부남부지청,126.8909004588,37.5253724672,11560,영등포구
19776,대림동현대3차아파트,126.896397,37.504466,11560,영등포구
19777,대림3동주민센터,126.8983424791,37.4980793659,11560,영등포구
19778,한신아파트.선유도공원,126.8924692571,37.5406592181,11560,영등포구
19780,남성아파트,126.8910896456,37.5122034905,11560,영등포구
19781,신안인스빌아파트,126.8885413891,37.5137354671,11560,영등포구
19782,삼환아파트,126.8904512019,37.5137855121,11560,영등포구
19783,문래공원사거리,126.893088,37.51398,11560,영등포구
19786,우성2차아파트,126.8994440527,37.4955536164,11560,영등포구
19794,동양아파트,126.8902700202,37.5417610376,11560,영등포구
19800,대동초등학교.명지성모병원,126.8987627859,37.49420138,11560,영등포구
19801,샛강역1번출구.여의도자이,126.9273528457,37.5187933887,11560,영등포구
19802,샛강역4번출구.여의도자이,126.9264910134,37.5189481008,11560,영등포구
19803,여의도메리어트호텔,126.9184613228,37.521714257,11560,영등포구
19804,여의도메리어트호텔,126.9192874432,37.5210420207,11560,영등포구
19806,신길5동우체국,126.9080395961,37.4980404548,11560,영등포구
19809,한솔아파트,126.8880522051,37.5438918495,11560,영등포구
19811,문래동주민센터,126.8986940319,37.5169596562,11560,영등포구
19812,태양의집.썬프라자,126.9073565889,37.4961223744,11560,영등포구
19813,신길동오거리,126.9159401511,37.5103913564,11560,영등포구
19814,신기목련아파트.더샵파크프레스티지,126.9158201061,37.5090172393,11560,영등포구
19819,영등포역.페어필드메리어트,126.9081071702,37.516727545,11560,영등포구
19820,영등포시장전철역,126.905191283,37.5216821884,11560,영등포구
19821,영등포역.신세계백화점타임스퀘어,126.90598,37.517327,11560,영등포구
19822,당산푸르지오아파트,126.9059275537,37.5290753891,11560,영등포구
19823,영등포삼환아파트,126.9055996881,37.5288723804,11560,영등포구
19824,영등포시장전철역,126.9047809511,37.5214106275,11560,영등포구
19826,당산역9번출구,126.9039757313,37.5326565825,11560,영등포구
19827,대영고등학교.신길센트럴아이파크,126.904922203,37.5048823685,11560,영등포구
19833,대림1동주민센터,126.90618847,37.4950914919,11560,영등포구
19834,대림1동새마을금고,126.9042511202,37.4933580173,11560,영등포구
19835,대림포교원,126.9032197838,37.4924371503,11560,영등포구
19836,농협.대림2동주민센터,126.9014158733,37.4908109691,11560,영등포구
19837,신대림한솔솔파크아파트.충심교회,126.8992324664,37.4888933803,11560,영등포구
19839,대림역,126.8951274236,37.4937954158,11560,영등포구
19840,당서초교,126.8995389009,37.531111114,11560,영등포구
19842,국회의사당,126.9181628332,37.5282753148,11560,영등포구
19844,현대3차유원아파트,126.8973008278,37.5319345944,11560,영등포구
19846,양화대교전망카페,126.901182,37.53982,11560,영등포구
19847,신풍프라자,126.9015122861,37.5017864827,11560,영등포구
19848,양화대교전망카페,126.900755,37.539938,11560,영등포구
19849,문래힐스테이트아파트,126.8914974004,37.5194239626,11560,영등포구
19850,문래힐스테이트아파트,126.891508,37.519647,11560,영등포구
19851,영등포소방서.타임스퀘어,126.9036355463,37.518273873,11560,영등포구
19852,영등포구청역공영주차장,126.8952226639,37.5243137974,11560,영등포구
19853,해군호텔,126.916046,37.504339,11560,영등포구
19854,진로A,126.8955641344,37.5206127494,11560,영등포구
19857,현대2.3차아파트,126.8969389534,37.5326083,11560,영등포구
19858,신동아아파트.관악고교,126.8855026473,37.5223558864,11560,영등포구
19861,한국거래소공항방면,126.9269644423,37.5235034611,11560,영등포구
19862,당산역,126.9010480642,37.5330028905,11560,영등포구
19865,삼성래미안아파트,126.9130481182,37.5074069381,11560,영등포구
19867,골프장,126.9199176151,37.5086934741,11560,영등포구
19868,삼환아파트,126.9200285195,37.5071313862,11560,영등포구
19869,병무청,126.9216230712,37.5063656176,11560,영등포구
19870,대방동성당,126.9216560023,37.5051599656,11560,영등포구
19871,신길한성아파트,126.9199106731,37.5041513635,11560,영등포구
19872,신길새마을금고신길4동지점,126.9126669015,37.5054257948,11560,영등포구
19877,래미안영등포프레비뉴아파트,126.9069364632,37.5056353604,11560,영등포구
19878,신길힐스테이트클래시안아파트,126.9114530403,37.5055906938,11560,영등포구
19879,신길파크자이아파트,126.9135627503,37.5049340573,11560,영등포구
19880,서울해군호텔,126.9160026751,37.5042586234,11560,영등포구
19882,대방동성당,126.9217262504,37.5050446711,11560,영등포구
19883,병무청,126.9217497583,37.5063629983,11560,영등포구
19884,삼환아파트,126.9198821423,37.5074906089,11560,영등포구
19885,오거리,126.9215731559,37.5086678983,11560,영등포구
19888,서울해군호텔,126.9159749818,37.5045438605,11560,영등포구
19892,영등포역1번출구,126.907997,37.514679,11560,영등포구
19893,영등포역2번출구,126.9078196924,37.5145839767,11560,영등포구
19894,신길GS자이아파트정문,126.9171066208,37.5062985565,11560,영등포구
19895,신길GS자이아파트후문,126.9157992808,37.5061002907,11560,영등포구
19896,신길4동주민센터,126.911555177,37.5081805356,11560,영등포구
19899,신길GS자이아파트정문,126.91724367,37.5061310478,11560,영등포구
19900,63빌딩.한강유람선,126.940164018,37.5212987463,11560,영등포구
19901,여의나루역,126.932128085,37.5272703449,11560,영등포구
19911,푸른숲아파트,126.9176242751,37.5087156723,11560,영등포구
19963,공군호텔,126.92412815,37.5100455483,11560,영등포구
19964,공군호텔,126.9246177878,37.5102017522,11590,동작구
19984,영등포푸르지오,126.9034753573,37.5117732064,11560,영등포구
19985,대우미래사랑,126.9009464467,37.5123000589,11560,영등포구
19986,영등포아트자이,126.8988576208,37.5109906474,11560,영등포구
19987,영등포아트자이,126.8995214906,37.5114597361,11560,영등포구
19988,대우미래사랑,126.9004176959,37.5118103168,11560,영등포구
19990,영등포푸르지오후문,126.904886,37.513267,11560,영등포구
19992,대한항공훈련센터,126.8123006952,37.5458862811,11500,강서구
19993,여의나루역.한강버스선착장,126.9328494288,37.5264706671,11560,영등포구
19996,당산119안전센터.당산역,126.8998731174,37.53502216,11560,영등포구
20001,동작상떼빌아파트,126.904448,37.486449,11590,동작구
20002,신대방경남아파트,126.9075951828,37.4902521491,11560,영등포구
20003,신대방현대아파트,126.9114761949,37.4952827397,11590,동작구
20004,보라매공원,126.9162238534,37.4968990034,11590,동작구
20005,보라매역.동작세무서,126.9201964462,37.4981412047,11590,동작구
20006,강남중학교,126.9218983526,37.5037895503,11590,동작구
20007,현대아파트,126.931437,37.513174,11590,동작구
20008,현대아파트.유한양행,126.9323737344,37.5132368488,11590,동작구
20009,노량진수산시장.CTS기독교TV,126.938456,37.513423,11590,동작구
20010,노량진수산시장.CTS기독교TV,126.9388655754,37.5134800797,11590,동작구
20011,노량진역,126.943811,37.513733,11590,동작구
20012,노량진역,126.9447114504,37.5138325876,11590,동작구
20013,노들역,126.949256,37.512825,11590,동작구
20014,노들역,126.9509621786,37.512734203,11590,동작구
20015,갯마을앞,126.983311749,37.4975550541,11590,동작구
20016,정금마을.방배경찰서,126.9826144422,37.4942338943,11590,동작구
20017,경문고교.배나무골앞,126.9826229009,37.4915912163,11590,동작구
20018,총신대입구역.남성사계시장입구앞,126.982285,37.488365,11590,동작구
20019,사당동우체국앞,126.9819451238,37.4832273743,11590,동작구
20020,방배노인종합복지관,126.9818145731,37.4806790282,11590,동작구
20106,서울지방병무청앞,126.923275,37.506935,11590,동작구
20107,공군호텔,126.9245410607,37.5100106698,11590,동작구
20108,대방역,126.926363433,37.5125881335,11590,동작구
20111,KT동작지사,126.9356600816,37.5130395413,11590,동작구
20114,노량진역3번출구,126.9418756112,37.5134951577,11590,동작구
20115,노량진역2번출구,126.9434701519,37.5139058884,11590,동작구
20117,사육신공원,126.9463011308,37.5133666069,11590,동작구
20119,사육신공원,126.947977,37.513315,11590,동작구
20121,노들역,126.9510505061,37.5128653113,11590,동작구
20122,노들역,126.951007,37.512565,11590,동작구
20123,흑석동효사정앞,126.9607461983,37.5115545148,11590,동작구
20124,흑석동효사정앞,126.9612375315,37.5115728985,11590,동작구
20125,흑석역.흑석동빗물펌프장,126.9632135267,37.508304935,11590,동작구
20126,흑석역.명수대현대아파트,126.9650447528,37.5074984059,11590,동작구
20127,흑석역.명수대현대아파트,126.9655921789,37.5075850724,11590,동작구
20128,흑석동명수대현대아파트,126.96627337,37.5073485306,11590,동작구
20129,비계,126.967675,37.50651,11590,동작구
20130,비계,126.9685844969,37.5064370015,11590,동작구
20131,흑석동한강현대아파트,126.971748,37.505867,11590,동작구
20132,흑석동한강현대아파트,126.971971,37.505609,11590,동작구
20133,동작역.국립현충원,126.976865,37.502586,11590,동작구
20134,동작역.국립현충원,126.9766525988,37.503188597,11590,동작구
20141,사당1동상점가,126.9778214942,37.476831893,11590,동작구
20142,엔지니어링회관,126.972845088,37.4760492272,11590,동작구
20143,서울공업고등학교,126.9223387688,37.4997751387,11590,동작구
20144,서울공업고등학교,126.921643,37.500012,11590,동작구
20145,대림초등학교,126.9264810316,37.4996077724,11590,동작구
20146,대림초등학교,126.926127913,37.4998553553,11590,동작구
20147,성대시장,126.930872,37.50007,11590,동작구
20148,성대시장,126.9317049239,37.5002832355,11590,동작구
20149,상도초등학교입구,126.9367360642,37.5033778878,11590,동작구
20150,상도초등학교입구,126.9357682657,37.502959881,11590,동작구
20151,동작구청.장승배기역4번출구,126.9385221188,37.5046761432,11590,동작구
20152,동작구청.동작보건소건강관리청,126.94076,37.504993,11590,동작구
20153,동작구청.동작보건소건강관리청,126.9417292605,37.5053297317,11590,동작구
20154,상도노빌리티아파트,126.9459415102,37.5047947107,11590,동작구
20155,상도노빌리티아파트,126.9468675132,37.5043269596,11590,동작구
20156,상도터널.노들역3번출구,126.9541121628,37.5120566862,11590,동작구
20157,상도터널.노들역4번출구,126.9536978866,37.5120063166,11590,동작구
20158,상도터널.상도동,126.9495037012,37.5045988081,11590,동작구
20159,상도터널.상도동,126.9495190801,37.5038586483,11590,동작구
20160,상도역,126.9486225374,37.5016271328,11590,동작구
20161,상도역,126.9495197061,37.5012490566,11590,동작구
20162,상도동중앙하이츠빌.상도전통시장,126.9511850423,37.4988131751,11590,동작구
20163,상도동중앙하이츠빌.상도전통시장,126.9517743709,37.4986899661,11590,동작구
20164,숭실대입구역,126.9528039826,37.4969260383,11590,동작구
20165,숭실대입구역,126.9533491547,37.4961666089,11590,동작구
20166,숭실대입구역,126.9537334982,37.4964614208,11590,동작구
20167,봉현초등학교,126.9562148589,37.4916784048,11590,동작구
20168,봉천고개.관악현대아파트,126.9565953054,37.4917326146,11590,동작구
20169,숭실대중문앞,126.957055,37.49515,11590,동작구
20170,숭실대중문앞,126.9572808442,37.4953183557,11590,동작구
20171,숭실대정보과학관앞,126.9602929082,37.4946390733,11590,동작구
20172,숭실대레지던스홀앞,126.959906757,37.4949847404,11590,동작구
20173,신남성초등학교,126.9656493194,37.4890277761,11590,동작구
20174,총신대,126.9661798164,37.4887422791,11590,동작구
20175,총신대,126.9664743548,37.4878598183,11590,동작구
20176,사당중학교,126.9682728248,37.4863556315,11590,동작구
20177,사당중학교,126.9681789127,37.4866369532,11590,동작구
20178,남성역,126.9707465249,37.4849291221,11590,동작구
20179,남성역,126.9710943103,37.4845875371,11590,동작구
20180,남성역골목시장,126.9730147719,37.4838042897,11590,동작구
20181,남성역골목시장,126.9727824251,37.4836762564,11590,동작구
20182,남성초등학교,126.9785857201,37.4840745961,11590,동작구
20183,남성초등학교,126.9784299949,37.4842992298,11590,동작구
20184,이수역9번출구,126.9798968352,37.4844435384,11590,동작구
20185,이수역10번출구,126.9801874958,37.4848328619,11590,동작구
20186,신대방삼거리,126.9278411369,37.4977748671,11590,동작구
20187,신대방삼거리,126.9282547192,37.4983305124,11590,동작구
20188,신대방동성당.보라매병원입구,126.927191,37.494757,11590,동작구
20190,노량진초등학교앞,126.9400540684,37.5105502162,11590,동작구
20191,노량진초등학교앞,126.940337,37.510453,11590,동작구
20192,장성교회,126.9399682084,37.5082110072,11590,동작구
20193,청화병원,126.9400798321,37.5072450833,11590,동작구
20194,중앙대학교,126.9613219646,37.5081669276,11590,동작구
20195,중앙대학교,126.9615071968,37.508509243,11590,동작구
20196,중앙대학교,126.9614382814,37.5083452201,11590,동작구
20197,동작구청.장승배기역2번출구,126.9391355764,37.5041718438,11590,동작구
20198,동작구청.장승배기역,126.939496,37.503934,11590,동작구
20199,상도2동아이파크.포스코더샵아파트,126.9408309246,37.5014793109,11590,동작구
20200,상도2동아이파크.포스코더샵아파트,126.9411384938,37.5015136806,11590,동작구
20201,신상도초등학교,126.9435348692,37.4993163958,11590,동작구
20202,중앙대후문,126.9536355983,37.5048082949,11590,동작구
20203,중앙대후문,126.9534310317,37.5045504993,11590,동작구
20204,중앙대정문,126.9582944153,37.506809885,11590,동작구
20205,중앙대중문,126.9572653015,37.5066428313,11590,동작구
20206,중앙대정문,126.9591141596,37.5072313914,11590,동작구
20207,신대방역,126.911921,37.487296,11590,동작구
20208,신대방역,126.9117427128,37.4874171465,11590,동작구
20209,동작상떼빌아파트,126.9071028224,37.488253739,11590,동작구
20210,신대방경남아파트,126.9072269982,37.4884286507,11590,동작구
20213,사당롯데캐슬골든포레.사당해그린,126.963578,37.492298,11590,동작구
20217,서울특별시.보라매병원,126.9244803976,37.4927554341,11590,동작구
20219,신상도초등학교,126.9436736712,37.4993739229,11590,동작구
20220,상도4동약수맨션,126.9435500396,37.4979423686,11590,동작구
20221,경향렉스빌.롯데캐슬비엔,126.9429139957,37.4959295429,11590,동작구
20222,경향렉스빌.롯데캐슬비엔,126.9427352625,37.4959853248,11590,동작구
20228,상도4동약수맨션,126.9433569275,37.4979590401,11590,동작구
20233,래미안상도3차중문,126.9538679944,37.4998750017,11590,동작구
20235,금양빌딩,126.953501942,37.4995065114,11590,동작구
20240,노량진역5번출구,126.9400621552,37.5123768448,11590,동작구
20241,상도SH빌아파트상도패리스후문,126.9539708958,37.5026546449,11590,동작구
20242,상도SH빌아파트상도패리스후문,126.9542926452,37.5031415122,11590,동작구
20243,상도3차삼성래미안후문,126.9538226802,37.5010547638,11590,동작구
20244,상도3차삼성래미안후문,126.9535689972,37.5009407383,11590,동작구
20245,상도1동주민센터.상도3차래미안,126.9533571784,37.498406161,11590,동작구
20246,상도1동주민센터.상도3차래미안,126.9532555151,37.4982214146,11590,동작구
20247,노들역앞,126.952211,37.513521,11590,동작구
20248,대방역1번출구앞,126.9274742701,37.5130975089,11590,동작구
20249,대방역.여의교앞,126.92733,37.514757,11590,동작구
20250,노들역4번출구앞,126.9533594381,37.5124572784,11590,동작구
20251,동작실버센터입구.용양봉저정,126.956610643,37.5131208822,11590,동작구
20252,사당동대아신협앞,126.9762903614,37.4833774271,11590,동작구
20253,사당역9번출구앞,126.9813958895,37.47739263,11590,동작구
20254,사당롯데캐슬골든포레.사당해그린,126.9630718231,37.4924365852,11590,동작구
20494,사당솔밭도서관,126.9670560347,37.4840171336,11590,동작구
20495,효주파크빌,126.926694,37.50279,11590,동작구
20496,남성초등학교입구,126.9769232473,37.4837563501,11590,동작구
20498,정금마을,126.9813618064,37.4937773108,11590,동작구
20499,이수힐스테이트.이수푸르지오,126.979752481,37.4940582217,11590,동작구
20500,사당역10번출구,126.9815810731,37.4786874149,11590,동작구
20501,현대2차아파트후문,126.9320347501,37.5107012975,11590,동작구
20502,극동상가,126.9740958456,37.491687286,11590,동작구
20503,삼성래미안.롯데캐슬,126.9711491739,37.4896270276,11590,동작구
20504,자이아파트정문앞,126.9627803005,37.4891368419,11590,동작구
20505,달마사.흑석어린이집,126.960569,37.500332,11590,동작구
20507,사자암,126.9363189798,37.4937689308,11590,동작구
20508,노들역.노량진교회,126.954619,37.512451,11590,동작구
20509,대림현대아파트.사당3동주민센터,126.9724840951,37.4861568443,11590,동작구
20510,행복유치원,126.9408148527,37.4961628916,11590,동작구
20511,이수역,126.9806261973,37.4850014413,11590,동작구
21321,대학동노인정,126.93757,37.46735,11620,관악구
20512,보라매공원정문,126.9185784927,37.4946211032,11590,동작구
20513,신대방삼거리역,126.9281819736,37.4999673048,11590,동작구
20515,현대2차아파트후문,126.932111,37.511078,11590,동작구
20516,극동아파트110동,126.9746719153,37.4903636891,11590,동작구
20517,극동아파트110동,126.9741210149,37.4908474626,11590,동작구
20518,대림아파트후문.래미안로이파크,126.9721846371,37.4886519328,11590,동작구
20519,자이아파트상가앞,126.963155966,37.4886828031,11590,동작구
20520,삼성래미안아파트,126.95927,37.497718,11590,동작구
20521,상도4동성문교회.상도어울마당,126.940108,37.499156,11590,동작구
20522,당곡중.고등학교,126.9353994727,37.493045235,11590,동작구
20524,대림프라자,126.9738757634,37.4839260244,11590,동작구
20526,롯데캐슬,126.9712716065,37.4898234441,11590,동작구
20527,보라매공원역1번출구,126.9180850756,37.4960060597,11590,동작구
20528,강현중학교,126.9278709369,37.5020677375,11590,동작구
20529,구중앙슈퍼앞,126.935503992,37.4946119215,11590,동작구
20530,흑석자이.유앤미아파트,126.9604578422,37.5007063168,11590,동작구
20531,우리교회,126.9317185301,37.4977604263,11590,동작구
20532,극동아파트112동,126.9763424207,37.4885987803,11590,동작구
20533,삼일공원,126.9738555209,37.4868510064,11590,동작구
20534,사당종합체육관,126.9696348409,37.4925240349,11590,동작구
20535,숭실대후문,126.9610345638,37.4950952786,11590,동작구
20536,더크는킨더어린이집,126.9406672593,37.4996265622,11590,동작구
20537,갑을명가아파트,126.9345740345,37.4936940869,11590,동작구
20539,사당시장,126.9751266748,37.4830900688,11590,동작구
20540,롯데캐슬비엔,126.9430908619,37.4968433468,11590,동작구
20541,삼거리,126.9683026096,37.4855998149,11590,동작구
20542,대방어린이도서관,126.925483,37.503123,11590,동작구
20543,성심슈퍼,126.9344155696,37.4951429733,11590,동작구
20544,흑석자이.흑석한강센트레빌2차,126.960429,37.50209,11590,동작구
20545,롯데캐슬샤인,126.9714963842,37.4909223103,11590,동작구
20546,남성초등학교.사당청소년센터,126.974840744,37.4860104896,11590,동작구
20547,신남성초교후문,126.9645998909,37.4890283675,11590,동작구
20549,현대아이파크,126.9416027519,37.5008885718,11590,동작구
20550,영은교회,126.9340950389,37.4943957803,11590,동작구
20552,이수시너스.이수역7번출구,126.9818671422,37.4839100097,11590,동작구
20554,갑을명가,126.9667508946,37.4825754825,11590,동작구
20555,성남중고,126.925278,37.504676,11590,동작구
20556,청운종합복지관,126.933440322,37.4955668475,11590,동작구
20557,은로초등학교,126.9609201815,37.5032630745,11590,동작구
20558,롯데캐슬샤인,126.9712023203,37.491095683,11590,동작구
20559,동작삼일수영장,126.9747984396,37.4873936762,11590,동작구
20560,삼거리우편물취급소,126.9770554226,37.4841645764,11590,동작구
20561,사당인정아파트,126.9649635841,37.4899710309,11590,동작구
20564,선재유통,126.9328021506,37.4946581742,11590,동작구
20565,중앙대병원,126.9607327929,37.507689887,11590,동작구
20567,밤골터널.상도역롯데캐슬파크엘,126.9460153285,37.5018651497,11590,동작구
20568,동작고교,126.9664294375,37.4818218649,11590,동작구
20569,대림아파트후문.성남중.고교,126.9248146272,37.505674745,11590,동작구
20570,구동사무소,126.9324298965,37.4961096391,11590,동작구
20571,중대부속초등학교,126.9610502124,37.5053724551,11590,동작구
20573,국사봉중학교,126.9437280828,37.4931806671,11590,동작구
20574,장승배기역4번출구,126.9377214725,37.5044810859,11590,동작구
20575,빙수골공영주차장,126.932158087,37.4952795673,11590,동작구
20577,상도역1번출구,126.9472102115,37.5027474813,11590,동작구
20578,이수역,126.9799858332,37.4845151722,11590,동작구
20579,동작상떼빌앞,126.9080420892,37.4877057013,11590,동작구
20580,대방동주민센터,126.9261670483,37.5081772155,11590,동작구
20581,빙수골마을공원,126.9321116975,37.4965518983,11590,동작구
20582,중앙대병원후문.흑석시장,126.961766,37.506984,11590,동작구
20584,방범초소,126.9437420438,37.4941682832,11590,동작구
20585,주택가,126.936377,37.505774,11590,동작구
20586,백경세탁소,126.930834755,37.4966448723,11590,동작구
20587,중앙대중문,126.95728804,37.5067385205,11590,동작구
20588,중대후문입구,126.9501363221,37.5043455055,11590,동작구
20589,신대방1동주민센터,126.9095785564,37.487040971,11590,동작구
20590,주공아파트.남도학숙,126.9289889124,37.5087023253,11590,동작구
20591,상도3동주민센터,126.9312735142,37.4991727218,11590,동작구
20593,삼성래미안.동작청소년센터,126.9345388097,37.5056368127,11590,동작구
20594,하손초장교회,126.9300612128,37.4978176529,11590,동작구
20595,중앙대후문,126.953461,37.505045,11590,동작구
20596,이화약국,126.950537456,37.5049512146,11590,동작구
20598,숭의여중.고교,126.9299522538,37.5079144369,11590,동작구
20599,현대한의원,126.9325619694,37.5001592705,11590,동작구
20600,사당문화복지관,126.9695707031,37.4853423386,11590,동작구
20601,상도클라베뉴107동,126.938514,37.497246,11590,동작구
20602,성대골쉼터,126.936831,37.497599,11590,동작구
20603,안일약국,126.934694,37.497861,11590,동작구
20604,연세동작병원,126.933543,37.498989,11590,동작구
20605,성대약국,126.93257,37.499918,11590,동작구
20606,흑석역.흑석동빗물펌프장,126.963333,37.508223,11590,동작구
20607,흑석한강센트레빌1차,126.96642,37.506117,11590,동작구
20608,흑석고등학교.큰별어린이집,126.965236,37.504295,11590,동작구
20609,흑석고등학교.푸르지오상가,126.964981,37.503542,11590,동작구
20610,청호아파트후문,126.96426,37.5019,11590,동작구
20611,청호아파트정문,126.9636185783,37.5008556752,11590,동작구
20612,서달산약수터,126.962006,37.500002,11590,동작구
20613,보문사,126.938864,37.496533,11590,동작구
20614,보라매삼성쉐르빌,126.922875,37.491655,11590,동작구
20659,효사정앞,126.9607410136,37.5114312617,11590,동작구
20660,효사정앞,126.9626136909,37.5103036908,11590,동작구
20673,사회복지관앞,126.9330780951,37.506067189,11590,동작구
20674,7호선신대방삼거리역2번출구.국민은행,126.928418089,37.4989658209,11590,동작구
20675,대림프라자,126.9743794236,37.4838072598,11590,동작구
20676,상도은빛어르신복지관.터널경로당,126.9512512508,37.5065716922,11590,동작구
20681,동광교회,126.9344857415,37.5015543584,11590,동작구
20682,남성역.남성역골목시장,126.9722197399,37.4841806903,11590,동작구
20684,대방목욕탕,126.9323905778,37.5071048664,11590,동작구
20686,건영아파트,126.9515987872,37.5078829377,11590,동작구
20694,갯마을,126.9825370124,37.4962336425,11590,동작구
20695,현대아파트,126.9320467559,37.512052615,11590,동작구
20697,경문고등학교,126.9824479616,37.4901811137,11590,동작구
20698,삼거리우편물취급소,126.9772691231,37.4842177829,11590,동작구
20699,밤골.상도역롯데캐슬파크엘,126.9455943644,37.5021520208,11590,동작구
20700,남부교회,126.9322870912,37.5089709879,11590,동작구
20701,정금마을,126.9825628967,37.4943392794,11590,동작구
20702,동작고등학교,126.9664442487,37.4815722629,11590,동작구
20703,KT동작지사,126.9344730609,37.5121801399,11590,동작구
20704,동작구청.장승배기역2번출구,126.9389672411,37.5039320639,11590,동작구
20705,총신대역,126.9820415707,37.487347383,11590,동작구
20706,남성초등학교.사당청소년센터,126.9749763981,37.4861375742,11590,동작구
20725,동원베네스트,126.9451749249,37.5034539195,11590,동작구
20726,신동아정문,126.9512523172,37.5101499659,11590,동작구
20727,사당솔밭도서관,126.9670879553,37.4834269187,11590,동작구
20728,해태타워앞,126.9246607439,37.4910939039,11590,동작구
20729,경성의원.새마을금고앞,126.935954556,37.5126188873,11590,동작구
20730,상도2동주민센터,126.9417827452,37.5050526535,11590,동작구
20731,상도은빛어르신복지관,126.9505398317,37.5063885967,11590,동작구
20732,삼일공원,126.9740160547,37.4869726909,11590,동작구
20740,부강탕,126.9459908973,37.5043671116,11590,동작구
20741,대방역1번출구,126.9274282269,37.5130699136,11590,동작구
20745,극동아파트앞,126.951363704,37.5110727392,11590,동작구
20746,이수역,126.9820869839,37.4865725229,11590,동작구
20747,삼거리,126.9684496405,37.4855349747,11590,동작구
20748,전문건설회관.보라매병원,126.9249580304,37.4923592428,11590,동작구
20751,대림아파트후문.래미안로이파크,126.9725906795,37.4884618946,11590,동작구
20756,상도브라운스톤,126.9438049608,37.505286117,11590,동작구
20782,흑석동,126.9654484836,37.5076760417,11590,동작구
20783,흑석역.명수현대아파트,126.965093411,37.5074560685,11590,동작구
20787,노들역5번출구,126.9521592788,37.5122904513,11590,동작구
20789,상도노빌리티,126.9466710231,37.5051800181,11590,동작구
20790,상도역.하나은행,126.9473327434,37.5038198475,11590,동작구
20791,봉천고개.관악현대아파트,126.9566324017,37.4921183007,11590,동작구
20792,동작삼일수영장,126.9747872044,37.4871765076,11590,동작구
20794,동작고교.사당5동주민센터,126.9675296545,37.4852068927,11590,동작구
20799,건영아파트,126.9480050422,37.5069702375,11590,동작구
20801,우성201동.극동112동,126.9759330153,37.4881461014,11590,동작구
20802,삼호.오네뜨아파트,126.9656301015,37.4865452277,11590,동작구
20803,동작구건강관리청(동작구보건소),126.9415426118,37.5054913714,11590,동작구
20804,남부교회,126.9320719695,37.5091952385,11590,동작구
20805,도시가스.두산아파트,126.9447020905,37.505053155,11590,동작구
20806,핸드픽트호텔,126.9334329321,37.501295738,11590,동작구
20807,핸드픽트호텔,126.9335301509,37.5016110077,11590,동작구
20808,7호선신대방삼거리역4번출구,126.9267443461,37.4998232995,11590,동작구
20809,우성아파트,126.947083,37.508454,11590,동작구
20810,숭실대입구역2번출구,126.9535564495,37.4961965212,11590,동작구
20811,시장입구,126.977157838,37.4894721027,11590,동작구
20812,신남성초교입구,126.9645031705,37.4879028591,11590,동작구
20813,새소망교회,126.9420033988,37.5063972057,11590,동작구
20814,대방목욕탕,126.932239,37.507519,11590,동작구
20815,본동초등학교,126.9535550176,37.5107266973,11590,동작구
20818,코오롱하늘채아파트,126.9240090902,37.4991700746,11590,동작구
20819,강남교회.오거리,126.9449289949,37.5102778468,11590,동작구
20820,봉천고개.현대아파트,126.9562362162,37.4919019936,11590,동작구
20822,신동아아파트,126.9765786726,37.4900072452,11590,동작구
20823,LG아파트상가,126.963560848,37.4886009282,11590,동작구
20824,신동아아파트701동앞,126.9432253093,37.5074809233,11590,동작구
20825,사회복지관앞,126.933568,37.505716,11590,동작구
20829,테니스장.우성아파트304동,126.9759361455,37.4906189658,11590,동작구
20830,자이아파트정문앞,126.9628435447,37.4893053683,11590,동작구
20832,신동아관리사무소.영어마루도서관,126.9440017764,37.5083076038,11590,동작구
20833,삼성래미안.동작청소년센터,126.9348170675,37.5055356102,11590,동작구
20834,대방역2번출구앞,126.9275880089,37.5127789562,11590,동작구
20836,경성의원.새마을금고앞,126.9359804244,37.5127937149,11590,동작구
20837,노량진역,126.941453612,37.5137237868,11590,동작구
20839,신동아상가,126.9463253599,37.5079978025,11590,동작구
20840,주택가,126.9364798085,37.5055040763,11590,동작구
20842,예스플러스,126.9224942472,37.5039638554,11590,동작구
20843,KT동작전화국,126.9345611292,37.5123694199,11590,동작구
20844,노량진역5번출구,126.940088794,37.5130148375,11590,동작구
20845,숭실대후문,126.9611601225,37.4950484626,11590,동작구
20846,건영아파트,126.9476598101,37.5073665272,11590,동작구
20847,장승배기역4번출구,126.9375688275,37.5044197304,11590,동작구
20848,테니스장앞,126.9593670537,37.4981116101,11590,동작구
20850,숭의여중고교.공군항공안전단,126.9296959851,37.5073826349,11590,동작구
20851,동작구청.장승배기역5번출구,126.938975342,37.5050962917,11590,동작구
20854,명창빌딩,126.936506677,37.504496659,11590,동작구
20855,더크는킨더어린이집,126.9406660106,37.4997752435,11590,동작구
20856,본동시장,126.9519737943,37.5122399144,11590,동작구
20857,성원아파트,126.925418897,37.508821774,11590,동작구
20858,상도4동성문교회.상도어울마당,126.9399946942,37.4991450337,11590,동작구
20859,극동아파트,126.9512098387,37.511110522,11590,동작구
20861,대방동주민센터,126.9261640144,37.5083866972,11590,동작구
20862,쌍용아파트,126.93298603,37.5015039566,11590,동작구
20864,삼성래미안아파트,126.9510847768,37.5103454356,11590,동작구
20865,대림아파트후문.성남중.고교,126.9249920186,37.5058658913,11590,동작구
20866,성대시장,126.9322988293,37.5000808511,11590,동작구
20867,노량진역,126.9432478962,37.5135038929,11590,동작구
20868,강현중학교.동작청소년센터,126.9345122587,37.5030004211,11590,동작구
20869,한신아파트,126.95125889,37.5087397453,11590,동작구
20870,대방교회,126.9230394173,37.5039714206,11590,동작구
20871,김한욱치과의원.대륙서점,126.9333826454,37.4989754823,11590,동작구
20872,건영아파트후문,126.9515026905,37.5078063047,11590,동작구
20873,대방동주택가.홈타운아파트,126.9241422416,37.5039451009,11590,동작구
20874,강남교회.오거리,126.9447876219,37.5102462423,11590,동작구
20875,상도은빛어르신복지관.터널경로당,126.950953788,37.5065409316,11590,동작구
20876,강남중학교앞,126.924153,37.502975,11590,동작구
20877,사거리,126.9367943174,37.496036362,11590,동작구
20878,우성아파트,126.946766,37.508537,11590,동작구
20880,범한택시,126.9240183662,37.500061271,11590,동작구
20881,제일성민교회,126.9371965528,37.4954606322,11590,동작구
20882,신동아리버파크,126.9477107912,37.5066765081,11590,동작구
20883,안일약국,126.934555783,37.4977616565,11590,동작구
20884,상도역2번출구,126.9470766344,37.5029069167,11590,동작구
20885,달마사,126.9606900215,37.4995357728,11590,동작구
20886,동작하이슈퍼,126.9365045428,37.4950179926,11590,동작구
20887,상도노빌리티,126.9466416761,37.5053838502,11590,동작구
20888,밤골.상도역롯데캐슬파크엘,126.9459219623,37.5019552075,11590,동작구
20890,상도역5번출구,126.9489458159,37.5035799614,11590,동작구
20891,약수맨션.약수당약국,126.9435185194,37.4982526063,11590,동작구
20892,현진빌라.고마트,126.9430023671,37.4972109542,11590,동작구
20893,중앙대후문,126.954026,37.505124,11590,동작구
20894,건영아파트,126.9476344677,37.5074478171,11590,동작구
20896,중앙대중문,126.9573559193,37.5064893501,11590,동작구
20897,신동아상가,126.9460741526,37.50813015,11590,동작구
20898,중앙대정문,126.958223341,37.5067437707,11590,동작구
20899,신동아관리사무소.영어마루도서관,126.9445445828,37.5084979923,11590,동작구
20901,중앙대병원,126.9613764833,37.5075405164,11590,동작구
20902,신동아아파트701동앞,126.9429719204,37.5075024276,11590,동작구
20903,보라매어린이집.문창중학교,126.9231862171,37.4977191463,11590,동작구
20904,중앙대병원후문.흑석시장,126.9612695829,37.5064627639,11590,동작구
20906,새소망교회,126.9415658051,37.5062095609,11590,동작구
20907,동작우체국,126.9245070504,37.4977295307,11590,동작구
20908,중앙대부속초등학교.롯데캐슬에듀포레,126.9607856633,37.5049212013,11590,동작구
20909,신대방삼거리역.성대시장,126.9279311823,37.4982254734,11590,동작구
20910,은로초등학교,126.9607814881,37.5032573835,11590,동작구
20911,신대방1동경남아파트,126.9075610052,37.489931954,11590,동작구
20912,흑석한강센트레빌2차.흑석자이,126.9603298144,37.5022199637,11590,동작구
20913,부강탕,126.9459783256,37.5045473263,11590,동작구
20914,유앤미아파트,126.9601325904,37.5009247014,11590,동작구
20915,동원베네스트,126.9447645304,37.5032059252,11590,동작구
20916,보라매병원.전문건설회관,126.923833,37.492988,11590,동작구
20917,동양아파트.달마사,126.9598585367,37.4995634362,11590,동작구
20918,밤골.상도역롯데캐슬파크엘,126.9455074093,37.5019654526,11590,동작구
20921,신대방역,126.9130146621,37.4874991805,11590,동작구
20922,빌라삼거리.영도교회.약수터,126.9436054409,37.4953540701,11590,동작구
20923,신대방1동주민센터,126.9097457115,37.4872123087,11590,동작구
20924,방범초소,126.9435828924,37.4944263836,11590,동작구
20925,신대방현대아파트,126.9116914272,37.4951584458,11590,동작구
20926,국사봉중학교,126.9435729947,37.4933842425,11590,동작구
20927,신대방우성아파트앞,126.9103818246,37.4933430025,11590,동작구
20928,교수아파트,126.913422836,37.496296383,11590,동작구
20929,보라매공원역2번출구,126.9177800417,37.4960713855,11590,동작구
20930,보라매공원정문,126.9182419159,37.4947672843,11590,동작구
20931,삼일초등학교앞,126.9756632895,37.4881057301,11590,동작구
20932,상도초등학교,126.9360217143,37.5028527874,11590,동작구
20933,신동아상가,126.9514070573,37.5087596306,11590,동작구
20934,현대아파트,126.9319173232,37.5123455625,11590,동작구
20935,서달산약수터,126.9620217296,37.4998489184,11590,동작구
20936,신대방역,126.9130382377,37.4866047302,11620,관악구
20937,신대방역,126.9129713295,37.486768682,11620,관악구
20938,장성교회,126.9399010423,37.50743942,11590,동작구
20939,숭의여중고교.공군항공안전단,126.9301467298,37.5079992556,11590,동작구
20940,대방동주공아파트,126.9288799898,37.5090527881,11590,동작구
20941,노량진신한은행,126.9441708438,37.5121553851,11590,동작구
20942,노량진한국법학교육원,126.9443313266,37.512353703,11590,동작구
20943,7호선신대방삼거리역2번출구.국민은행,126.9285171719,37.4988284774,11590,동작구
20944,하손초장교회,126.9300251189,37.4977131036,11590,동작구
20945,백경세탁소,126.9307149228,37.4965907359,11590,동작구
20946,빙수골공영주차장,126.9320110465,37.4952993071,11590,동작구
20947,선재유통,126.9327547444,37.4945545203,11590,동작구
20948,영은교회,126.9339921386,37.494379503,11590,동작구
20949,갑을명가아파트,126.9344802493,37.4936012213,11590,동작구
20950,당곡중.고등학교,126.9355630875,37.4929175466,11590,동작구
20951,사자암,126.936414,37.493762,11590,동작구
20952,동작하이슈퍼,126.9367296655,37.4949180583,11590,동작구
20953,제일성민교회,126.9374010926,37.495337429,11590,동작구
20954,보문사,126.938645622,37.4961202394,11590,동작구
20955,동아아파트,126.9401630759,37.4964310253,11590,동작구
20956,행복유치원,126.9412493715,37.4957521106,11590,동작구
20959,사당1동주민센터입구,126.9787425623,37.484087397,11590,동작구
20960,노들역5번출구앞,126.9525311749,37.5125403512,11590,동작구
20966,청호아파트,126.9637881997,37.5007517363,11590,동작구
20967,푸르지오후문,126.9643336036,37.5015927889,11590,동작구
20968,푸르지오상가,126.9650367495,37.5034197881,11590,동작구
20969,흑석한강푸르지오,126.9653558384,37.5042938575,11590,동작구
20970,흑석동주민센터,126.9664605238,37.5058669213,11590,동작구
20971,대방중학교,126.9144839499,37.4954921867,11590,동작구
20972,상도감리교회.보건소,126.9413118652,37.5054948614,11590,동작구
20973,수도여고.남부수도사업소,126.9152513015,37.4935547507,11590,동작구
20974,동작구민체육센터.기상청,126.9172420906,37.4942400994,11590,동작구
20975,동작구민체육센터.기상청,126.9171796976,37.4944139686,11590,동작구
20976,수도여고.남부수도사업소,126.9148815723,37.4938774194,11590,동작구
20977,대방중학교,126.9145761544,37.495531285,11590,동작구
20978,정금마을,126.9811660051,37.4939326631,11590,동작구
20979,경동아파트,126.9537175431,37.5094841427,11590,동작구
20980,동양중학교,126.9548036777,37.5091142107,11590,동작구
20981,극락정사,126.9518056786,37.5080479239,11590,동작구
20983,흑석역,126.9623026038,37.5092011475,11590,동작구
20984,중앙대병원,126.9603641787,37.5074356533,11590,동작구
20985,상도역1번출구,126.9478369293,37.5025855614,11590,동작구
20986,봉천고개.관악현대아파트,126.956601184,37.4913451421,11620,관악구
20988,상도3동주민센터,126.9298933823,37.4995035166,11590,동작구
20989,양녕청년주택,126.936166566,37.4966794533,11590,동작구
20990,두산위브아파트,126.9708754546,37.484877791,11590,동작구
20992,보라매역.동작세무서,126.9201906523,37.4992308508,11560,영등포구
20994,노량진수산시장,126.940809,37.51575,11590,동작구
20995,보라매역.동작세무서,126.920229403,37.4979925451,11590,동작구
20997,신남성초교입구,126.9645405795,37.4877091329,11590,동작구
20998,삼호.오네뜨아파트,126.9653451099,37.4866037163,11590,동작구
20999,사당5동주민센터,126.9674932038,37.4850737353,11590,동작구
21001,구로디지털단지역,126.9024471276,37.4839345974,11620,관악구
21002,구로디지털단지역,126.9024669147,37.4839770128,11620,관악구
21027,사당자동차학원,126.983217,37.471427,11620,관악구
21028,사당역,126.9817223705,37.4748233089,11620,관악구
21101,서울미술고.인헌중고,126.9655544411,37.4764663412,11620,관악구
21102,낙성대입구,126.9618756708,37.4779096847,11620,관악구
21103,행운동주민센터,126.9568690307,37.4798444396,11620,관악구
21104,서울대입구역5번출구,126.951014176,37.4816281486,11620,관악구
21105,KT관악지점,126.9471913134,37.4820390166,11620,관악구
21106,봉천역.관악초등학교,126.9431518504,37.4824403435,11620,관악구
21107,KT&G관악지점,126.9373129096,37.4844754738,11620,관악구
21108,신림사거리.신림역,126.9278542438,37.4841492836,11620,관악구
21109,남부초등학교,126.922044754,37.4834020208,11620,관악구
21110,호림박물관,126.9183765847,37.4827231582,11620,관악구
21111,난곡입구,126.915722964,37.4822370031,11620,관악구
21112,관악구보훈회관.신림푸르지오,126.9112396639,37.481361666,11620,관악구
21113,천주교성령봉사회관.등불교회,126.9079578883,37.4807554146,11620,관악구
21114,KT구로지사,126.9049986272,37.4802646679,11620,관악구
21115,난곡입구,126.9161388018,37.4819399662,11620,관악구
21116,남서울중학교.성보중고등학교,126.9210108639,37.4828195546,11620,관악구
21117,신림사거리.신림역,126.9280626243,37.483817804,11620,관악구
21118,KT&G관악지점,126.936125,37.484533,11620,관악구
21119,봉천역.관악초등학교,126.9431153969,37.4820551447,11620,관악구
21120,KT관악지점,126.9484610699,37.4814828857,11620,관악구
21121,서울대입구역1번출구.샤로수길,126.9545837877,37.4803684653,11620,관악구
21122,낙성대동,126.9573911237,37.4792747849,11620,관악구
21123,낙성대입구,126.9608874889,37.4778444821,11620,관악구
21124,인헌중고.서울미술고,126.9666239506,37.4756534429,11620,관악구
21125,예술인마을.사당초등학교,126.9738846758,37.4759368363,11620,관악구
21126,남서울농협남현동지점,126.9773008972,37.476370961,11620,관악구
21127,서울대학교,126.9479522861,37.4667414611,11620,관악구
21128,서울대학교,126.9488427043,37.4668539107,11620,관악구
21129,서울여상.서울문영여중고앞,126.9533001437,37.4731604796,11620,관악구
21130,관악구청,126.9524977507,37.4779819797,11620,관악구
21131,봉천사거리.봉천중앙시장,126.9542258337,37.4828873794,11620,관악구
21132,봉원중학교.행운동우성아파트,126.9559128703,37.4849010896,11620,관악구
21133,관악푸르지오아파트,126.9581660971,37.4877034434,11620,관악구
21136,성현동동아아파트,126.957732596,37.488401645,11620,관악구
21137,봉원중학교.행운동우성아파트,126.955335791,37.4848580279,11620,관악구
21138,봉천사거리.봉천중앙시장,126.9538387042,37.4831545464,11620,관악구
21139,관악구청,126.9521875661,37.4793471271,11620,관악구
21140,관악경찰서.관악소방서,126.952572,37.475253,11620,관악구
21141,서울여상.서울문영여중고앞,126.952845,37.473002,11620,관악구
21142,신림중.삼성고.관악아트홀?도서관,126.944412,37.470352,11620,관악구
21143,서울산업정보학교.삼성교,126.941124806,37.4710142867,11620,관악구
21144,신성초등학교,126.9374233711,37.4710779706,11620,관악구
21145,서울대벤처타운역1번출구,126.933686278,37.473206969,11620,관악구
21146,쑥고개입구,126.9374950813,37.4761917072,11620,관악구
21147,서원역1번출구.신관중학교,126.9323856945,37.4786498144,11620,관악구
21148,신림사거리,126.9300715056,37.4819257882,11620,관악구
21149,신림동별빛거리입구,126.9296319572,37.4858478867,11620,관악구
21150,당곡역.보라매공원.보라매병원,126.9276205633,37.4904418111,11620,관악구
21151,당곡역2번출구.롯데백화점관악점,126.9274852912,37.4900092446,11620,관악구
21152,신림동별빛거리입구,126.929060426,37.4864151799,11620,관악구
21153,신림사거리,126.9296377666,37.482767098,11620,관악구
21154,서원역,126.9327230039,37.4779185578,11620,관악구
21155,서림동주민센터.신화단지,126.9363417324,37.4755291616,11620,관악구
21156,서울대벤처타운역.삼성동시장,126.9329597367,37.4727127526,11620,관악구
21157,대학동고시촌입구,126.938381,37.470538,11620,관악구
21158,서울산업정보학교.삼성교,126.9420276971,37.470573816,11620,관악구
21159,관악산입구.관악아트홀?중앙도서관,126.9468707158,37.4677578665,11620,관악구
21160,당곡역.당곡사거리.롯데백화점,126.9270746638,37.4910041432,11620,관악구
21161,사당역4번출구,126.9813590372,37.4755408508,11620,관악구
21162,남현동홈플러스앞,126.98253,37.472373,11620,관악구
21163,남태령역,126.987784,37.46557,11620,관악구
21164,낙성대입구,126.9579938257,37.4782931407,11620,관악구
21165,삼성동주민센터,126.9330211856,37.4700056074,11620,관악구
21166,미림고개,126.9319828921,37.4681128919,11620,관악구
21167,미림여고.미림마이스터고등학교,126.931333,37.465641,11620,관악구
21168,신우초등학교,126.93169,37.462487,11620,관악구
21169,삼성산성지,126.929865,37.458825,11620,관악구
21170,산장아파트,126.927725,37.459955,11620,관악구
21171,삼성산주공아파트,126.925109,37.461345,11620,관악구
21172,산복터널.관악산휴먼시아2단지,126.922015,37.458697,11620,관악구
21173,산복터널.관악산휴먼시아2단지,126.9225758449,37.4590812203,11620,관악구
21174,삼성산주공아파트,126.9250910137,37.4611062672,11620,관악구
21175,산장아파트,126.9275003475,37.4597961436,11620,관악구
21176,삼성산성지,126.9298863649,37.4586127523,11620,관악구
21177,신우초등학교,126.9319560545,37.4624107186,11620,관악구
21178,미림여고.미림마이스터고등학교,126.9316212418,37.4651129483,11620,관악구
21179,미림고개.고시촌입구,126.9320992763,37.4677922169,11620,관악구
21180,서울대벤처타운역,126.9335914518,37.4706929498,11620,관악구
21181,쑥고개,126.9403975075,37.478535389,11620,관악구
21182,e편한세상서울대입구아파트,126.9428290096,37.4795321814,11620,관악구
21183,영락고교.영락의료과학고,126.9456223075,37.4792126295,11620,관악구
21184,생모리츠타운,126.947758707,37.479050171,11620,관악구
21185,관악구청,126.9507973533,37.4787271125,11620,관악구
21186,생모리츠타운,126.9476681239,37.4792461009,11620,관악구
21187,영락고교.영락의료과학고,126.9456413962,37.4793964639,11620,관악구
21188,e편한세상서울대입구아파트,126.9429334382,37.4797304539,11620,관악구
21189,쑥고개,126.94012124,37.4786269166,11620,관악구
21190,은천교,126.9358192432,37.4862741791,11620,관악구
21191,봉일시장,126.9387053001,37.4861847891,11620,관악구
21192,은천초등학교,126.9424344854,37.486084336,11620,관악구
21193,두산.벽산아파트.서울관광고등학교,126.945256088,37.4867862492,11620,관악구
21194,현대시장앞,126.947932,37.486735,11620,관악구
21195,관악동부센트레빌아파트앞,126.951997229,37.4862395065,11620,관악구
21196,중앙동성당앞,126.9546624721,37.4858038301,11620,관악구
21197,중앙동성당앞,126.9551938213,37.4859234164,11620,관악구
21198,관악동부센트레빌아파트앞,126.95130163,37.4864744102,11620,관악구
21200,벽산.두산아파트.서울관광고등학교,126.9451745389,37.4869646301,11620,관악구
21201,은천초등학교,126.942448318,37.4863200172,11620,관악구
21202,봉일시장,126.9389872733,37.4862623399,11620,관악구
21203,은천교,126.9355505303,37.4864887267,11620,관악구
21204,신림청소년독서실.신림체육센터,126.914797,37.480922,11620,관악구
21205,난곡우체국사거리,126.915601446,37.4771890136,11620,관악구
21206,신일교회앞.도깨비시장,126.9167650134,37.4754531432,11620,관악구
21207,세이브마트앞,126.918037,37.47385703,11620,관악구
21208,남강중고등학교입구,126.9195218742,37.4722574159,11620,관악구
21209,우림시장.난곡보건분소,126.9200007204,37.4705471261,11620,관악구
21210,난우중학교입구,126.92054078,37.4666919669,11620,관악구
21211,신림복지관앞,126.9196773902,37.4652824875,11620,관악구
21212,신림복지관앞,126.919495,37.465357,11620,관악구
21213,난우중학교입구,126.920348,37.467392,11620,관악구
21214,우림시장.난곡보건분소,126.9197417798,37.470667112,11620,관악구
21215,남강중고등학교입구,126.9191422392,37.4725557947,11620,관악구
21216,세이브마트앞,126.9174336686,37.4739579362,11620,관악구
21217,신일교회앞.도깨비시장,126.916574,37.475399,11620,관악구
21218,난곡우체국사거리,126.9154305767,37.4769808612,11620,관악구
21219,신림청소년독서실.신림체육센터,126.9146624536,37.480315301,11620,관악구
21220,KT구로지사,126.90539986,37.4812745555,11620,관악구
21221,골목시장앞,126.9053800168,37.4815094057,11620,관악구
21222,조원동주민센터,126.9074141948,37.4834358832,11620,관악구
21223,조원동주민센터,126.9070563124,37.483184422,11620,관악구
21224,신대방역,126.9130032118,37.4865794735,11620,관악구
21225,신대방역,126.9126962022,37.4866700184,11620,관악구
21226,보라매공원입구,126.9174897386,37.4891229048,11620,관악구
21227,보라매공원입구,126.9178010867,37.489435269,11620,관악구
21228,보라매파크뷰아파트,126.9220386039,37.4896486343,11620,관악구
21229,롯데관악점,126.9251647188,37.4897262326,11620,관악구
21230,롯데관악점,126.9257070748,37.4901297758,11620,관악구
21231,당곡역,126.9270622168,37.4892995107,11620,관악구
21232,당곡중학교,126.9305421031,37.488084986,11620,관악구
21233,당곡중학교,126.9319168564,37.487948574,11620,관악구
21236,봉현초등학교,126.9554672808,37.4907157496,11620,관악구
21237,동아아파트105동앞,126.955414395,37.49052765,11620,관악구
21239,관악드림타운115동,126.9527938777,37.490522127,11620,관악구
21240,관악드림타운115동,126.9530108571,37.490144527,11620,관악구
21241,관악드림타운북문,126.951276815,37.491600782,11620,관악구
21242,관악드림타운북문,126.9510801201,37.4915440732,11620,관악구
21243,구암중학교,126.9483401995,37.4924641868,11620,관악구
21244,구암중학교,126.9484647078,37.4922862923,11620,관악구
21245,벽산아파트.적십자남부봉사관,126.946532,37.492953,11620,관악구
21246,벽산아파트.적십자남부봉사관,126.9461601934,37.4930533731,11620,관악구
21247,벽산블루밍벽산아파트303동앞,126.944368715,37.4919397992,11620,관악구
21248,구로디지털단지역,126.9026875907,37.4838240234,11620,관악구
21251,현대시장,126.947836543,37.4868811315,11620,관악구
21252,서울대입구역2번출구,126.9527297656,37.4801109505,11620,관악구
21253,신봉초등학교입구,126.9468251624,37.4841900104,11620,관악구
21254,구암초등학교,126.9461216984,37.4891880904,11620,관악구
21255,은천동벽산블루밍아파트105동,126.9458637343,37.4893681933,11620,관악구
21256,은천동두산아파트3단지,126.9465536842,37.484358827,11620,관악구
21257,봉일시장,126.9372434322,37.4850728694,11620,관악구
21258,봉천역,126.942119674,37.4832362109,11620,관악구
21259,현대시장,126.9465909455,37.4876789537,11620,관악구
21260,현대시장,126.9465203946,37.4874402599,11620,관악구
21261,관악우체국.에이치플러스양지병원,126.933156959,37.4848480554,11620,관악구
21262,관악우체국.에이치플러스양지병원,126.9331482652,37.4844524654,11620,관악구
21263,보라매삼성아파트.모자원고개,126.9273975559,37.4945144044,11620,관악구
21264,조원힐스테이트뉴포레아파트,126.9061605387,37.4835747238,11620,관악구
21265,관악산휴먼시아.신림푸르지오2차,126.919522697,37.460381143,11620,관악구
21266,관악산휴먼시아아파트1단지입구,126.9219633037,37.4609276261,11620,관악구
21267,관악산휴먼시아아파트1단지입구,126.9216300665,37.4609929949,11620,관악구
21268,난향동주민센터,126.919167,37.461001,11620,관악구
21269,서울대정문,126.9483888926,37.4657347092,11620,관악구
21270,법대.사회대입구,126.948992,37.462798,11620,관악구
21271,자연대.행정관입구,126.9488328413,37.4602745925,11620,관악구
21272,농생대,126.9491669695,37.4571629782,11620,관악구
21273,공대입구,126.9498437849,37.4549310083,11620,관악구
21274,신소재,126.9502261839,37.4534963067,11620,관악구
21275,제2공학관,126.9520772668,37.4487952024,11620,관악구
21276,유회진학술정보관.제1공학관,126.952595,37.451283,11620,관악구
21277,유전공학연구소.반도체공동연구소,126.9539020813,37.4540103657,11620,관악구
21278,교수회관입구,126.9553487986,37.4560708573,11620,관악구
21279,관악사삼거리,126.9567262582,37.4607880575,11620,관악구
21280,국제대학원,126.955263,37.46418,11620,관악구
21281,수의대입구.보건대학원앞,126.954632,37.466119,11620,관악구
21282,경영대.행정대학원,126.952053,37.466135,11620,관악구
21283,경영대.행정대학원,126.951012,37.465863,11620,관악구
21284,수의대입구.보건대학원앞,126.954672,37.465773,11620,관악구
21285,국제대학원,126.954927,37.46371,11620,관악구
21286,관악사삼거리,126.95666,37.460528,11620,관악구
21288,공동기기원,126.9544665701,37.4551189492,11620,관악구
21289,유전공학연구소.반도체공동연구소,126.9535516289,37.4537476916,11620,관악구
21290,에너지자원신기술연구소,126.9522141729,37.4535952522,11620,관악구
21292,공대입구,126.949896448,37.4553640041,11620,관악구
21293,농생대,126.9493877458,37.4571128404,11620,관악구
21294,자연대.행정관입구,126.9489559518,37.4599898135,11620,관악구
21297,문화관입구,126.9494503629,37.4614868493,11620,관악구
21298,법대.사회대입구,126.949075,37.46326,11620,관악구
21299,서울대정문,126.9486357857,37.4653754725,11620,관악구
21300,우방아파트,126.919247,37.489233,11620,관악구
21301,은천성결교회,126.9214262581,37.4883272437,11620,관악구
21302,남부초교후문,126.9226406129,37.4867197461,11620,관악구
21303,봉림교,126.9245166934,37.4847770708,11620,관악구
21304,봉림교,126.9246318378,37.4849717829,11620,관악구
21305,남부초교후문,126.9222366697,37.4864491785,11620,관악구
21309,청담고시원,126.9399508583,37.4716612193,11620,관악구
21310,우리슈퍼,126.9393706575,37.4722845735,11620,관악구
21311,명호고시원,126.938860909,37.4733194431,11620,관악구
21312,동작마트,126.938356196,37.4742815521,11620,관악구
21313,제일성도교회,126.9404392562,37.4748334585,11620,관악구
21314,삼양슈퍼,126.9420665874,37.4751039806,11620,관악구
21315,금성마트용천사,126.942807788,37.4750292676,11620,관악구
21316,삼양슈퍼,126.9421136493,37.4749343135,11620,관악구
21317,제일성도교회,126.9404789678,37.4746577628,11620,관악구
21318,동작마트,126.9380334582,37.4749391205,11620,관악구
21319,고시촌입구,126.9376643153,37.4705489387,11620,관악구
21320,대학동치안센터,126.9376455022,37.4690418042,11620,관악구
21322,금호타운아파트,126.9376595486,37.4657396064,11620,관악구
21327,금호타운아파트,126.9378291297,37.4657104128,11620,관악구
21328,대학동노인정,126.9376868773,37.4671591135,11620,관악구
21329,대학동치안센터,126.9377735833,37.4689379452,11620,관악구
21330,서울대입구역3번출구,126.9524440164,37.4807005941,11620,관악구
21332,청림동현대아파트,126.957561,37.491334,11620,관악구
21333,청림동현대아파트,126.959384,37.491948,11620,관악구
21335,보성운수기종점,126.9190213265,37.4641267565,11620,관악구
21337,난곡공영차고지,126.918963,37.463938,11620,관악구
21340,제2공학관,126.9521425546,37.4480848677,11620,관악구
21341,건설환경종합연구소앞,126.9496963827,37.4472002497,11620,관악구
21342,봉일시장,126.9372877479,37.4855325313,11620,관악구
21343,보라매공영주차장,126.9342323482,37.4887044852,11620,관악구
21344,당곡중고교,126.9340425015,37.4911229426,11620,관악구
21345,연희빌라,126.9338080186,37.4925826472,11620,관악구
21346,재넘이고개,126.9353672862,37.4928281646,11590,동작구
21347,연희빌라,126.9337389141,37.4925289803,11620,관악구
21348,당곡중고교,126.9339322377,37.4911375856,11620,관악구
21349,보라매공영주차장,126.9341339458,37.4887260569,11620,관악구
21350,신림사거리.신림역,126.9282759755,37.4841991011,11620,관악구
21351,신사동주민센터.신사시장,126.917282,37.485534,11620,관악구
21352,건영유치원,126.9145919609,37.4850495896,11620,관악구
21353,신대방역,126.9136841115,37.4864484117,11620,관악구
21354,난곡사거리,126.914462,37.483037,11620,관악구
21355,난곡사거리,126.9142384082,37.4827675299,11620,관악구
21356,신대방역,126.9134840538,37.4863653637,11620,관악구
21357,신사시장.평화교회,126.9138803062,37.4844679227,11620,관악구
21358,신사시장.선한이웃교회,126.9140379945,37.4845275146,11620,관악구
21359,신림청소년독서실.신림체육센터,126.9148713746,37.4804433853,11620,관악구
21360,신사동진양빌딩앞,126.9146115645,37.4876940621,11620,관악구
21361,호림박물관,126.918618871,37.4823672056,11620,관악구
21363,보성운수차고지맞은편,126.9192632133,37.4646708176,11620,관악구
21364,조원아파트,126.90782,37.484088,11620,관악구
21365,성원홈아파트,126.9344142103,37.4902310566,11620,관악구
21366,성원홈아파트,126.9343000164,37.4902039601,11620,관악구
21367,신림빗물펌프장,126.9084,37.484979,11620,관악구
21368,봉천사거리.위버폴리스,126.9535723145,37.4827934095,11620,관악구
21369,서원동승리교앞,126.9299073023,37.4815862804,11620,관악구
21370,서울난향초등학교.난향동주민센터,126.9188888522,37.4627367836,11620,관악구
21371,은천길입구,126.9336112524,37.4866475818,11620,관악구
21372,대학동샘말공원,126.9383464994,37.4651382749,11620,관악구
21373,서울대학교.치과병원.동물병원,126.9520815656,37.4692744185,11620,관악구
21374,서울대학교.치과병원.동물병원,126.951937,37.470034,11620,관악구
21375,신림2교,126.93678,37.477526,11620,관악구
21376,서울대학교,126.9496319032,37.4676609636,11620,관악구
21377,신림역2번출구,126.929897162,37.4833220413,11620,관악구
21378,벽산블루밍아파트종점,126.944636,37.492105,11620,관악구
21379,청림동현대아파트입구,126.957413445,37.4910748741,11620,관악구
21501,아카시아마을.민방위교육장,126.9110629666,37.4720765376,11620,관악구
21502,난향동공영차고지,126.9189072689,37.4634784081,11620,관악구
21503,청림동푸르지오아파트121동앞,126.9606640782,37.4855867055,11620,관악구
21504,보명사.법화사,126.9248318555,37.4760734942,11620,관악구
21505,현대아파트후문,126.9304689235,37.4752551368,11620,관악구
21506,GS편의점.소망유통,126.9686576958,37.4693187251,11620,관악구
21507,국사봉,126.941744,37.491065,11620,관악구
21508,봉천역,126.9409009883,37.4835902775,11620,관악구
21509,뉴서울아파트,126.9111256421,37.4714170168,11620,관악구
21511,푸르지오122동,126.9596641783,37.4860981959,11620,관악구
21512,승산밝은빛교회.구무림비디오,126.9242273045,37.4757279844,11620,관악구
21513,코사마트,126.9302023262,37.4762191632,11620,관악구
21514,인수당약국,126.9681361509,37.4701674287,11620,관악구
21515,벽산아파트후문.만물슈퍼,126.9418503621,37.4907882284,11620,관악구
21517,신협,126.9465737839,37.4831950485,11620,관악구
21518,쌍용아파트후문,126.9117541837,37.4726771928,11620,관악구
21520,관악로입구,126.9580220655,37.4864265271,11620,관악구
21521,한마음슈퍼,126.9234984545,37.4753175115,11620,관악구
21522,미성빌라,126.9302987658,37.4770770731,11620,관악구
21523,우리현대마트,126.9675399492,37.4710782857,11620,관악구
21524,우리슈퍼,126.9421119066,37.4903837611,11620,관악구
21526,두산아파트입구,126.9468248253,37.4847729966,11620,관악구
21527,벽산아파트501동.적십자센터,126.9465804386,37.4929053524,11620,관악구
21528,신라놀이터,126.9125494627,37.4732481844,11620,관악구
21531,충남슈퍼.생각대로통신,126.9227888212,37.4749187609,11620,관악구
21532,혜성세탁소,126.9303876606,37.4776960894,11620,관악구
21533,동인약국.인헌중고입구,126.9669821806,37.4719720293,11620,관악구
21534,수정슈퍼,126.9421010465,37.4898025437,11620,관악구
21536,현대시장,126.9469475848,37.4870735721,11620,관악구
21537,벽산아파트,126.9438938598,37.4922931588,11620,관악구
21538,두영아파트,126.9137749689,37.474298874,11620,관악구
21539,삼성산주공정문,126.914873,37.480443,11620,관악구
21540,서울대입구역2호선,126.9538359816,37.4824664116,11620,관악구
21541,제일교회입구,126.9220871034,37.4745263191,11620,관악구
21542,GS편의점,126.9307709276,37.4785696861,11620,관악구
21543,오리사랑,126.9668389441,37.4737417629,11620,관악구
21544,서울관광고등학교,126.9418663911,37.4890752374,11620,관악구
21545,구암초등학교정문,126.9464345431,37.4881663803,11620,관악구
21546,현대홈타운아파트,126.963367,37.47934,11620,관악구
21547,미성중학교,126.9131844409,37.4755708036,11620,관악구
21548,삼성산주공307동앞,126.9273354547,37.4617159167,11620,관악구
21549,관악프라자,126.954733128,37.4835760192,11620,관악구
21550,남강중고등학교입구,126.9213944256,37.4741455935,11620,관악구
21551,동산교회,126.9298664772,37.4790806784,11620,관악구
21552,인헌연세약국,126.9667445158,37.4750663629,11620,관악구
21553,산성교회,126.9415478054,37.4886722866,11620,관악구
21555,관악센트씨엘정문,126.9460928644,37.4899711367,11620,관악구
21556,낙성대역,126.9624207194,37.4777900122,11620,관악구
21557,라이프아파트,126.9136959114,37.4771733447,11620,관악구
21558,2단지종합상가,126.9263183097,37.4635774095,11620,관악구
21560,애동유치원,126.9202354038,37.4742691695,11620,관악구
21561,서강약국,126.9281244578,37.4794709098,11620,관악구
21562,인헌시장입구,126.9657720013,37.47542833,11620,관악구
21563,경천교회,126.9404796696,37.4880274638,11620,관악구
21564,대학원생활관,126.9573923129,37.4623361202,11620,관악구
21565,성현동주민센터,126.947285,37.489861,11620,관악구
21566,사랑의병원,126.9564304426,37.4796244089,11620,관악구
21567,신림고등학교,126.9160901041,37.4776805895,11620,관악구
21568,203동앞,126.9264976658,37.4644446975,11620,관악구
21569,관악로입구,126.9577948573,37.4862759617,11620,관악구
21570,세이브마트,126.918818829,37.4741762919,11620,관악구
21571,동부아파트,126.9284313945,37.4813012413,11620,관악구
21572,파리바게트.낙성대지하철,126.964376791,37.4761438371,11620,관악구
21573,국회단지입구,126.9393194579,37.4865995241,11620,관악구
21574,학부생활관,126.9580724931,37.4637506192,11620,관악구
21575,구암어린이집.관악센트씨엘108동,126.9476358057,37.4909558362,11620,관악구
21576,낙성대역,126.9626592502,37.4778756928,11620,관악구
21578,난곡터널,126.9183861861,37.4779795626,11620,관악구
21579,광신고등학교.주공1단지,126.927107173,37.4660286495,11620,관악구
21580,우성아파트103동,126.9592457839,37.4860917446,11620,관악구
21581,난우초등학교,126.917730357,37.475947114,11620,관악구
21582,삼모타워앞.건강보험관악지사,126.928399,37.482525,11620,관악구
21583,인헌초등학교,126.962192055,37.4769842505,11620,관악구
21584,은천교앞,126.9358819578,37.4864003668,11620,관악구
21585,BK국제관,126.9578693178,37.4654239013,11620,관악구
21586,관악드림타운2단지,126.9470590155,37.4917149515,11620,관악구
21587,현대홈타운아파트,126.9634796509,37.4791296644,11620,관악구
21588,갑을아파트,126.9220551526,37.4897535048,11620,관악구
21589,신원동치안센터,126.9270325662,37.4790908751,11620,관악구
21590,유완약국.성림교회,126.9300505356,37.4668169248,11620,관악구
21591,행운동우성아파트109동앞,126.9612178671,37.4852903366,11620,관악구
21592,신림고등학교,126.9160754865,37.4778966436,11620,관악구
21593,낙성대입구,126.9599795717,37.4778081338,11620,관악구
21594,신림성모성당앞,126.9326664612,37.4870744065,11620,관악구
21595,가족생활동,126.9577737723,37.4669767456,11620,관악구
21597,롯데백화점,126.9244827354,37.4904278745,11620,관악구
21598,삼성전자,126.931084151,37.4676943096,11620,관악구
21599,신림청소년독서실.신림체육센터,126.9148759246,37.4804996928,11620,관악구
21600,샤로수길입구,126.9575345056,37.4787543427,11620,관악구
21601,관악우체국,126.9341383461,37.4851431932,11620,관악구
21602,신림고등학교,126.9168167167,37.4779810811,11620,관악구
21604,신림사거리.신원시장,126.9273005902,37.483709205,11620,관악구
21649,삼성동시장,126.931631082,37.4692039821,11620,관악구
21650,난곡사거리,126.9144634448,37.4823011931,11620,관악구
21651,신림역,126.9296506944,37.4854883196,11620,관악구
21663,인헌아파트,126.9612871638,37.468020748,11620,관악구
21675,서울대벤처타운역.삼성동시장입구,126.9332126245,37.4718550422,11620,관악구
21677,동부아파트,126.9282142759,37.4813200328,11620,관악구
21678,낙성대역,126.9648557613,37.4763210574,11620,관악구
21686,당곡역.당곡사거리,126.9287658216,37.4887310522,11620,관악구
21689,서울융합과학교육원,126.9579991818,37.4687224889,11620,관악구
21700,은천교입구,126.9342753266,37.4868362979,11620,관악구
21701,은천교입구,126.9341378486,37.4869017998,11620,관악구
21722,삼성아파트,126.9273819286,37.4945772872,11620,관악구
21732,조원경로당,126.9082699572,37.4835391709,11620,관악구
21733,서강약국,126.9279661565,37.4794735167,11620,관악구
21734,인헌연세약국,126.9668226263,37.4748483171,11620,관악구
21738,낙성대공원.다시가는캠퍼스,126.958771496,37.4722000954,11620,관악구
21742,신도브래뉴.구펭귄아파트,126.910971,37.484196,11620,관악구
21743,동산교회,126.9299348441,37.4788823374,11620,관악구
21744,오리사랑,126.9666847747,37.4736845489,11620,관악구
21745,봉일시장,126.9386238431,37.4861888116,11620,관악구
21751,낙성대입구,126.9595878517,37.4787451506,11620,관악구
21752,낙성대현대아파트,126.9591501194,37.474872947,11620,관악구
21753,성지빌딩,126.931006962,37.4786931419,11620,관악구
21756,펭귄시장,126.9123577828,37.4835748049,11620,관악구
21760,동인약국.인헌중고입구,126.966851057,37.4719152228,11620,관악구
21761,국회단지입구,126.9394212827,37.486535598,11620,관악구
21765,인헌초등학교,126.959159362,37.4765877555,11620,관악구
21766,난곡사거리,126.9140640456,37.4825153663,11620,관악구
21768,우리현대마트,126.967356777,37.4711205873,11620,관악구
21770,경천교회,126.9405543681,37.4879473031,11620,관악구
21771,낙성대입구,126.9594607468,37.4775168997,11620,관악구
21772,신림체육센터,126.914599382,37.4810130771,11620,관악구
21773,서림동주민센터,126.9349782707,37.4748531074,11620,관악구
21774,인수당약국,126.9677946019,37.4704430749,11620,관악구
21775,산성교회,126.9416010182,37.4885912136,11620,관악구
21778,신원동치안센터,126.9262096749,37.4792256381,11620,관악구
21782,현대아파트109동,126.9333136025,37.4748734803,11620,관악구
21783,개미유통,126.9668428641,37.4699868514,11620,관악구
21784,서울관광고등학교,126.9419749791,37.4890410488,11620,관악구
21785,낙성대역,126.9619751956,37.4770791769,11620,관악구
21789,서울대호암교수회관,126.9583174158,37.4677295812,11620,관악구
21792,관악세무서,126.9245139173,37.4791096883,11620,관악구
21793,난우초등학교,126.9171836708,37.4764738791,11620,관악구
21794,현대아파트106동,126.9325313553,37.4750977377,11620,관악구
21795,세진아파트,126.965980406,37.46963157,11620,관악구
21796,수정슈퍼,126.9421498576,37.489563775,11620,관악구
21800,낙성대입구,126.9591814277,37.4775942987,11620,관악구
21801,구로디지털단지역,126.9029063887,37.4837225722,11620,관악구
21802,구로디지털단지역,126.9058131587,37.4843694138,11620,관악구
21803,난곡터널,126.9192914361,37.4783629038,11620,관악구
21809,난곡종점,126.9192841509,37.4641111686,11620,관악구
21810,세이브마트,126.9185745369,37.4742473112,11620,관악구
21812,봉천역,126.94142738,37.4835908978,11620,관악구
21817,은천아파트,126.9651699485,37.469304232,11620,관악구
21818,우리슈퍼,126.9423212961,37.4901513787,11620,관악구
21819,인헌초등학교,126.9589641387,37.4765250104,11620,관악구
21820,서울대벤처타운역.삼성동시장입구,126.9329810024,37.4716882063,11620,관악구
21821,애동유치원,126.9202106507,37.4741556134,11620,관악구
21823,인헌아파트,126.9616844863,37.4682591544,11620,관악구
21827,롯데백화점관악점,126.9249187647,37.4897440967,11620,관악구
21828,롯데백화점관악점,126.9259813186,37.4900916551,11620,관악구
21829,신림역,126.9329881668,37.4844981452,11620,관악구
21830,신림역,126.930756,37.484581,11620,관악구
21831,봉천역,126.9441414845,37.4819948162,11620,관악구
21832,봉천역,126.9415037433,37.4827120941,11620,관악구
21833,서울대입구역,126.9514280486,37.4815931763,11620,관악구
21843,벽산아파트후문.만물슈퍼,126.9418590704,37.4910691188,11620,관악구
21844,낙성대현대아파트,126.9590657284,37.4744250546,11620,관악구
21845,사당역4번출구A,126.9814839831,37.4750015212,11620,관악구
21846,사당역4번출구B,126.9815172875,37.4748085963,11620,관악구
21851,봉천역,126.9417119782,37.4833341181,11620,관악구
21852,관악센트씨엘후문,126.946872,37.491838,11620,관악구
21853,라이프아파트,126.9135636303,37.4771669403,11620,관악구
21854,삼성동시장,126.9314562928,37.4691600126,11620,관악구
21855,남강중고등학교입구,126.9214521515,37.4740843566,11620,관악구
21856,은천아파트,126.9651417407,37.4691834753,11620,관악구
21858,낙성대공원.다시가는캠퍼스,126.958598,37.472483,11620,관악구
21859,구암어린이집.관악센트씨엘108동,126.9475270007,37.4910852873,11620,관악구
21860,미성중학교,126.9130747297,37.4756040638,11620,관악구
21861,삼성전자,126.9310872264,37.467907393,11620,관악구
21862,제일교회입구,126.9221436863,37.4744767955,11620,관악구
21863,세진아파트,126.9659793277,37.469516228,11620,관악구
21864,서울융합과학교육원,126.9579844634,37.4695643624,11620,관악구
21865,성현동주민센터,126.9479869626,37.4900204503,11620,관악구
21866,두영아파트,126.9136488581,37.4743494227,11620,관악구
21867,유완약국.성림교회,126.9300278405,37.4669079232,11620,관악구
21868,충남슈퍼.생각대로통신,126.922852198,37.4748593293,11620,관악구
21869,개미유통,126.966851956,37.4698796222,11620,관악구
21870,호암교수회관,126.9583384812,37.4684563846,11620,관악구
21871,현대시장,126.9466523339,37.4872239236,11620,관악구
21872,신라놀이터,126.9124928566,37.4733130222,11620,관악구
21873,광신고등학교.주공1단지,126.9268060717,37.4655416947,11620,관악구
21874,한마음슈퍼,126.9235493967,37.4752553681,11620,관악구
21875,소망유통,126.9684009967,37.4694700428,11620,관악구
21877,두산아파트,126.9466789803,37.4847359856,11620,관악구
21878,쌍용아파트후문,126.9116693186,37.4727366024,11620,관악구
21879,201동.동신교회,126.9258566348,37.4642155732,11620,관악구
21880,승산밝은빛교회.구무림비디오,126.9242601797,37.4756424004,11620,관악구
21881,군인아파트,126.9686942163,37.4689672354,11620,관악구
21882,호암교수회관,126.957812806,37.4682578356,11620,관악구
21883,신협,126.9464550405,37.4832139179,11620,관악구
21884,뉴서울아파트,126.9110760714,37.4715124546,11620,관악구
21885,3단지종합상가,126.9266500465,37.4632446739,11620,관악구
21886,보명사.법화사,126.9248624752,37.4759816008,11620,관악구
21887,가족생활동,126.9576895289,37.4663611632,11620,관악구
21889,봉천역6번출구,126.9435328569,37.4832131411,11620,관악구
21890,아카시아마을.민방위교육장,126.9111579098,37.4720991366,11620,관악구
21891,삼성산주공307동앞,126.9273070883,37.4618249334,11620,관악구
21892,서울대후문.연구공원,126.9577778409,37.4651042841,11620,관악구
21893,봉천역4번출구,126.9415256749,37.4835860833,11620,관악구
21894,삼성산주공아파트정문,126.9257024646,37.4612183906,11620,관악구
21895,학부생활관,126.957717428,37.4631418278,11620,관악구
21897,대학원생활관,126.9567820806,37.461972752,11620,관악구
21899,기숙사삼거리,126.9567660056,37.4604637077,11620,관악구
21904,제2파워플랜트,126.949695,37.449338,11620,관악구
21905,건설환경종합연구소,126.9497986982,37.4471691607,11620,관악구
21907,보라매노인복지회관,126.9258907075,37.492677921,11620,관악구
21910,벽산아파트,126.9437182326,37.4923224192,11620,관악구
21911,적십자센터,126.9463609225,37.4930089788,11620,관악구
21912,봉림교,126.9269360965,37.4836879715,11620,관악구
21913,서원치안센터.건강보험관악지사,126.9291589334,37.4819928275,11620,관악구
21915,노천강당,126.9553279623,37.4587949022,11620,관악구
21916,신림역4번출구,126.92886,37.484025,11620,관악구
21917,행정관,126.95022,37.461591,11620,관악구
21919,서원역2번출구.서원동성당앞,126.9344657489,37.4778363867,11620,관악구
21920,신림복지관앞,126.9197650564,37.4653036588,11620,관악구
22001,말죽거리공원사거리,127.038482,37.47859,11650,서초구
22002,말죽거리공원사거리,127.038748,37.477657,11650,서초구
22003,양재역.서초문화예술회관,127.035902,37.48261,11650,서초구
22004,양재역.서초문화예술회관,127.036827,37.481927,11650,서초구
22005,뱅뱅사거리,127.032432,37.487667,11650,서초구
22006,뱅뱅사거리,127.033097,37.486653,11680,강남구
22007,래미안아파트.파이낸셜뉴스,127.030405,37.491895,11650,서초구
22008,래미안아파트.파이낸셜뉴스,127.030987,37.491087,11680,강남구
22009,신분당선강남역,127.0285365859,37.4958485587,11650,서초구
22010,신분당선강남역,127.029112,37.494993,11680,강남구
22011,지하철2호선강남역,127.0257426414,37.501795842,11650,서초구
22012,지하철2호선강남역,127.02637,37.500785,11680,강남구
22013,논현역,127.0230319441,37.5072264964,11650,서초구
22014,논현역,127.023728,37.506367,11680,강남구
22015,신사역.푸른저축은행,127.0200569534,37.5141125248,11650,서초구
22016,신사역,127.020607,37.512972,11680,강남구
22017,반포역,127.0118927078,37.5084114275,11650,서초구
22018,반포역,127.0111518264,37.50799929,11650,서초구
22019,고속터미널,127.0051290446,37.506290048,11650,서초구
22020,고속터미널,127.0039245159,37.5058463491,11650,서초구
22021,신반포역.세화여중고,126.9957193627,37.5034181272,11650,서초구
22022,신반포역.세화여중고,126.9946930536,37.5030509257,11650,서초구
22023,구반포역.세화고등학교,126.9900264523,37.5019451598,11650,서초구
22024,구반포역.세화고등학교,126.9890696352,37.5017350708,11650,서초구
22025,아리랑TV,127.0090806179,37.4788364163,11650,서초구
22026,남태령역,126.9880882012,37.4656951829,11650,서초구
22027,이수역,126.9820742447,37.4823316953,11650,서초구
22028,사당역,126.982118191,37.47423546,11650,서초구
22029,총신대입구역.남성사계시장입구앞,126.9823185463,37.4875478991,11650,서초구
22031,경문고등학교,126.9827417832,37.4904372318,11650,서초구
22033,정금마을,126.9827186219,37.4933031442,11590,동작구
22035,염곡마을.서초50플러스센터,127.0508102806,37.4611251895,11650,서초구
22036,염곡마을.서초50플러스센터,127.0494739769,37.4615627473,11650,서초구
22037,탑성마을.서초포레스타입구,127.0586887384,37.4577585114,11650,서초구
22038,탑성마을.서초포레스타입구,127.0587253256,37.4575715332,11650,서초구
22039,안골마을.서울언남초등학교,127.0633098065,37.4557491207,11650,서초구
22040,안골마을.서울언남초등학교,127.0631289377,37.4557109244,11650,서초구
22041,샘마을.서울특별시어린이병원,127.070909122,37.4571774154,11650,서초구
22042,샘마을.서울특별시어린이병원,127.0701062932,37.4568017217,11650,서초구
22043,매헌시민의숲사거리,127.038769,37.472148,11650,서초구
22044,매헌시민의숲사거리,127.038548,37.472854,11650,서초구
22045,매헌시민의숲,127.039534,37.469286,11650,서초구
22046,매헌시민의숲,127.03875,37.470364,11650,서초구
22068,서초포레스타5단지정문,127.0583817453,37.4517781902,11650,서초구
22095,서초종합체육관,127.0421755314,37.4585103498,11650,서초구
22096,서울추모공원,127.0426979933,37.4541558204,11650,서초구
22097,양재동화물터미널,127.036776987,37.460125761,11650,서초구
22098,양재동화물터미널,127.0370766521,37.460200853,11650,서초구
22099,서울추모공원,127.04288117,37.4542683928,11650,서초구
22101,교대역13번출구,127.0141904192,37.4917820873,11650,서초구
22102,서울교대사거리,127.0150603111,37.4873287224,11650,서초구
22103,교대역2번출구,127.01538179,37.4940242125,11650,서초구
22104,서초동유원아파트,127.020216043,37.495456936,11650,서초구
22105,창신교회앞.서리풀노리학교,127.0212301612,37.4904680158,11650,서초구
22106,창신교회.서리풀노리학교,127.0212807141,37.4902998844,11650,서초구
22107,서울교대정문앞,127.016209575,37.4889343385,11650,서초구
22108,서울교대정문앞,127.016373,37.488798,11650,서초구
22109,남부터미널,127.0174997004,37.4833491071,11650,서초구
22110,서울시인재개발원입구,127.0222227596,37.4831074135,11650,서초구
22111,서울시인재개발원.한우리문화센터,127.0217449318,37.482652493,11650,서초구
22112,서일초등학교,127.0213146638,37.4865068533,11650,서초구
22113,서일초등학교,127.0210850063,37.486141046,11650,서초구
22114,롯데칠성,127.0240035889,37.4966572734,11650,서초구
22115,롯데칠성,127.0252199753,37.495077386,11650,서초구
22116,서초포레스타2단지앞,127.063037,37.455488,11650,서초구
22117,래미안에스티지에스,127.0264688183,37.4925355869,11650,서초구
22118,래미안에스티지,127.0259403788,37.4931191063,11650,서초구
22119,서초청소년도서관,127.0285677747,37.4926733807,11650,서초구
22120,서초청소년도서관,127.028880248,37.4926228702,11650,서초구
22121,서초동신동아아파트,127.0253914808,37.4917496945,11650,서초구
22122,서초2동주민센터.서이초등학교,127.0255384282,37.4915942391,11650,서초구
22123,래미안리더스원아파트,127.0275566247,37.490217554,11650,서초구
22124,서초AICT우수기업센터,127.0389123105,37.4583208005,11650,서초구
22125,서초문화예술정보학교후문,127.0293961714,37.489023218,11650,서초구
22126,서초문화예술정보학교후문,127.0298927879,37.4888154264,11650,서초구
22127,서초그랑자이아파트,127.0260375466,37.4880013621,11650,서초구
22128,서초그랑자이아파트,127.0260531533,37.4876295809,11650,서초구
22129,서초구청,127.030748275,37.484274561,11650,서초구
22130,서초구청,127.0305869863,37.4838578864,11650,서초구
22131,수협서초지점,127.029385,37.493517,11650,서초구
22132,서초문화예술정보학교,127.0320161779,37.4880209971,11650,서초구
22133,법조단지,127.012997468,37.4963832763,11650,서초구
22134,교대역10번출구,127.0127808558,37.4935537463,11650,서초구
22135,서초역.서울중앙지법등기국,127.0073275332,37.4930992018,11650,서초구
22136,서초역1번출구,127.0089105135,37.4920156317,11650,서초구
22137,서울중앙지방검찰청,127.006543,37.494768,11650,서초구
22138,서울중앙지방검찰청.대검찰청,127.006115,37.494383,11650,서초구
22139,서초아트자이아파트,127.0108432502,37.4858593343,11650,서초구
22140,서초동삼성아파트,127.0093426497,37.4889206373,11650,서초구
22141,서초유스센터.서초아트자이,127.0105005709,37.4854801487,11650,서초구
22142,서초동삼성아파트,127.0089653123,37.4885115912,11650,서초구
22143,서초3동주민센터,127.0116355253,37.4831290593,11650,서초구
22144,서초3동주민센터,127.0120799291,37.4832218285,11650,서초구
22145,예술의전당앞교차로,127.0128860369,37.4816857308,11650,서초구
22146,서초중학교,127.0085384266,37.4836051072,11650,서초구
22147,서초중학교,127.0088052622,37.4833879213,11650,서초구
22148,서울고등학교,127.0050002096,37.4829303821,11650,서초구
22149,서울고등학교,127.0055791438,37.4827474318,11650,서초구
22150,상문고교,127.0047242402,37.4819049356,11650,서초구
22151,서초동예술의전당,127.0112295473,37.4794328531,11650,서초구
22152,서초동예술의전당,127.0108027917,37.4796986297,11650,서초구
22153,남부터미널.기쁨병원,127.01686616,37.4819578926,11650,서초구
22154,남부터미널.기쁨병원,127.0176022215,37.4817361133,11650,서초구
22156,남부터미널.한일시멘트,127.014218486,37.4847318427,11650,서초구
22157,남부터미널,127.0156031956,37.4847528138,11650,서초구
22158,서울교대사거리,127.0146475713,37.4873846428,11650,서초구
22159,서울교대사거리,127.0133427182,37.4880507136,11650,서초구
22160,서울교대사거리,127.0131388831,37.4878368141,11650,서초구
22161,교대역14번출구,127.013952,37.491176,11650,서초구
22162,KCC사옥,127.0202806592,37.5030340451,11650,서초구
22163,서초푸르지오써밋,127.021952,37.501368,11650,서초구
22164,서초푸르지오써밋.롯데캐슬클래식,127.0221683272,37.5014758287,11650,서초구
22165,진흥아파트,127.0237030894,37.497723339,11650,서초구
22166,진흥아파트,127.0238285804,37.4980762637,11650,서초구
22167,강남역9번출구,127.0266040758,37.4977839964,11650,서초구
22168,서초동진흥아파트,127.0227753379,37.4965791206,11650,서초구
22169,서초동유원아파트,127.0197669475,37.4957579984,11650,서초구
22170,지하철2호선교대역4번출구,127.0158386954,37.4944725735,11650,서초구
22171,법조단지,127.0132446587,37.4962850117,11650,서초구
22172,신논현역7번출구.교보타워사거리,127.0251067731,37.5026203992,11650,서초구
22173,강남역10번출구,127.026307,37.5001,11650,서초구
22174,잠원한신아파트,127.0100874797,37.5165006388,11650,서초구
22175,래미안신반포리오센트아파트,127.013905,37.519627,11650,서초구
22176,신반포18차아파트,127.0141965647,37.5201580118,11650,서초구
22177,롯데캐슬아파트,127.015485,37.519672,11650,서초구
22178,롯데캐슬아파트,127.015393,37.520077,11650,서초구
22179,신반포르엘아파트,127.01438,37.516687,11650,서초구
22180,신반포르엘아파트,127.01457,37.517676,11650,서초구
22181,신동중학교,127.013253,37.515633,11650,서초구
22182,신동중학교,127.013019307,37.5154999599,11650,서초구
22183,논현역7번출구,127.0193580416,37.5106629516,11650,서초구
22185,신사역4번출구,127.019565,37.515081,11650,서초구
22186,신사역5번출구,127.0189942083,37.5169785253,11650,서초구
22190,논현역6번출구,127.0192130073,37.5102908187,11650,서초구
22191,논현역4번출구,127.0219545344,37.5091091024,11650,서초구
22192,신논현역2번출구,127.023498,37.505962,11650,서초구
22193,신논현역1번출구,127.023023,37.504227,11650,서초구
22194,제일약품사옥,127.0202524387,37.503387186,11650,서초구
22195,사평역,127.0138854889,37.5049175628,11650,서초구
22196,사평역,127.0158022515,37.5038158427,11650,서초구
22197,디에이치반포라클라스,127.012449163,37.4996628214,11650,서초구
22199,삼호가든사거리.반포도서관,127.0116012521,37.5027974539,11650,서초구
22200,신반포역4번.래미안퍼스티지,126.9951595801,37.5028527245,11650,서초구
22203,서초구민체육센터.심산문화센터,126.9905148116,37.4983902105,11650,서초구
22204,잠원한신아파트,127.0098410017,37.5167954603,11650,서초구
22205,아크로리버뷰아파트.잠원동성당,127.006645,37.513683,11650,서초구
22206,잠원동성당,127.0069649098,37.5134704636,11650,서초구
22207,뉴코아아울렛,127.007799,37.509201,11650,서초구
22208,신반포자이아파트,127.0080006792,37.5094758176,11650,서초구
22209,반포3동주민센터.청담고등학교,127.006758,37.511097,11650,서초구
22211,반포자이아파트,127.0094829161,37.5061556046,11650,서초구
22212,서울지방조달청.서울성모병원,127.0039326529,37.4992622494,11650,서초구
22213,고속터미널역3번출구,127.0063361465,37.5035554381,11650,서초구
22214,서울지방조달청.서울성모병원,127.0040910539,37.5006745712,11650,서초구
22215,서울성모병원,127.005482,37.502759,11650,서초구
22217,서초구민체육센터.심산문화센터,126.9910968933,37.4979605693,11650,서초구
22218,반포미도아파트앞,127.0115829859,37.5017017153,11650,서초구
22220,고속터미널호남선,127.0030788422,37.5053517067,11650,서초구
22221,삼호아파트,126.987806,37.496634,11650,서초구
22222,방배사이길,126.9902779847,37.4933287858,11650,서초구
22223,방배동삼호아파트,126.9882533589,37.4965316814,11650,서초구
22224,가야메디컬센터,126.9898749163,37.493391877,11650,서초구
22225,이수교,126.983412,37.496977,11650,서초구
22227,롯데캐슬헤론아파트,126.9852046016,37.4972742389,11650,서초구
22228,한국제약바이오협회,127.0016995144,37.4823078119,11650,서초구
22229,방배역.방배서리풀이편한세상,126.9964723757,37.4835892379,11650,서초구
22230,내방역2번출구,126.9943843705,37.4867753694,11650,서초구
22231,내방역3번출구,126.9940948938,37.4866230686,11650,서초구
22232,방배1동주민센터.방배아크로타워,126.9961463518,37.4834494617,11650,서초구
22233,방배역먹자골목.백석예술대학교,126.9967155632,37.481350238,11650,서초구
22234,서울교통공사사당별관,126.9861651981,37.4767111473,11650,서초구
22235,종로교회,126.9890955981,37.4786416232,11650,서초구
22236,대우효령아파트,126.9933660869,37.4802035565,11650,서초구
22237,이수중학교,126.9930505516,37.4809100052,11650,서초구
22238,방배브라운가아파트,126.990895,37.484255,11650,서초구
22241,사당역11번출구,126.9820916177,37.4790017977,11650,서초구
22242,사당역3번출구,126.9820179252,37.4750794918,11650,서초구
22244,경남임광아파트,127.0006312978,37.4772016189,11650,서초구
22245,방배그랑자이아파트정문,127.000279812,37.4772529436,11650,서초구
22246,서울지방법무사회,126.998755084,37.4800397349,11650,서초구
22247,현대멤피스2차아파트,126.998445273,37.4798144548,11650,서초구
22248,한국제약바이오협회,127.002689,37.482269,11650,서초구
22249,방배역.백석예술대학교,126.9967608013,37.4810371386,11650,서초구
22250,방배동대우효령아파트앞,126.9940942526,37.4801667639,11650,서초구
22251,종로교회앞,126.9887157676,37.4780946163,11650,서초구
22252,서울교통공사,126.9864140138,37.4763264038,11650,서초구
22253,방배동래미안아트힐.국립국악원,127.0063000295,37.4775028061,11650,서초구
22254,방배그랑자이아파트후문,127.0008920712,37.4748187293,11650,서초구
22255,성뒤마을.교육연수원,126.994632951,37.4737471951,11650,서초구
22256,방배동래미안타워,126.990586349,37.4746741807,11650,서초구
22257,대항병원,126.9871072248,37.4756416406,11650,서초구
22258,대항병원,126.9867646835,37.4753865896,11650,서초구
22259,방배동래미안타워.동덕여중고,126.9906564963,37.4742876115,11650,서초구
22260,성뒤마을.교육연수원,126.9971426734,37.4733920819,11650,서초구
22261,방배그랑자이아파트후문,127.0016642941,37.4747736656,11650,서초구
22262,방배동래미안아트힐.국립국악원,127.0068455026,37.4772752708,11650,서초구
22263,뒷벌어린이공원.래미안원페를라,126.9871369068,37.4902465128,11650,서초구
22264,방배동고개,126.9893092646,37.4867535988,11650,서초구
22267,예술의전당,127.0133439181,37.4804147333,11650,서초구
22268,방배열린문화센터(방배4동주민센터),126.9920624118,37.4905049074,11650,서초구
22269,방배열린문화센터(방배4동주민센터),126.991605527,37.4906184149,11650,서초구
22270,양재역.양재1동민원분소,127.0374188123,37.484769125,11650,서초구
22271,양재노인종합복지관,127.0421051056,37.4833239776,11650,서초구
22272,블랙야크양재사옥,127.0411738713,37.4801407005,11650,서초구
22273,현대빌라.에코나우,127.0356382501,37.4761397871,11650,서초구
22274,현대빌라.에코나우,127.0360924585,37.4763036239,11650,서초구
22275,우성아파트.양재초등학교,127.0318295981,37.4745861729,11650,서초구
22276,우성아파트.양재초등학교,127.0327538269,37.4746647587,11650,서초구
22277,코오롱아파트.양재1동주민센터,127.0281898414,37.4723552457,11650,서초구
22278,우면코오롱아파트,127.0280952447,37.4720372808,11650,서초구
22279,우면주공아파트.우면한라아파트,127.0256888887,37.4707123,11650,서초구
22280,우면주공아파트.양재1동주민센터,127.0261417924,37.4707830522,11650,서초구
22281,서울AI허브.한국교원단체총연합회,127.0276019229,37.4670266951,11650,서초구
22282,서울AI허브.한국교원단체총연합회,127.0278540505,37.4669159933,11650,서초구
22283,네이처힐3.4단지,127.0261568554,37.4653477001,11650,서초구
22284,성촌마을입구,127.0249643139,37.4653569682,11650,서초구
22285,송동마을.서초힐스아파트,127.0179066267,37.459029969,11650,서초구
22286,송동마을.서초힐스아파트,127.0178420688,37.45850283,11650,서초구
22287,식유촌우면성당.서초호반써밋,127.012719512,37.4575011395,11650,서초구
22288,식유촌우면성당.서초호반써밋,127.0142946658,37.4572390563,11650,서초구
22289,양재역10번출구,127.0347109627,37.4836855552,11650,서초구
22290,양재역,127.0355022994,37.4834352902,11650,서초구
22291,말죽거리공원사거리,127.038205,37.479088,11650,서초구
22292,말죽거리공원사거리,127.038595453,37.479564487,11650,서초구
22293,양재2동주민센터.양재꽃시장,127.0394643327,37.4695857229,11650,서초구
22294,매헌시민의숲,127.038353,37.473135,11650,서초구
22295,매헌시민의숲사거리,127.0389281035,37.4732795382,11650,서초구
22296,매헌시민의숲.양재꽃시장,127.03836,37.470867,11650,서초구
22297,매헌시민의숲.양재꽃시장,127.039043,37.471255,11650,서초구
22298,AT센터.양재꽃시장,127.039655,37.468707,11650,서초구
22299,양곡도매시장,127.0351946776,37.4603469913,11650,서초구
22300,양곡도매시장,127.0352510403,37.4600226101,11650,서초구
22301,하나로마트.코트라,127.0444478156,37.4638411943,11650,서초구
22302,코트라,127.0442708153,37.4648670188,11650,서초구
22303,구룡사앞,127.049075,37.470351,11680,강남구
22304,구룡사,127.048132,37.474022,11650,서초구
22305,구룡사입구,127.050237,37.472103,11650,서초구
22306,동원산업앞,127.0453961106,37.4766473684,11650,서초구
22307,언남고.포이성당앞,127.0458263366,37.4720326359,11650,서초구
22308,양재119안전센터앞,127.0412468009,37.4694948049,11650,서초구
22309,양재119안전센터앞,127.0418942836,37.4700464462,11650,서초구
22310,꽃마을,127.0463678573,37.4606337119,11650,서초구
22311,꽃마을,127.0465822876,37.4604305782,11650,서초구
22312,개나리골입구,127.047578,37.457302,11650,서초구
22313,개나리골입구,127.048131,37.457227,11650,서초구
22314,새원마을,127.0507075609,37.4542914263,11650,서초구
22315,새원마을,127.0507924603,37.4544761173,11650,서초구
22316,본마을,127.051184988,37.4532630544,11650,서초구
22317,본마을,127.0513419343,37.4534550903,11650,서초구
22318,청계산.원터골,127.0577012426,37.4444526002,11650,서초구
22319,청계산.원터골,127.0576688071,37.4448950615,11650,서초구
22320,관현사입구,127.0632387636,37.4373210738,11650,서초구
22321,관현사입구,127.0637037462,37.4371542291,11650,서초구
22322,새쟁이마을,127.0661788352,37.4345128931,11650,서초구
22323,새쟁이마을,127.0660515509,37.4347964213,11650,서초구
22324,옛골,127.0704380789,37.4309469125,11650,서초구
22325,염곡마을.서초50플러스센터,127.0488127592,37.4615900526,11650,서초구
22326,염곡마을.서초50플러스센터,127.0491561488,37.46200197,11650,서초구
22327,탑성마을,127.0566180036,37.4583767151,11650,서초구
22328,탑성마을,127.0548668871,37.459472271,11650,서초구
22330,안골마을,127.0623888747,37.4562835966,11650,서초구
22331,서울특별시어린이병원.강동송파과학화예비군훈련장,127.0702106955,37.456646235,11650,서초구
22332,서울특별시어린이병원.강동송파과학화예비군훈련장,127.0718263325,37.4575866482,11650,서초구
22333,헌인릉.강남서초과학화예비군훈련장,127.079544,37.459744,11650,서초구
22334,헌인릉.강남서초과학화예비군훈련장,127.0826829531,37.4611155017,11650,서초구
22335,헌인농장,127.0847576347,37.4614213099,11650,서초구
22336,헌인마을.서울농업기술센터,127.091443,37.463695,11650,서초구
22337,헌인마을.서울농업기술센터,127.0895910466,37.4633434186,11650,서초구
22338,서초소방서,126.992551994,37.4983505745,11650,서초구
22339,강남역8번출구,127.0268505284,37.4975009943,11650,서초구
22340,방배동래미안타워.동덕여중고,126.9905512938,37.4747183321,11650,서초구
22341,옛골,127.0708456635,37.4305199435,11650,서초구
22344,내방역8번출구,126.9946948569,37.4881286966,11650,서초구
22345,교대역5번출구,127.0147370359,37.4937995917,11650,서초구
22347,서초힐스아파트,127.016833601,37.4577874974,11650,서초구
22348,강남역7번출구,127.0277969551,37.4969583114,11650,서초구
22363,사당역1번출구,126.9827009681,37.4761745327,11650,서초구
22364,남부시장,126.985816874,37.4950765232,11650,서초구
22365,강남의림한방병원,126.9834174392,37.4908097066,11650,서초구
22367,염곡동구룡사,127.047211,37.468475,11650,서초구
22368,국제전자센터,127.017723,37.485159,11650,서초구
22369,염곡동구룡사,127.0471332159,37.4683281101,11650,서초구
22372,형촌마을입구(서초네이처힐1.2단지),127.0214455478,37.4636885353,11650,서초구
22376,국제전자센터,127.0177580083,37.4854351267,11650,서초구
22378,한국도로교통공단서울지부.코트라,127.044345,37.466295,11650,서초구
22379,서초역3번출구,127.0077359676,37.4911256302,11650,서초구
22380,서초구민체육센터,126.9903056015,37.4983811835,11650,서초구
22381,반포대교남단.한강시민공원입구,126.9994684234,37.5078106042,11650,서초구
22382,반포대교남단.한강시민공원입구,127.0003902363,37.5069439929,11650,서초구
22384,하이브랜드,127.0367880249,37.4620911714,11650,서초구
22385,이수역5번출구,126.9842072627,37.485489363,11650,서초구
22386,방배초등학교,126.986988,37.485736,11650,서초구
22387,방배고개,126.9901827615,37.4864946348,11650,서초구
22388,방배역1번출구.서울남부보훈지청,126.9984233379,37.4814459842,11650,서초구
22389,내방역3번출구,126.9939998932,37.4867762516,11650,서초구
22390,방일초교,126.9949486673,37.4859520772,11650,서초구
22391,내방역5번출구,126.9927493333,37.487533232,11650,서초구
22392,방배고개.방배초등학교,126.9888061591,37.4863886439,11650,서초구
22393,이수역,126.9846453233,37.4858655917,11650,서초구
22394,방배역1번출구.서울남부보훈지청,126.9984199634,37.481444879,11650,서초구
22395,방배역4번출구,126.9972384369,37.482323341,11650,서초구
22396,동작대교전망카페,126.9802792405,37.5057628053,11590,동작구
22397,동작대교전망카페,126.9808128467,37.5058583711,11650,서초구
22400,삼성래미안아파트,127.0184931133,37.4949659925,11650,서초구
22401,청계산입구역,127.0544463432,37.4484508233,11650,서초구
22402,청계산입구역,127.053684245,37.4494760752,11650,서초구
22403,서초포레스타7단지,127.0555729873,37.4475718103,11650,서초구
22404,반포한강공원.세빛섬,126.9972655964,37.5126669883,11650,서초구
22405,반포한강공원.세빛섬,126.9977548042,37.5122480317,11650,서초구
22406,신논현역.주류성빌딩,127.0257863714,37.501058785,11650,서초구
22407,신논현역.BSX빌딩,127.0256744762,37.5012831839,11650,서초구
22408,신논현역.유화빌딩,127.0255490162,37.5015319154,11650,서초구
22409,신논현역.서산빌딩,127.0255227411,37.5017311633,11650,서초구
22410,신논현역.우신빌딩,127.0253195719,37.5019951314,11650,서초구
22411,신논현역.남서울빌딩,127.0252427203,37.5021717639,11650,서초구
22413,신논현역7번출구.교보타워사거리,127.0249635502,37.5027683529,11650,서초구
22415,내방역1번출구,126.9953442808,37.4879838668,11650,서초구
22416,매헌시민의숲,127.0389144339,37.4730822004,11650,서초구
22417,동덕여중고,126.9924723,37.4741688,11650,서초구
22418,삼호교회,126.9862027844,37.4936654408,11650,서초구
22419,남부터미널,127.0155437556,37.4846839172,11650,서초구
22420,동부센트레빌2,126.9880579276,37.4980323894,11650,서초구
22421,헌인마을.서울농업기술센터,127.0896108732,37.4633816966,11650,서초구
22422,잔디마을,127.0352320779,37.4635271111,11650,서초구
22423,방일초등학교,126.9950041608,37.4852218926,11650,서초구
22424,네이처힐5단지,127.0238954595,37.4633118929,11650,서초구
22426,대법원앞,127.0065302002,37.4916688995,11650,서초구
22427,말죽거리공원사거리,127.038677,37.47947,11650,서초구
22429,방배래미안타워,126.9908068274,37.4746336482,11650,서초구
22431,이수중앙시장,126.9889556704,37.4921140295,11650,서초구
22432,국제전자센터,127.0176222301,37.485082815,11650,서초구
22433,방배신삼호아파트,126.9916917922,37.4979488983,11650,서초구
22434,헌인릉.꽃시장,127.08362,37.461503,11650,서초구
22435,더케이호텔후문,127.0343341849,37.4653349981,11650,서초구
22436,방배1동주민센터.방배아크로타워,126.9962575574,37.4834901203,11650,서초구
22437,삼성레포츠,127.0208164268,37.4922064267,11650,서초구
22439,원불교,127.042416,37.483534,11680,강남구
22440,양재역7번출구.한신휴플러스,127.035091,37.48382,11650,서초구
22442,서울교통공사사당별관,126.9863880175,37.476277741,11650,서초구
22443,방배초등학교,126.986985,37.485755,11650,서초구
22445,함지박사거리,126.9912671152,37.4930288433,11650,서초구
22446,서일초등학교,127.0209866183,37.4861131293,11650,서초구
22447,이수화학,126.9933543313,37.4980301028,11650,서초구
22448,예비군훈련장,127.0807710572,37.455543466,11650,서초구
22449,더케이호텔정문,127.0341150869,37.468301508,11650,서초구
22450,방배역1번출구.서울남부보훈지청,126.9984655932,37.4814094121,11650,서초구
22451,대림약국,127.0208116389,37.4904459771,11650,서초구
22452,반포래미안아이파크아파트,127.0121585657,37.5009627535,11650,서초구
22455,방배고개,126.989074,37.486054,11650,서초구
22456,함지박사거리,126.9905852724,37.4922655561,11650,서초구
22457,서래초교,126.9889993086,37.4952967316,11650,서초구
22458,방배4동성당,126.9936238794,37.4936363379,11650,서초구
22459,현대아파트.한국상담대학원대학교,127.0235051656,37.4868903084,11650,서초구
22460,한국회관.ROTC중앙회,126.9954070281,37.4987042254,11650,서초구
22461,신흥마을입구,127.0816843202,37.4586102133,11650,서초구
22462,예술공원,127.0325353274,37.4699888265,11650,서초구
22464,사당역13번출구,126.9826432124,37.4771120126,11650,서초구
22466,서초구립반포도서관.반포리체,127.0124970198,37.5026207465,11650,서초구
22468,서초문화예술정보학교후문,127.0291942381,37.4867142254,11650,서초구
22471,장자터빌딩,126.990243,37.485312,11650,서초구
22473,동부센트레빌1,126.9874958912,37.4976529669,11650,서초구
22474,삼창골든빌리지,126.9958664743,37.4939491206,11650,서초구
22475,서초그랑자이아파트,127.0263472092,37.4877448571,11650,서초구
22476,신반포역4번.래미안퍼스티지,126.9954197057,37.5026950589,11650,서초구
22478,kt연구소,127.0309238538,37.4717085715,11650,서초구
22479,상문고등학교,127.0046089193,37.4821455353,11650,서초구
22486,백산빌딩,126.9910358078,37.4791373946,11650,서초구
22487,방배브라운가아파트,126.990932,37.48419,11650,서초구
22488,방배열린문화센터.가야치과병원,126.9923780416,37.4893578225,11650,서초구
22489,방배중학교,126.9981113214,37.495387339,11650,서초구
22491,래미안퍼스티지중심상가,127.0003970105,37.5045840073,11650,서초구
22493,우성아파트,127.0328539307,37.4746627796,11650,서초구
22494,삼환아파트,127.0056275624,37.4800296953,11650,서초구
22496,반포래미안아이파크아파트후문,127.0145622236,37.5020978707,11650,서초구
22497,반포고교,127.0158854643,37.5017030173,11650,서초구
22499,서초문화예술정보학교,127.0321660498,37.488062923,11650,서초구
22500,교총회관,127.0277462709,37.4668240829,11650,서초구
22501,대우효령아파트,126.9935074494,37.4799386393,11650,서초구
22502,동문빌라,126.991601,37.483156,11650,서초구
22503,효성빌라,126.9983320021,37.4966719096,11650,서초구
22504,서초포레스타3단지정문,127.0593384984,37.4554282126,11650,서초구
22505,호남고속터미널,127.0032236261,37.5054364064,11650,서초구
22506,서초포레스타3단지정문,127.0595497917,37.455326281,11650,서초구
22507,현대빌라,127.0360835343,37.4762932882,11650,서초구
22508,방배빌딩.방배아트힐아파트정문,127.0064743162,37.4782806055,11650,서초구
22510,반포고교,127.0161409896,37.5012857723,11650,서초구
22511,반포리체,127.0142060247,37.5025241354,11650,서초구
22512,언남초등학교,127.061421935,37.4543079703,11650,서초구
22513,서초동신동아아파트,127.0253409803,37.4917135401,11650,서초구
22515,삽준네마을,127.0268099021,37.4692693783,11650,서초구
22516,방배역.백석예술대학교,126.9967265422,37.4809786482,11650,서초구
22517,이수중학교,126.9924466481,37.4818561289,11650,서초구
22518,서래마을.서래글로벌빌리지센터,126.9984381123,37.4978969161,11650,서초구
22519,언남초등학교,127.0616322756,37.4545735009,11650,서초구
22520,경부고속터미널,127.0068477606,37.5065337938,11650,서초구
22521,서초더샵포레,127.0643010736,37.4544989777,11650,서초구
22525,반포써밋아파트,127.0169971,37.5009216068,11650,서초구
22526,서초더샵포레,127.0636983185,37.4547100295,11650,서초구
22527,서초AICT우수기업센터,127.038748,37.458924,11650,서초구
22528,매헌윤봉길의사기념관,127.0375190241,37.4691694309,11650,서초구
22530,대우효령아파트,126.9942333499,37.4801576456,11650,서초구
22531,서래마을입구,126.9984335615,37.4991809877,11650,서초구
22532,강남역9번출구,127.0265475067,37.4977272396,11650,서초구
22533,반포자이아파트,127.0094604316,37.5062258928,11650,서초구
22535,임광아파트후문,127.0030267509,37.4758189221,11650,서초구
22536,방현초교,126.9887116384,37.4758333144,11650,서초구
22537,세탁소,126.987808,37.482208,11650,서초구
22538,현대4차아파트,127.0179934519,37.5005700292,11650,서초구
22539,반포자이아파트,127.0101482277,37.5056333558,11650,서초구
22540,서초1동주민센터,127.01846691,37.4895945167,11650,서초구
22541,매헌시민의숲,127.0383858588,37.4729579873,11650,서초구
22543,서래마을입구,126.9984708699,37.4999036726,11650,서초구
22544,반포4동주민센터입구,127.0000689924,37.5005416631,11650,서초구
22546,반포미도아파트앞,127.0116067597,37.5018431861,11650,서초구
22547,여의3교,127.0557998691,37.4525340361,11650,서초구
22548,임광아파트정문,127.0010130728,37.4765668747,11650,서초구
22549,대성유니드아파트,126.987107,37.483337,11650,서초구
22550,서초래미안아파트정문,127.0187319391,37.500285166,11650,서초구
22551,뉴코아백화점,127.0080753177,37.5093091088,11650,서초구
22552,서울교대정문,127.0163712913,37.4889577449,11650,서초구
22553,일동제약,127.0376175038,37.4773511613,11650,서초구
22554,롯데캐슬클래식.사랑의교회,127.0229572589,37.4997374512,11650,서초구
22555,반포래미안아이파크아파트,127.0120274955,37.5003518259,11650,서초구
22556,언남중고교,127.04581,37.471957,11650,서초구
22557,방배3동주민센터,126.9998162822,37.4784490339,11650,서초구
22558,우리수퍼,126.986334,37.484584,11650,서초구
22559,서초래미안아파트남문,127.0204175134,37.4974383029,11650,서초구
22560,경원중학교,127.00955354,37.5118733237,11650,서초구
22561,청호나이스,127.0130611243,37.4879588324,11650,서초구
22562,구름다리(방배교),126.99213624,37.4799007004,11650,서초구
22563,서울지방조달청.서울성모병원,127.0039609388,37.4995235403,11650,서초구
22565,서울법원청사별관.아크로비스타,127.0124973884,37.4980458485,11650,서초구
22566,방배(백석예술대)역1번출구,126.9980947232,37.4809786782,11650,서초구
22567,잠원역,127.0115251789,37.5128516004,11650,서초구
22570,도구로입구,126.9891702182,37.4786803776,11650,서초구
22571,국립중앙도서관,127.0044198835,37.4979220747,11650,서초구
22572,반포1동성당,127.0207027838,37.5041168276,11650,서초구
22573,여의3교,127.0558843017,37.4522824107,11650,서초구
22574,방배(백석예술대)역.서초프라자약국,126.9973009069,37.4822348038,11650,서초구
22575,동덕여고,126.9929346869,37.474535574,11650,서초구
22576,이수역4번출구,126.9828785969,37.4855775952,11650,서초구
22577,신사역4번출구,127.019585476,37.515341378,11650,서초구
22578,유원아파트,127.0178666711,37.4955095778,11650,서초구
22579,서초역2번출구,127.0081468857,37.4912987658,11650,서초구
22581,국립국악원,127.0087096724,37.478170527,11650,서초구
22582,종로교회,126.9881108486,37.4781116779,11650,서초구
22583,서초푸르지오써밋,127.0216821231,37.5019661186,11650,서초구
22584,원불교,127.042206,37.481309,11650,서초구
22585,일동제약,127.037054348,37.4771882391,11650,서초구
22586,방일초등학교,126.9949735878,37.4858436536,11650,서초구
22587,논현역5번출구,127.0214930177,37.5102896713,11650,서초구
22591,청계산입구역,127.0553027816,37.448957246,11650,서초구
22592,예술의전당,127.0135449202,37.480583233,11650,서초구
22593,서울교통공사,126.9868536435,37.4774465285,11650,서초구
22594,경원중학교,127.0068991175,37.5114970568,11650,서초구
22595,대법원,127.0064912987,37.4916070459,11650,서초구
22596,롯데캐슬클래식,127.022435,37.500431,11650,서초구
22598,청계산입구역,127.0550119009,37.4491308269,11650,서초구
22599,내방역2번출구,126.9943312166,37.4868492575,11650,서초구
22600,강남역도시에빛,127.028862784,37.4948298181,11650,서초구
22601,KT삼거리,127.03021,37.472187,11650,서초구
22602,KT연구개발센터정문,127.0300162908,37.4704352425,11650,서초구
22604,형촌마을입구,127.0221930408,37.4623284779,11650,서초구
22605,서초호반써밋,127.0146667957,37.4576416633,11650,서초구
22607,호반써밋서초파크.파크뷰,127.0256209436,37.4600431105,11650,서초구
22608,서리풀문화광장,127.0054983231,37.4910022065,11650,서초구
22609,서초포레스타5단지정문,127.0584580212,37.4517646373,11650,서초구
22613,서초호반써밋,127.0151305788,37.4563449238,11650,서초구
22614,서초포레스타3단지후문,127.059588,37.453804,11650,서초구
22615,서초힐스아파트,127.0195785878,37.4564627414,11650,서초구
22616,LH3.호반써밋서초파크,127.0229572647,37.4579545688,11650,서초구
22631,신논현역2번출구,127.023552815,37.50605355,11650,서초구
22652,강남역서초현대타워앞,127.0280084862,37.4964688083,11650,서초구
22653,강남역우리은행,127.0283766361,37.4956209364,11650,서초구
22654,강남역5번출구,127.0288669116,37.4946974423,11650,서초구
22655,호반써밋서초파크뷰,127.0240810088,37.4595010532,11650,서초구
22656,LH3.호반써밋서초파크,127.0227161524,37.4579865593,11650,서초구
22657,서초힐스아파트,127.0173599771,37.4561419958,11650,서초구
22667,성촌마을입구,127.0246982574,37.4642970776,11650,서초구
22694,2호선교대역7번출구,127.0145663212,37.4940798561,11650,서초구
22711,교대역,127.0143808403,37.4940321203,11650,서초구
22742,서초경찰서,127.0059940336,37.4956827639,11650,서초구
22743,원불교,127.0420565333,37.4834141055,11650,서초구
22759,남부터미널.기쁨병원,127.0178114323,37.4818370058,11650,서초구
22762,이수교(방배본동),126.9833037257,37.4969374974,11650,서초구
22763,사당역,126.982077334,37.4788660436,11650,서초구
22765,서울교통공사,126.9861169217,37.4766214216,11650,서초구
22766,임광아파트,127.0009712406,37.4767398875,11650,서초구
22769,방배동래미안아파트,126.9852744312,37.4757117127,11650,서초구
22774,삼성전자서울R&D,127.0233096227,37.4658469816,11650,서초구
22776,사당역13번출구,126.9831179759,37.4770820069,11650,서초구
22777,KT연구개발센터,127.0304939858,37.47063109,11650,서초구
22779,네이처힐.호반써밋서초파크.파크뷰,127.0241545233,37.4604668951,11650,서초구
22785,서초호반써밋,127.0153740036,37.4564279225,11650,서초구
22793,강남고속버스터미널,127.0039283325,37.5060680574,11650,서초구
22801,내방역.제일병원,126.9953160104,37.488024411,11650,서초구
22802,대우효령아파트,126.9932439729,37.4801666043,11650,서초구
22807,한신2차후문,127.0052284159,37.5121623419,11650,서초구
22808,방배역,126.9964065362,37.4811876954,11650,서초구
22809,서울고교,127.0054038744,37.4827140991,11650,서초구
22810,서울고교,127.0049917756,37.4830035294,11650,서초구
22812,서초아트자이아파트,127.0111869156,37.4851556879,11650,서초구
22813,서울교육대앞,127.014509,37.487895,11650,서초구
22816,남부터미널,127.0143055588,37.4847444476,11650,서초구
22822,신사동.더리버사이드호텔,127.0186555368,37.5177929823,11650,서초구
22823,반포미도아파트앞,127.0116569971,37.501829607,11650,서초구
22824,삼풍아파트,127.0128918075,37.496331007,11650,서초구
22825,교대역,127.0157243897,37.494083312,11650,서초구
22826,프로비스타호텔.서초동유원아파트,127.0199873728,37.4954313463,11650,서초구
22827,서초아르누보호텔.유원아파트,127.0197746625,37.495707393,11650,서초구
22828,삼풍아파트,127.0130952786,37.497139719,11650,서초구
22829,반포래미안아이파크아파트,127.012098701,37.5014574649,11650,서초구
22832,서초고후문,127.0044805259,37.4891146384,11650,서초구
22835,우성아파트,127.031814158,37.4745387859,11650,서초구
22836,내방역1번출구,126.994581062,37.48779237,11650,서초구
22837,내방역8번출구,126.9951096348,37.4883307454,11650,서초구
22838,교보타워앞,127.0248806477,37.50327662,11650,서초구
22840,잠원역,127.0114648241,37.5130042435,11650,서초구
22841,동원산업,127.0454401748,37.4765950873,11650,서초구
22842,서울시인재개발원,127.0216889654,37.4826059016,11650,서초구
22843,한신2차정문,127.0030848753,37.5086507521,11650,서초구
22844,더미켈란아파트,127.0040324571,37.4862032326,11650,서초구
22845,롯데칠성,127.0248050278,37.4954027722,11650,서초구
22847,kt연구소,127.0306513806,37.471705038,11650,서초구
22848,서리풀터널입구,126.9969385684,37.4884884833,11650,서초구
22849,사당역14번출구,126.982757404,37.4765962586,11650,서초구
22850,강남역.서초초교앞,127.0264996641,37.4998269766,11650,서초구
22851,사당역14번출구,126.9829132259,37.4766633346,11650,서초구
22852,경원중학교,127.0092995579,37.5119708712,11650,서초구
22854,국립외교원,127.0305443725,37.4837943042,11650,서초구
22855,호남고속.신세계,127.0032971651,37.5058391969,11650,서초구
22856,서울고사거리,127.0041758943,37.4830538656,11650,서초구
22858,문화예술공원,127.0321148241,37.4701430308,11650,서초구
22859,강남역.삼성전자,127.0278698411,37.4970515618,11650,서초구
22860,반포종합운동장,126.9965026797,37.5005101566,11650,서초구
22861,반포종합운동장,126.996273723,37.4994762451,11650,서초구
22862,언남중고교,127.045755,37.472038,11650,서초구
22863,서초구청,127.0324034746,37.4840614372,11650,서초구
22864,반포우체국,126.9998269439,37.5046903379,11650,서초구
22865,제약회관,127.001793367,37.482328536,11650,서초구
22866,진흥아파트,127.0226916384,37.4965521036,11650,서초구
22867,더케이호텔정문,127.0343725873,37.4677292302,11650,서초구
22868,황실자이아파트,126.9986374649,37.4892746444,11650,서초구
22869,우성아파트사거리,127.0294488928,37.4937061909,11650,서초구
22870,서초역4번출구,127.0068260214,37.4913844544,11650,서초구
22871,매헌초교,127.0422086895,37.4704687607,11650,서초구
22872,반포2동주민센터,126.9970535549,37.5038531775,11650,서초구
22873,방배(백석예술대)역2번출구,126.9980581848,37.4807240664,11650,서초구
22874,서초그랑자이후문,127.0275420519,37.4897827638,11650,서초구
22875,유원아파트,127.0194333246,37.4956521854,11650,서초구
22876,더케이호텔후문,127.0341879129,37.4659938367,11650,서초구
22877,서리풀터널입구,126.996800041,37.488815095,11650,서초구
22878,현대렉시온오피스텔.파이낸셜뉴스,127.0307255899,37.4910005915,11650,서초구
22879,서초역3번출구,127.0077861115,37.4910843274,11650,서초구
22880,양재근린공원,127.0415088094,37.4724090919,11650,서초구
22883,방배유스센터,126.9991553697,37.478885422,11650,서초구
22884,서초그랑자이정문,127.026037547,37.488003615,11650,서초구
22885,강남역10번출구,127.0264405862,37.4992095778,11650,서초구
22887,뱅뱅사거리,127.030304584,37.4892316317,11650,서초구
22889,언남고,127.043264,37.473637,11650,서초구
22890,남부터미널.기쁨병원,127.0169521013,37.4819795068,11650,서초구
22891,방배그랑자이아파트정문,127.0004098253,37.477192125,11650,서초구
22892,풍림아이원,127.0238377395,37.4872479803,11650,서초구
22893,하이브랜드.코스트코.이마트,127.036183371,37.4623679984,11650,서초구
22894,서초유스센터,127.0101625566,37.4861722268,11650,서초구
22895,예술의전당,127.0140414058,37.4811103218,11650,서초구
22897,교대역6번출구,127.0137373697,37.494171868,11650,서초구
22899,신중초등학교,127.010826,37.479771,11650,서초구
22900,동덕여고,126.9929415,37.47403997,11650,서초구
22901,국제전자센터,127.0179151927,37.4854513228,11650,서초구
22903,양재역9번출구,127.0355508885,37.4826638191,11650,서초구
22904,국립국악원,127.0073810943,37.4779435387,11650,서초구
22905,래미안아파트.파이낸셜뉴스,127.029934,37.492482,11650,서초구
22906,삼호아파트,126.9873076156,37.497427412,11650,서초구
22907,방배배수지체육공원,126.9924125075,37.4738661248,11650,서초구
22908,남부터미널.한일시멘트,127.0143960237,37.4847552499,11650,서초구
22909,양재역엘타워빌딩,127.0356299924,37.4825610693,11650,서초구
22910,서초1동주민센터.서초현대아파트,127.0196816512,37.4903557536,11650,서초구
22911,매헌윤봉길의사기념관,127.0373749569,37.4692956181,11650,서초구
22912,방배빌딩,127.0067664544,37.478279901,11650,서초구
22913,서래초등학교,126.9883726975,37.49573641,11650,서초구
22915,서초구립중앙노인종합복지관,127.016581893,37.4916789581,11650,서초구
22916,삼환아파트,127.0058932787,37.4800107592,11650,서초구
22919,양재역커피빈앞,127.0353406498,37.4828368944,11650,서초구
22920,말죽거리공원사거리,127.0394643451,37.4782102141,11650,서초구
22922,서초고후문,127.0047484587,37.4893768961,11650,서초구
22923,상문고등학교.수표교교회,127.0050035302,37.4818562644,11650,서초구
22924,빛교회.이수중앙시장,126.9890268906,37.4922933558,11650,서초구
22925,현대캐피탈,127.0410922289,37.4797190114,11650,서초구
22926,본마을노인복지센터,127.0529606938,37.4544244544,11650,서초구
22927,본마을노인복지센터,127.0530384779,37.4545394332,11650,서초구
22928,방배열린문화센터.가야치과병원,126.9928643282,37.4891551044,11650,서초구
22929,카페골목입구,126.9873182177,37.4916137524,11650,서초구
22930,원불교,127.042546,37.481298,11650,서초구
22931,방배열린문화센터(방배4동주민센터),126.9921144436,37.490394075,11650,서초구
22932,방배4동경로당,126.9872326483,37.4893925216,11650,서초구
22933,뉴코아백화점,127.0080547391,37.5072825331,11650,서초구
22934,함지박사거리,126.9913600147,37.4915969962,11650,서초구
22935,청호나이스,127.0129084201,37.4877164521,11650,서초구
22936,코오롱아파트,127.0281179589,37.4723103108,11650,서초구
22937,이수역2번출구,126.9824232165,37.4872077842,11650,서초구
22938,HCN서초방송,127.0120492501,37.4822972976,11650,서초구
22939,서초포레스타3단지후문,127.0595220597,37.4538837398,11650,서초구
22940,서울교대,127.0162208382,37.4887252807,11650,서초구
22942,삼호교회,126.9863780826,37.4936339225,11650,서초구
22945,서초1동주민센터,127.0192223339,37.4896367481,11650,서초구
22946,삽준네마을,127.0267443044,37.4691973046,11650,서초구
22947,남부시장,126.9858858024,37.4953901154,11650,서초구
22949,교총회관,127.0275611985,37.4669560736,11650,서초구
22950,롯데캐슬헤론아파트,126.9853504863,37.4973301255,11650,서초구
22956,서래마을입구,126.9983460816,37.499217253,11650,서초구
22959,서래마을.서래글로벌빌리지센터,126.9982345347,37.4979248474,11650,서초구
22961,서초문화예술정보학교후문,127.0289838941,37.4866818374,11650,서초구
22962,송동마을.서초힐스아파트,127.017847831,37.4589669003,11650,서초구
22963,효성빌라,126.9981271322,37.4962866403,11650,서초구
22966,방배중학교,126.9974474717,37.4949403792,11650,서초구
22968,삼창골든빌리지,126.9957646844,37.4940689638,11650,서초구
22969,서초고후문,127.0046620261,37.4889221759,11650,서초구
22970,방배4동성당,126.9935356582,37.4937462678,11650,서초구
22972,함지박사거리,126.9911415729,37.493124351,11650,서초구
22973,구룡사입구,127.0502298295,37.4720524503,11650,서초구
22975,서문여고,126.9850209583,37.4874536668,11650,서초구
22976,카페골목입구.래미안원페를라,126.9873114566,37.4914704762,11650,서초구
22977,반포종합운동장,126.9966723282,37.5002173346,11650,서초구
22979,서울교통공사,126.9873538613,37.4774762857,11650,서초구
22980,서초구청맞은편,127.030601072,37.4841889736,11650,서초구
22981,방배(백석예술대)역3번출구,126.9964879477,37.4812111266,11650,서초구
22982,서초롯데캐슬프레지던트아파트,127.0196986198,37.496137355,11650,서초구
22983,대검찰청.서초경찰서,127.0062446594,37.4945136356,11650,서초구
22984,불교TV.서초어린이집,127.0002023829,37.4745006419,11650,서초구
22985,구룡사거리,127.0481441804,37.4739943247,11650,서초구
22986,서이초등학교,127.0268380817,37.4911635361,11650,서초구
22987,서울고사거리,127.0043330792,37.4832169599,11650,서초구
22989,사당역12번출구,126.9819882566,37.4778342637,11650,서초구
22990,래미안퍼스티지정문,127.001950895,37.503801116,11650,서초구
22992,더미켈란아파트,127.0041602025,37.4855580371,11650,서초구
22993,서울성모병원.서울지방조달청,127.0041236994,37.5003496563,11650,서초구
22994,아크로비스타,127.01282537,37.4980214836,11650,서초구
22996,서초성당,127.0212843629,37.4931966225,11650,서초구
22997,강남역홍우빌딩앞,127.0283310385,37.49581459,11650,서초구
22999,양재역신한은행앞,127.0352377849,37.4829090136,11650,서초구
23101,신사중학교,127.0204991277,37.5229277357,11680,강남구
23102,신사중학교,127.021302,37.523733,11680,강남구
23103,광림교회.현대고등학교,127.0252663803,37.5253868122,11680,강남구
23104,광림교회.현대고등학교,127.0244392928,37.5252779533,11680,강남구
23105,압구정역4번출구,127.0281887833,37.5257349597,11680,강남구
23106,국민은행압구정종합금융센터,127.028118907,37.5230982773,11680,강남구
23107,신사동고개,127.0257541709,37.5188969053,11680,강남구
23108,신사역8번출구.가로수길,127.0221753116,37.5174397364,11680,강남구
23109,신사역6번출구,127.019435,37.517422,11680,강남구
23110,신사역3번출구,127.0200787646,37.5152289207,11680,강남구
23111,신사역1번출구,127.0217344165,37.5168574262,11680,강남구
23112,신사동고개,127.0260152561,37.5185545148,11680,강남구
23113,강남을지병원,127.028629941,37.5182204908,11680,강남구
23114,학동역,127.0301678528,37.5147842255,11680,강남구
23115,학동역6번출구,127.0296320997,37.5137805482,11680,강남구
23116,영동시장,127.0234688746,37.5118508617,11680,강남구
23117,영동시장.논현역1번출구,127.0224536332,37.5113367768,11680,강남구
23118,학동역5번출구,127.0301492658,37.5135731512,11680,강남구
23119,논현동고개,127.0323028097,37.5102565309,11680,강남구
23120,삼정호텔,127.0316905107,37.5067856544,11680,강남구
23121,신논현역3번출구,127.0258483824,37.5050754793,11680,강남구
23122,신논현역3번출구.교보타워사거리,127.0241456343,37.5057773025,11680,강남구
23123,영동시장.논현역3번출구,127.0223963092,37.5093462126,11680,강남구
23124,언북중학교입구,127.0308205822,37.5202978876,11680,강남구
23125,도산공원사거리.호림아트센터,127.0349369258,37.5215790063,11680,강남구
23126,영동119안전센터,127.0381006504,37.5225557208,11680,강남구
23127,강남구청역,127.0406416326,37.5185178636,11680,강남구
23128,강남구청역3번출구,127.0399409789,37.5169580553,11680,강남구
23129,세관앞,127.0360665964,37.5157593644,11680,강남구
23130,서울세관,127.0356282732,37.5170273453,11680,강남구
23131,서울세관,127.0351676893,37.5173244793,11680,강남구
23132,학동역,127.0303750209,37.515158129,11680,강남구
23133,강남을지병원,127.0287812765,37.5185664886,11680,강남구
23134,세관앞,127.0364196087,37.5156009306,11680,강남구
23135,강남구청역2번출구,127.0401699369,37.5167710194,11680,강남구
23136,한국토지주택공사앞,127.0426620828,37.5131909081,11680,강남구
23137,선정릉역1번출구.시니어플라자,127.0431015104,37.5102354545,11680,강남구
23138,아크로힐스논현,127.0396748981,37.5092228723,11680,강남구
23139,논현아이파크,127.0364372746,37.5112220456,11680,강남구
23140,임피리얼팰리스호텔.펜트힐루논현,127.0356009719,37.5143285583,11680,강남구
23141,펜트힐루논현.임피리얼팰리스호텔,127.0351526376,37.5135465374,11680,강남구
23142,논현아이파크,127.0359197745,37.5111433662,11680,강남구
23143,국민은행논현동지점,127.0373832207,37.5085727966,11680,강남구
23144,언주역4번출구.차병원사거리,127.0351434453,37.5078369128,11680,강남구
23145,언주역3번출구,127.0335055792,37.5084783232,11680,강남구
23146,논현고개,127.0321076269,37.5114460374,11680,강남구
23147,서울세관사거리,127.0346068386,37.515315407,11680,강남구
23148,현대아파트,127.030580671,37.5284384777,11680,강남구
23149,현대아파트,127.0311225746,37.5282986659,11680,강남구
23150,고속철도수서역,127.1041791055,37.4847973786,11680,강남구
23151,신사동교회,127.030625028,37.5206998289,11680,강남구
23152,도산공원,127.0333295289,37.5221138227,11680,강남구
23153,신구중학교,127.0332342816,37.5267319814,11680,강남구
23154,압구정중고등학교.현대아파트,127.0336829789,37.5297587463,11680,강남구
23155,도산공원사거리,127.0345957994,37.5220301368,11680,강남구
23156,압구정파출소,127.0362762745,37.5291115096,11680,강남구
23157,압구정파출소,127.036267,37.528789,11680,강남구
23158,한양아파트.압구정로데오역,127.0395789565,37.5282700029,11680,강남구
23159,한양아파트.압구정로데오역,127.0392574486,37.527929495,11680,강남구
23160,일지아트홀,127.0395011945,37.524911806,11680,강남구
23161,씨네시티앞,127.0375996828,37.5228970378,11680,강남구
23162,도산공원,127.0335300905,37.5228130189,11680,강남구
23163,신구중학교,127.0335404098,37.5256460711,11680,강남구
23164,성수대교남단.현대아파트,127.0341408692,37.5299198087,11680,강남구
23165,청담초등학교,127.045122136,37.5268028293,11680,강남구
23166,청담동주민센터,127.0493317535,37.5246152832,11680,강남구
23167,청담동주민센터,127.0513510007,37.5245198173,11680,강남구
23168,영동대교남단.청담자이아파트,127.056049,37.522598,11680,강남구
23169,영동대교남단,127.05519,37.522801,11680,강남구
23170,청담역.경기고교,127.0561675414,37.52098119,11680,강남구
23171,우리은행청담지점.청담삼익아파트,127.0568972469,37.5210776985,11680,강남구
23172,청담역.경기고교,127.0561102673,37.5200284066,11680,강남구
23173,진흥아파트,127.0520898501,37.5192911033,11680,강남구
23174,청담동성당,127.0495735347,37.5204992022,11680,강남구
23175,청담사거리,127.0482136037,37.5230254757,11680,강남구
23176,강남구청.강남세무서,127.0472972241,37.5184307316,11680,강남구
23177,청담동래미안아파트,127.0429049989,37.5176597984,11680,강남구
23178,강남구청역,127.0409428973,37.518511943,11680,강남구
23179,프라마호텔,127.051344,37.524927,11680,강남구
23180,농협앞,127.0443867144,37.5240778005,11680,강남구
23181,일지아트홀.압구정노인복지관,127.0396345679,37.5243159636,11680,강남구
23182,청담초등학교앞,127.045085725,37.5264613268,11680,강남구
23183,청담사거리,127.0477909496,37.5229351646,11680,강남구
23184,청담동성당,127.0492045241,37.5202583193,11680,강남구
23185,차병원차움,127.044171112,37.5236666735,11680,강남구
23186,진흥아파트.청담역,127.0521305938,37.5190458844,11680,강남구
23187,청담역.경기고교,127.0564579528,37.5198187578,11680,강남구
23188,청담역.경기고교,127.0578574132,37.5193090138,11680,강남구
23189,봉은사.삼성1파출소앞,127.0594353837,37.5149677625,11680,강남구
23190,봉은사.코엑스북문,127.0588290285,37.5141705618,11680,강남구
23191,봉은사.코엑스북문,127.057639012,37.5135467163,11680,강남구
23192,봉은사역3번출구.삼성1파출소,127.0601628839,37.5151079658,11680,강남구
23193,봉은사역5번출구.광동병원,127.0621999736,37.514457156,11680,강남구
23194,노블발렌티웨딩홀,127.0647588832,37.5148306999,11680,강남구
23195,새마을금고중앙회,127.065604,37.512568,11680,강남구
23196,강남경찰서.강남운전면허시험장,127.0659088469,37.5098983164,11680,강남구
23197,삼성역7번출구,127.061718,37.51231,11680,강남구
23198,무역센터,127.0610582829,37.512027938,11680,강남구
23199,무역센터,127.0619023166,37.5105781837,11680,강남구
23200,강남구보건소,127.0417754477,37.5154775223,11680,강남구
23201,한국무역센터.삼성역,127.060899,37.508448,11680,강남구
23202,포스코사거리,127.0563179719,37.5078226593,11680,강남구
23203,한별구립어린이집,127.0549014268,37.5104103876,11680,강남구
23204,센트럴아이파크.강남구도시관리공단,127.0520466841,37.5157795361,11680,강남구
23205,삼성동서광아파트,127.0424517989,37.5173233382,11680,강남구
23206,강남구청.강남세무서,127.0476647353,37.5182413732,11680,강남구
23207,청담역7번출구,127.0506188246,37.5176356522,11680,강남구
23208,센트럴아이파크.강남구도시관리공단,127.0518696115,37.5153174045,11680,강남구
23209,한별구립어린이집,127.0546026643,37.5102276026,11680,강남구
23210,삼성중앙역.플래티넘아파트,127.0515286905,37.512663758,11680,강남구
23211,삼성중앙역.플래티넘아파트,127.0518271312,37.5123779785,11680,강남구
23212,삼성2문화센터,127.0461375271,37.5110917636,11680,강남구
23213,삼성2문화센터,127.046512905,37.5108104729,11680,강남구
23214,선릉역8번출구.선정릉,127.0483328457,37.5062014334,11680,강남구
23215,선정릉역.국가무형유산전수교육관,127.0441954871,37.5097642558,11680,강남구
23216,한국토지주택공사앞,127.0432054996,37.5126364282,11680,강남구
23217,포스코건너편,127.0554269279,37.5066831874,11680,강남구
23218,선릉역,127.050205,37.505143,11680,강남구
23219,도곡역2번출구.동부센트레빌,127.0565229085,37.4915855937,11680,강남구
23220,도곡역.중대부고,127.0550936879,37.4918872375,11680,강남구
23221,단대부고.대치아이파크아파트,127.0537770662,37.4946749575,11680,강남구
23222,한티역3번출구.서울강남고용노동지청,127.0541425059,37.4964463596,11680,강남구
23223,삼성아파트입구,127.05956007,37.4981982,11680,강남구
23224,농협대치지점,127.0611545494,37.4979369667,11680,강남구
23225,대치SKVIEW아파트.서울교회,127.0620556876,37.4962613463,11680,강남구
23226,대치역1번출구,127.0614984174,37.4938592964,11680,강남구
23227,래미안대치팰리스,127.0585796232,37.4925595861,11680,강남구
23228,도곡역3번출구,127.0565474837,37.4911818874,11680,강남구
23229,대치동우성아파트,127.0596110202,37.4925770923,11680,강남구
23230,대치역8번출구,127.0622309495,37.4938624098,11680,강남구
23231,대치역7번출구.선경아파트,127.06408,37.492458,11680,강남구
23232,도곡역.대청중학교,127.0557033053,37.4902578609,11680,강남구
23233,은마아파트,127.0628615031,37.4955959062,11680,강남구
23234,은마치안센터,127.0615233829,37.4980989737,11680,강남구
23235,은마아파트,127.0631318417,37.4994819598,11680,강남구
23236,대치동은마아파트,127.0684549688,37.4989023513,11680,강남구
23237,은마아파트,127.0669737834,37.4957666584,11680,강남구
23238,대치동미도아파트,127.0677076244,37.4956049426,11680,강남구
23239,대치역6번출구.강남구민회관,127.064278,37.492785,11680,강남구
23240,쌍용아파트,127.0693334711,37.4980841758,11680,강남구
23241,선릉역,127.051217,37.505447,11680,강남구
23242,삼성역2번출구,127.06441,37.507253,11680,강남구
23243,강남경찰서.강남운전면허시험장,127.0670284926,37.5097985758,11680,강남구
23244,삼성역,127.0636868176,37.5071289459,11680,강남구
23245,휘문고교사거리,127.065214,37.504394,11680,강남구
23246,래미안하이스턴.대치순복음교회,127.0638660962,37.4999449909,11680,강남구
23247,대치현대아파트,127.0600625549,37.5008238066,11680,강남구
23248,휘문중고등학교,127.0618980584,37.5039658555,11680,강남구
23249,휘문중고등학교,127.0614966158,37.5040741974,11680,강남구
23250,대치사거리,127.0585776263,37.5036604676,11680,강남구
23251,한국무역센터.삼성역,127.0605488571,37.5078401374,11680,강남구
23252,한티역,127.0521475206,37.4981160997,11680,강남구
23253,도성초등학교,127.0512135652,37.5001223629,11680,강남구
23254,도성초교사거리,127.0519567662,37.5008208922,11680,강남구
23255,강남농협.풍림아이원아파트,127.0563510713,37.5021979661,11680,강남구
23256,강남농협.풍림아이원아파트,127.0568832362,37.5026183817,11680,강남구
23257,도성초교사거리,127.0516118811,37.5008818613,11680,강남구
23258,진선여자중고등학교,127.049965539,37.5027442041,11680,강남구
23259,선릉역,127.050462265,37.5047611955,11680,강남구
23260,포스코빌딩,127.0548888307,37.5060493833,11680,강남구
23261,대치사거리,127.058292,37.503405,11680,강남구
23262,대치동현대아파트,127.0591748622,37.501646012,11680,강남구
23263,은마아파트입구사거리,127.0600675492,37.4987273789,11680,강남구
23264,도곡초등학교,127.0566485239,37.4976896078,11680,강남구
23265,한티역2번출구.서울강남고용노동지청,127.0539289896,37.4967735576,11680,강남구
23266,신논현역4번출구,127.025813,37.504682,11680,강남구
23267,삼정호텔앞,127.0311108359,37.5062420273,11680,강남구
23268,차병원,127.0344860558,37.50553234,11680,강남구
23269,언주역6번출구.차병원,127.0345489808,37.5063571874,11680,강남구
23270,언주역5번출구.차병원사거리,127.0353224874,37.5075577236,11680,강남구
23271,시티프라디움더강남.라움아트센터,127.0389267017,37.5078627567,11680,강남구
23272,라움아트센터.시티프라디움더강남,127.0396488905,37.5077449631,11680,강남구
23273,아크로힐스논현,127.0406479555,37.5091077534,11680,강남구
23274,선정릉역4번출구.시니어플라자,127.0428920405,37.5098413413,11680,강남구
23275,선정릉역.국가무형유산전수교육관,127.0440935191,37.5092335728,11680,강남구
23276,선릉역7번출구,127.0481759639,37.5058843866,11680,강남구
23277,서울상록회관.한국기술센터,127.044057,37.503232,11680,강남구
23278,KT강남지사,127.0419791463,37.5047549674,11680,강남구
23279,KT강남지사,127.0414645036,37.5047578524,11680,강남구
23280,아가방빌딩.하나은행,127.0387713026,37.5016408218,11680,강남구
23281,역삼역7번출구.GS타워,127.036766173,37.5015046036,11680,강남구
23426,쟁골마을,127.1043990475,37.4826545844,11680,강남구
23282,역삼역6번출구,127.0363873327,37.5015407612,11680,강남구
23283,역삼역4번출구,127.0347356752,37.500428516,11680,강남구
23284,강남역12번출구,127.0295583305,37.4988103664,11680,강남구
23285,강남역11번출구,127.027257,37.499338,11680,강남구
23286,신논현역6번출구,127.0257902121,37.502359976,11680,강남구
23287,강남역1번출구.역삼세무서,127.0290968277,37.4982974547,11680,강남구
23288,역삼역.포스코타워역삼,127.0335958701,37.4994895468,11680,강남구
23289,영동중앙교회,127.0379751499,37.4981539451,11680,강남구
23290,강남구보건소,127.042151467,37.515333228,11680,강남구
23291,역삼럭키아파트.역삼월드메르디앙아파트,127.0387194718,37.491838771,11680,강남구
23292,역삼초등학교,127.0341843565,37.4942184896,11680,강남구
23293,역삼초등학교,127.0341054359,37.4943308436,11680,강남구
23294,뱅뱅사거리.역삼동,127.033598088,37.4902625053,11680,강남구
23295,역삼초등학교,127.0306529668,37.492195273,11680,강남구
23296,역삼2동주민센터.대림역삼아파트,127.0459926766,37.496245263,11680,강남구
23297,래미안그레이튼아파트,127.0457084122,37.4960436368,11680,강남구
23298,역삼자이아파트,127.044319709,37.499810373,11680,강남구
23299,역삼동성당.역삼자이아파트,127.0437950854,37.4998793449,11680,강남구
23300,역삼동개나리아파트,127.0475961987,37.4993788675,11680,강남구
23301,역삼동개나리아파트,127.047567,37.499583,11680,강남구
23302,총지사,127.0404501731,37.4963226138,11680,강남구
23303,총지사,127.0408425358,37.4966904984,11680,강남구
23304,영동중앙교회,127.03857548,37.4977185179,11680,강남구
23305,대한사회복지회,127.038818,37.501137,11680,강남구
23306,한국자산신탁.센터필드,127.044247,37.502783,11680,강남구
23307,진선여자중고등학교,127.0498724735,37.5022648571,11680,강남구
23308,역삼e-편한세상아파트,127.0512977977,37.4992545645,11680,강남구
23309,한티역,127.0522475418,37.4972023372,11680,강남구
23310,한티역7번출구,127.0514784788,37.4960052231,11680,강남구
23311,역삼중학교.강남세브란스병원,127.0476983171,37.49471181,11680,강남구
23312,도곡1차아이파크.역삼청소년센터,127.0417858592,37.4928082151,11680,강남구
23313,총지사,127.0398633221,37.4949426926,11680,강남구
23314,도곡1동주민센터.역삼럭키아파트,127.0390292015,37.4915800523,11680,강남구
23315,도곡1차아이파크.도곡중학교,127.0424021052,37.4926349836,11680,강남구
23316,매봉삼성아파트.SK리더스뷰,127.0489606775,37.4881449495,11680,강남구
23317,매봉역.양재최의원,127.0445616798,37.4861642605,11680,강남구
23318,양재역말죽거리.강남베드로병원,127.0379686178,37.4852510407,11680,강남구
23319,뱅뱅사거리.은광여고,127.032807632,37.4877243166,11680,강남구
23320,고속철도수서역,127.1037382748,37.4845010698,11680,강남구
23321,뱅뱅사거리.뱅뱅프라자,127.0328763684,37.4897472768,11680,강남구
23322,원불교앞,127.0423551365,37.4835581756,11650,서초구
23323,매봉역,127.0448542288,37.4859166406,11680,강남구
23324,도곡개포한신아파트,127.049239,37.48791,11680,강남구
23325,개포한신.우성4차아파트,127.050372953,37.4870851555,11680,강남구
23326,우성캐릭터빌아파트,127.0508009097,37.4870096821,11680,강남구
23327,군인공제회관,127.0520250488,37.4892113897,11680,강남구
23328,선정릉역.라마다서울호텔,127.045647,37.510642,11680,강남구
23329,숙명여고,127.0523674556,37.4897270653,11680,강남구
23330,도곡렉슬아파트.강남세브란스병원,127.0481867043,37.4944367753,11680,강남구
23331,한티역6번출구,127.05194,37.495722,11680,강남구
23332,도곡렉슬아파트정문,127.053435578,37.4947508051,11680,강남구
23333,중대부고앞,127.054525,37.492538,11680,강남구
23334,구룡중학교앞,127.057243,37.485803,11680,강남구
23335,개포1동주민센터.개포고등학교,127.059951,37.483066,11680,강남구
23336,개현초등학교,127.062072,37.481319,11680,강남구
23338,개포파크빌리지,127.057772,37.477328,11680,강남구
23339,구룡초교사거리,127.0542007012,37.4809034856,11680,강남구
23340,현대아파트경남아파트,127.0531173735,37.4828745638,11680,강남구
23341,현대1차.우성3차아파트,127.056549,37.482973,11680,강남구
23342,개일초등학교앞,127.0572119951,37.4861731624,11680,강남구
23343,개포고등학교,127.058944,37.484213,11680,강남구
23344,개포1동주민센터,127.0609693505,37.4825013593,11680,강남구
23345,래미안블레스티지아파트,127.063217,37.480651,11680,강남구
23346,개포도서관,127.0638958786,37.4836959018,11680,강남구
23347,수도전기공고후문,127.0656239958,37.484782057,11680,강남구
23348,수도전기공고후문,127.065984,37.485273,11680,강남구
23349,디에이치아너힐즈,127.068697,37.48373,11680,강남구
23350,개포자이프레지던스,127.069256,37.483766,11680,강남구
23351,경기여고,127.067244,37.48653,11680,강남구
23352,개포동역7번출구.개포시장,127.066161548,37.4886501992,11680,강남구
23353,개포주공5단지경기여고,127.0674711689,37.4867075784,11680,강남구
23354,개포동역6번출구.개포시장,127.0665798221,37.4885440958,11680,강남구
23355,개포시장.개포5단지상가,127.0680732652,37.4895230906,11680,강남구
23356,개포시장.개포5단지상가,127.068631,37.489411,11680,강남구
23357,양전초등학교,127.070593,37.490243,11680,강남구
23358,개포6단지앞,127.07042,37.489962,11680,강남구
23359,디에이치자이개포아파트,127.0755690336,37.4923003831,11680,강남구
23360,개원중학교.대모산입구역2번출구,127.072156,37.492262,11680,강남구
23361,개포주공7단지앞,127.0738085758,37.4891592437,11680,강남구
23362,일원초등학교,127.0746897303,37.488338773,11680,강남구
23363,현대아파트,127.0528285196,37.4822653767,11680,강남구
23364,개포래미안포레스트,127.0546102524,37.4799411421,11680,강남구
23365,능인선원앞,127.0523679256,37.4725527152,11680,강남구
23366,구룡산입구,127.0617734705,37.4772998668,11680,강남구
23367,능인선원앞,127.0523276925,37.4720609789,11680,강남구
23368,구룡사입구,127.0507511248,37.4719206884,11650,서초구
23369,국악고교사거리,127.0480450265,37.474526919,11650,서초구
23370,삼호물산,127.0452517449,37.4772430549,11650,서초구
23371,구룡초등학교,127.05311,37.480828,11680,강남구
23372,광수빌딩,127.0493324033,37.4790607546,11680,강남구
23373,국민은행.포이근린공원,127.0468254619,37.4787698164,11680,강남구
23374,포이사거리.삼호물산,127.045145,37.478451,11680,강남구
23375,포이사거리.삼호물산,127.045191,37.478296,11680,강남구
23376,국민은행.포이근린공원,127.0472425588,37.4785641982,11680,강남구
23377,광수빌딩,127.0493780029,37.4789049887,11680,강남구
23378,개포지구대,127.0512016967,37.4794240061,11680,강남구
23379,구룡초등학교,127.052903,37.480467,11680,강남구
23380,수서삼성아파트앞,127.0909893034,37.4843993977,11680,강남구
23381,일원본동주민센터,127.0847497652,37.4834885153,11680,강남구
23382,푸른마을아파트앞,127.0805834065,37.4829129209,11680,강남구
23383,상록수아파트앞,127.0821222482,37.4828046299,11680,강남구
23384,일원본동주민센터,127.0859753943,37.4833831017,11680,강남구
23385,수서119안전센터앞,127.0938503097,37.4842412879,11680,강남구
23386,삼성서울병원정문,127.0829902821,37.4865445092,11680,강남구
23387,삼성서울병원정문건너편,127.0824491516,37.4870251768,11680,강남구
23388,일원역7번출구,127.0833076652,37.484911433,11680,강남구
23389,삼성서울병원후문,127.0875200547,37.4901997236,11680,강남구
23390,글래드라이브강남호텔,127.068697,37.48373,11680,강남구
23391,을지병원.포포인츠강남&호텔선샤인,127.0288547701,37.5201296971,11680,강남구
23392,삼성서울병원사거리,127.0824473261,37.4891174907,11680,강남구
23393,강남한양수자인아파트,127.1133506298,37.4781574286,11680,강남구
23394,강남한양수자인아파트,127.113478,37.477818,11680,강남구
23395,대치아파트.대모산입구역3번출구,127.0724873208,37.4924140029,11680,강남구
23396,삼성서초역삼세무서,127.0297942021,37.4984123659,11680,강남구
23397,대청역6번출구,127.0786043309,37.4932399657,11680,강남구
23398,마루공원,127.0833130163,37.4948202584,11680,강남구
23399,대청초등학교,127.0865721019,37.493870617,11680,강남구
23400,서울일원동우체국,127.0876266147,37.4919969862,11680,강남구
23401,수서역.현대벤쳐빌,127.1021201028,37.4876807848,11680,강남구
23402,수서역2번출구,127.1007452609,37.4883076816,11680,강남구
23403,수서역.KT수서지점,127.0998654903,37.4885476793,11680,강남구
23404,수서역1번출구,127.1007358421,37.4871885183,11680,강남구
23405,세곡동주민센터,127.1080981819,37.4696395193,11680,강남구
23406,궁마을,127.0973286229,37.4854278045,11680,강남구
23407,궁마을,127.0976066393,37.4852808034,11680,강남구
23408,수서역6번출구,127.1020425697,37.4867911067,11680,강남구
23409,수서역5번출구,127.1025969044,37.4868602717,11680,강남구
23410,수서역.로즈데일빌딩,127.1028677279,37.4873984409,11680,강남구
23411,세곡동주민센터,127.1076740129,37.469461957,11680,강남구
23412,은곡마을.LH이편한세상,127.1025352444,37.4653476974,11680,강남구
23413,강남신동아파밀리에1단지,127.0999208093,37.4654339318,11680,강남구
23414,대왕초등학교,127.1068384861,37.4646708281,11680,강남구
23415,세곡동사거리,127.1078294794,37.4635777855,11680,강남구
23416,세곡동,127.1095067201,37.4646105826,11680,강남구
23417,광연자동차학원앞,127.1163609853,37.4656909003,11680,강남구
23418,삼일자동차학원.강남자동차검사소,127.1211804938,37.4679153957,11680,강남구
23419,삼일자동차학원.강남자동차검사소,127.1207679842,37.4679987199,11680,강남구
23420,광연자동차학원앞,127.1188445352,37.4670229687,11680,강남구
23421,세곡동,127.1093969858,37.4649373007,11680,강남구
23422,세곡동사거리,127.108561756,37.465796284,11680,강남구
23423,방죽마을,127.107350365,37.4723837769,11680,강남구
23424,래미안포레아파트,127.1067825531,37.4745489674,11680,강남구
23425,쟁골마을,127.1050772751,37.4818869624,11680,강남구
23427,래미안포레아파트,127.1062605211,37.4751350942,11680,강남구
23428,방죽마을,127.106920465,37.4722247345,11680,강남구
23429,압구정역3번출구,127.0287139855,37.5260014748,11680,강남구
23430,국민은행압구정종합금융센터,127.0285130905,37.523272893,11680,강남구
23431,언주역2번출구.차병원사거리,127.0333616903,37.5079530218,11680,강남구
23432,영동고교앞,127.0398932882,37.5215035461,11680,강남구
23433,개포우성6차아파트,127.0578803329,37.4757363339,11680,강남구
23434,은곡마을진입로,127.0987019628,37.4657576277,11680,강남구
23435,대치유수지체육공원,127.068123,37.501358,11680,강남구
23436,우성아파트,127.0684146056,37.501143627,11680,강남구
23437,세곡푸르지오.은곡삼거리,127.0946994252,37.4649702658,11680,강남구
23438,삼성역3번출구,127.0637122939,37.5071627199,11680,강남구
23439,세곡푸르지오.은곡삼거리,127.096478,37.465062,11680,강남구
23440,LH수서아파트,127.105708,37.479078,11680,강남구
23441,LH수서아파트,127.1053468464,37.4786070506,11680,강남구
23442,세곡2지구3.4단지,127.1100617023,37.4769291284,11680,강남구
23443,수서역6번출구,127.102526537,37.486361578,11680,강남구
23444,역삼1동주민센터,127.032341,37.496548,11680,강남구
23445,개포우성아파트,127.0578638641,37.4765644257,11680,강남구
23446,래미안강남힐즈,127.0973806587,37.4723483229,11680,강남구
23447,세곡중학교.세명초등학교,127.0917980067,37.4702479734,11680,강남구
23448,세곡중학교.세명초등학교,127.0920469065,37.4704122141,11680,강남구
23449,일원동한솔아파트,127.0793139035,37.4825445295,11680,강남구
23450,시립수서청소년센터,127.089107,37.483863,11680,강남구
23451,한강버스압구정선착장A,127.019564,37.527273,11680,강남구
23452,한강버스압구정선착장B,127.017563,37.526256,11680,강남구
23453,포스코사거리,127.055736576,37.5080791101,11680,강남구
23454,대왕초등학교,127.1065571269,37.4650705422,11680,강남구
23456,도곡역4번출구,127.0556100386,37.4899733606,11680,강남구
23457,개포중학교,127.063631,37.480019,11680,강남구
23458,구룡마을,127.064041,37.478975,11680,강남구
23459,디에이치퍼스티어아이파크,127.056741,37.478381,11680,강남구
23460,싸리고개공원교차로,127.036127,37.491091,11680,강남구
23462,영희초등학교,127.0804871277,37.4911914327,11680,강남구
23463,못골마을.강남자곡아이파크,127.1017217712,37.4732649886,11680,강남구
23464,못골마을,127.1018882443,37.4731023528,11680,강남구
23465,태화기독교사회복지관,127.0933527923,37.4845282141,11680,강남구
23466,개포도서관,127.063564,37.483553,11680,강남구
23467,강남세곡체육공원,127.112862,37.465565,11680,강남구
23468,도곡교회.인바디빌딩,127.0554585033,37.4744335616,11680,강남구
23469,강남세브란스병원,127.0474623305,37.4933489347,11680,강남구
23470,도곡교회.인바디빌딩.건너,127.0559940835,37.4742753543,11680,강남구
23471,래미안강남힐즈,127.0952484632,37.4722905356,11680,강남구
23472,도곡중학교.강남세브란스병원,127.0467216289,37.4936020408,11680,강남구
23473,강남경찰서.강남운전면허시험장,127.0660087348,37.5095036021,11680,강남구
23474,수도공고앞,127.061926,37.487234,11680,강남구
23475,개포4단지5단지,127.068309,37.486365,11680,강남구
23476,개포4단지6단지,127.072073511,37.4868514825,11680,강남구
23477,개포4단지7단지,127.0735755585,37.487918251,11680,강남구
23478,마루공원,127.082818,37.49485,11680,강남구
23479,개포동역1번출구,127.0654139271,37.488967804,11680,강남구
23480,세곡푸르지오,127.093835078,37.4675388365,11680,강남구
23481,도곡1동주민센터.경남아파트,127.0413200765,37.4889759836,11680,강남구
23482,강남효성해링턴코트,127.0939126611,37.4676884285,11680,강남구
23483,구룡역5번출구,127.0591999287,37.4861062927,11680,강남구
23484,구룡역1번출구,127.058961369,37.4861696665,11680,강남구
23488,역삼럭키아파트,127.0411232813,37.4916371451,11680,강남구
23489,래미안개포루체하임아파트,127.0814750981,37.4893028717,11680,강남구
23491,수도공고,127.062351,37.48755,11680,강남구
23492,개포4단지6단지,127.0719670062,37.4869928876,11680,강남구
23493,개포4단지5단지,127.068237,37.486497,11680,강남구
23494,강남역12번출구A,127.0294748515,37.4987376489,11680,강남구
23500,학여울역,127.071451,37.497144,11680,강남구
23501,학여울역,127.0713978002,37.4966786872,11680,강남구
23504,도곡한신아파트,127.0411576487,37.4868758329,11680,강남구
23505,현대1차아파트,127.05525,37.482287,11680,강남구
23507,영동고등학교.현대아파트,127.0395300499,37.5213549869,11680,강남구
23508,개포4단지7단지,127.0729326014,37.4876526608,11680,강남구
23509,총회회관.휘문고입구,127.066098,37.504156,11680,강남구
23510,예림당아트홀.신한은행전산센터,127.0442961535,37.498222358,11680,강남구
23511,새마을운동중앙회,127.0673747926,37.5020166731,11680,강남구
23512,총지사,127.0395898829,37.4947101031,11680,강남구
23513,신한은행데이터센터,127.0436967482,37.4981459957,11680,강남구
23514,포스코사거리,127.0575278976,37.5073192617,11680,강남구
23515,우성3차아파트,127.0571827363,37.4838187251,11680,강남구
23516,우성6차아파트,127.0551994825,37.4775486459,11680,강남구
23517,포이초교,127.0526851839,37.4752206839,11680,강남구
23518,국악중고교,127.0506448815,37.4756518082,11680,강남구
23519,풍양빌딩,127.0488173808,37.4773892734,11680,강남구
23520,코원에너지서비스,127.0760972384,37.4980697598,11680,강남구
23521,코원에너지서비스,127.076162131,37.4984896319,11680,강남구
23523,포스코사거리교차로,127.0579066873,37.5070321739,11680,강남구
23524,국민은행개포남지점,127.0479647043,37.4787861872,11680,강남구
23525,삼익아파트앞,127.041707484,37.4898912383,11680,강남구
23526,래미안포레아파트,127.1072950785,37.4756585108,11680,강남구
23527,디아크리온강남아파트,127.1076846516,37.4760978962,11680,강남구
23528,세곡2지구3.4단지,127.110393,37.476668,11680,강남구
23529,도곡한신아파트,127.0414335753,37.4865461779,11680,강남구
23530,강남더샵라르고오피스텔,127.1048166174,37.4752274507,11680,강남구
23531,한남대교전망카페,127.0156821849,37.5245524646,11680,강남구
23532,서울의료원후문,127.0670297734,37.512854221,11680,강남구
23533,구룡마을,127.061773461,37.477288604,11680,강남구
23536,학동역,127.0299918634,37.5153752342,11680,강남구
23537,은곡마을.강남신동아파밀리에,127.102457,37.465026,11680,강남구
23538,강남현대힐스테이트에코,127.1049627778,37.4750109081,11680,강남구
23543,대왕초등학교,127.1060868044,37.4647336817,11680,강남구
23544,수서역5번출구.이마트앞,127.1026711271,37.4867890817,11680,강남구
23545,개포4복합문화센터.달터공원,127.0496563833,37.4765501377,11680,강남구
23546,일원역,127.0837487838,37.4842740914,11680,강남구
23547,수서역.로즈데일빌딩,127.102806,37.487511,11680,강남구
23548,수서역,127.100588,37.488469,11680,강남구
23552,삼성서울병원정문,127.0831278825,37.486220916,11680,강남구
23557,국민은행,127.0477270355,37.4783965969,11680,강남구
23558,삼성서울병원본관,127.0843625606,37.4880871291,11680,강남구
23562,한아름아파트.사이룩스오피스텔,127.1043695699,37.4882883158,11680,강남구
23564,암센터후문.장례식장,127.0877033472,37.489906166,11680,강남구
23569,암센터정문,127.0877105812,37.4887280795,11680,강남구
23572,신분당선.강남역4번출구,127.0295651284,37.4945395934,11680,강남구
23573,영동2교,127.0436209282,37.4824106082,11680,강남구
23575,강남서초교육지원청,127.0474431396,37.5114525879,11680,강남구
23579,래미안루체하임.일원동맛의거리,127.0816026028,37.4895038011,11680,강남구
23580,신논현역,127.0259766968,37.5019598458,11680,강남구
23586,영희초등학교후문,127.080747403,37.4913516516,11680,강남구
23595,개포동역8번출구,127.064961,37.488672,11680,강남구
23597,강남우체국,127.07827,37.493332,11680,강남구
23598,도성초등학교앞,127.0503202915,37.5004642646,11680,강남구
23600,개포3일원1동통합주민센터,127.0753812691,37.4923887632,11680,강남구
23629,LH이-편한세상,127.1018353507,37.4674060713,11680,강남구
23641,신논현역,127.0265819837,37.5007572469,11680,강남구
23697,동영문화센터,127.0448218851,37.4980171807,11680,강남구
23698,도곡2동주민센터.대치중학교,127.0454044309,37.4842540701,11680,강남구
23720,도곡2동주민센터.대치중학교,127.0453310783,37.484486108,11680,강남구
23728,대청역,127.0796503721,37.4932933255,11680,강남구
23731,영동2교,127.0436397429,37.4827748285,11680,강남구
23738,강남세브란스병원,127.0460354686,37.4941024226,11680,강남구
23741,삼성역2번출구,127.06441,37.507253,11680,강남구
23749,매봉역입구,127.046452,37.485055,11680,강남구
23756,역삼청소년센터.도곡1차아이파크,127.0427156329,37.4931043457,11680,강남구
23766,ST송은빌딩,127.0440702137,37.5240522735,11680,강남구
23781,삼성역,127.061674,37.512292,11680,강남구
23801,코엑스도심공항,127.0588873921,37.5092735748,11680,강남구
23804,삼성역.그랜드인터컨티넨탈,127.0610024043,37.5084785929,11680,강남구
23806,포스코사거리,127.0551984022,37.5066283272,11680,강남구
23812,역삼역,127.0348444801,37.5003770293,11680,강남구
23813,강남역,127.0300921798,37.4985037086,11680,강남구
23814,강남역12번출구,127.0293968328,37.4987123716,11680,강남구
23815,영희초등학교정문,127.0826658438,37.4917702392,11680,강남구
23816,봉은사역.코엑스인터컨티넨탈,127.0574429913,37.5136126215,11680,강남구
23818,코엑스동문,127.0608484979,37.5123828691,11680,강남구
23819,일원지구대,127.0844466897,37.4925024781,11680,강남구
23822,대청초교삼거리,127.0862704324,37.4933069756,11680,강남구
23823,대청초교삼거리,127.0863914747,37.4931669875,11680,강남구
23827,양재역,127.0384964886,37.4849998548,11680,강남구
23828,도곡동,127.0491445012,37.4879492434,11680,강남구
23829,타워펠리스,127.0520250488,37.4892113897,11680,강남구
23830,대치동,127.0616002918,37.4935766706,11680,강남구
23831,학여울역,127.0676293089,37.4956366787,11680,강남구
23832,개포동,127.0737651349,37.4888592582,11680,강남구
23838,학여울역,127.0672656518,37.4958593062,11680,강남구
23839,대치동,127.0613687324,37.4938876386,11680,강남구
23840,타워펠리스,127.052447,37.489825,11680,강남구
23841,양재역,127.0388556909,37.485414201,11680,강남구
23842,신사동,127.0193598476,37.5176547419,11680,강남구
23843,미성아파트,127.0215333659,37.5235221474,11680,강남구
23844,리베라호텔,127.0546317101,37.5237692203,11680,강남구
23848,압구정역,127.0309163621,37.5286017159,11680,강남구
23851,청담자이아파트,127.056339,37.522073,11680,강남구
23855,노블발렌티웨딩홀,127.0648043953,37.5151343457,11680,강남구
23856,양재전화국,127.0407892731,37.485645559,11680,강남구
23857,대치2동주민센터.래미안하이스턴,127.066677,37.501732,11680,강남구
23858,봉은사역.삼성래미안아파트,127.062290678,37.5147161467,11680,강남구
23861,디에이치퍼스티어아이파크,127.058296,37.47995,11680,강남구
23862,개포중학교,127.060267,37.481031,11680,강남구
23863,강남구민체육관,127.053878,37.47599,11680,강남구
23866,LPG가스충전소,127.035844,37.490756,11680,강남구
23871,수서역,127.0998006806,37.4887031579,11680,강남구
23872,서울일원동우체국,127.087654,37.492279,11680,강남구
23874,일원지구대,127.0841549821,37.4925603569,11680,강남구
23876,동영문화센터,127.0450698684,37.4982163309,11680,강남구
23877,영희초등학교정문,127.0824080525,37.4918172767,11680,강남구
23878,삼성서울병원정문건너편,127.0827108625,37.4864455837,11680,강남구
23880,일원역,127.0835865217,37.484028248,11680,강남구
23883,강남더드림병원.도성초등학교,127.050799086,37.5010137322,11680,강남구
23884,대왕파출소,127.1077413737,37.465202563,11680,강남구
23885,언주역.삼정&베스트웨스턴강남,127.0311436057,37.5063406555,11680,강남구
23893,강남신동아파밀리에2단지,127.101712859,37.4646017803,11680,강남구
23896,한신휴플러스6단지,127.1039561716,37.4689755358,11680,강남구
23911,중동고등학교,127.0800445003,37.4928867094,11680,강남구
23912,역삼아르누보&조선팰리스강남,127.0426789882,37.5032714481,11680,강남구
23917,영희초등학교후문,127.0804796035,37.4915200321,11680,강남구
23918,양재역4번출구,127.0368399956,37.4850648693,11680,강남구
23920,양재역.종합복지관,127.0361954353,37.4847100069,11680,강남구
23921,양재역5번출구,127.0366159066,37.484670255,11650,서초구
23922,삼성역7번출구,127.061802,37.512051,11680,강남구
23923,삼성역7번출구,127.061736,37.512172,11680,강남구
23924,도곡중학교.강남세브란스병원,127.044394,37.493343,11680,강남구
23925,역삼2동주민센터.래미안그레이튼아파트,127.0466349415,37.4948269156,11680,강남구
23931,노보텔앰배서더호텔,127.028764,37.505561,11680,강남구
23933,방죽마을입구,127.1064669403,37.4712200208,11680,강남구
23937,방죽마을입구,127.106377,37.471284,11680,강남구
23938,한신휴플러스6단지,127.103892,37.469051,11680,강남구
23940,LH이-편한세상,127.1017450741,37.467521028,11680,강남구
23941,은곡마을,127.0976381775,37.4669861388,11680,강남구
23942,상업지역,127.1009106768,37.4669833895,11680,강남구
23943,강남신동아파밀리에,127.1013099646,37.4654986324,11680,강남구
23944,세종고등학교,127.1029015023,37.4878639673,11680,강남구
23946,세곡푸르지오,127.0945265693,37.4668377495,11680,강남구
23947,세곡푸르지오,127.094373898,37.4667838109,11680,강남구
23948,상업지역,127.0999592175,37.4671769696,11680,강남구
23949,은곡마을,127.0967995753,37.4672323203,11680,강남구
23950,강남스포츠문화센터,127.1050565277,37.4885775772,11680,강남구
23951,삼정호텔,127.0310907911,37.5062370429,11680,강남구
23958,리엔파크3단지,127.1038273014,37.4630389394,11680,강남구
23960,포스코사거리,127.0555079747,37.5086692856,11680,강남구
23961,서울요양원.강남구립행복요양병원,127.1034878036,37.4607011121,11680,강남구
23962,LH이편한세상,127.1018278599,37.4666325065,11680,강남구
23963,강남데시앙포레정문,127.0890614341,37.4814068182,11680,강남구
23964,강남데시앙포레상가앞,127.0918528925,37.4813620057,11680,강남구
23965,강남더샵포레스트아파트,127.0944327655,37.4821279592,11680,강남구
23967,강남신동아파밀리에1단지,127.1013912358,37.4633952819,11680,강남구
23968,강남더샵포레스트아파트,127.0942667912,37.4820890986,11680,강남구
23969,강남데시앙포레상가앞,127.0927451217,37.4814270894,11680,강남구
23970,강남데시앙포레정문,127.0895874825,37.4818476385,11680,강남구
23971,수서교회.수서동성당앞,127.0945644992,37.4834861241,11680,강남구
23972,수서교회.수서동성당앞,127.0946662374,37.4834702749,11680,강남구
23981,삼성서울병원사거리,127.0826986083,37.4888402553,11680,강남구
23993,강남신동아파밀리에2단지,127.1022596955,37.4634710379,11680,강남구
23994,일원주유소.삼성서울병원후문,127.0876822994,37.4906537597,11680,강남구
23995,리엔파크4단지.강남데시앙파크,127.1018750091,37.4612273528,11680,강남구
24001,잠실역.잠실대교남단,127.0985638839,37.5155383911,11710,송파구
24002,잠실역.잠실대교남단,127.0996446129,37.5137872849,11710,송파구
24003,석촌호수.한솔병원,127.1058262006,37.5068001738,11710,송파구
24004,석촌호수.한솔병원,127.1052520216,37.507105259,11710,송파구
24005,석촌역,127.109062,37.503242,11710,송파구
24006,석촌역,127.108318,37.503857,11710,송파구
24007,송파역,127.111934,37.500093,11710,송파구
24008,송파역,127.111084,37.500836,11710,송파구
24009,가락시장.가락시장역,127.117262,37.494271,11710,송파구
24010,가락시장.가락시장역,127.116389,37.495024,11710,송파구
24011,문정로데오거리입구,127.1214160323,37.488212078,11710,송파구
24012,문정로데오거리입구,127.120756,37.489317,11710,송파구
24013,문정법조단지.건영아파트,127.124583,37.481955,11710,송파구
24014,문정법조단지.건영아파트,127.123821,37.483219,11710,송파구
24015,장지역.가든파이브,127.126126,37.478856,11710,송파구
24016,장지역.가든파이브,127.12543,37.480076,11710,송파구
24017,잠실역.롯데월드몰,127.1005791644,37.5127165509,11710,송파구
24050,잠실광역환승센터,127.1007210704,37.5123429607,11710,송파구
24101,천호역.풍납시장,127.122573363,37.5370408432,11710,송파구
24102,서울풍납동우체국,127.1215873404,37.5342780446,11710,송파구
24103,파크데일아파트2단지앞,127.1584215427,37.4979450637,11710,송파구
24104,파크데일아파트1단지앞,127.1584260863,37.4981356955,11710,송파구
24105,풍납1동동아한가람아파트,127.1144409964,37.5370174691,11710,송파구
24106,풍납동신성노바빌,127.1158760068,37.538146277,11710,송파구
24107,풍납동씨티극동아파트,127.1171232654,37.5392876113,11710,송파구
24108,풍납토성.천호역10번출구,127.1219626352,37.5389358276,11710,송파구
24109,영파여고.강동구청역,127.1205104608,37.5312540389,11710,송파구
24110,풍납동극동.쌍용아파트,127.1180236157,37.5265632485,11710,송파구
24111,풍납중학교,127.1149375554,37.5246379417,11710,송파구
24112,풍성중학교.잠실올림픽아이파크,127.1135650154,37.5248109306,11710,송파구
24113,아산생명과학연구원,127.1099764895,37.5248334207,11710,송파구
24114,서울아산병원동관,127.1071794656,37.5268880703,11710,송파구
24115,서울아산병원동관,127.1075881058,37.5270255668,11710,송파구
24116,풍납토성서성벽,127.1107357443,37.5314550714,11710,송파구
24117,송파두산위브.송파소방서,127.1416513795,37.5001266228,11710,송파구
24118,송파두산위브.송파소방서,127.1418761558,37.5000316637,11710,송파구
24119,토성초등학교.현대리버빌아파트,127.114543517,37.5300706557,11710,송파구
24120,한강극동아파트후문,127.112225803,37.5311067795,11710,송파구
24121,올림픽대교남단,127.115419,37.526761,11710,송파구
24122,마천역.송파파크센트럴,127.1513211166,37.4943493151,11710,송파구
24123,잠실파크리오아파트상가.올림픽회관,127.1146491783,37.521023915,11710,송파구
24124,잠실파크리오.잠실래미안아이파크,127.1099150878,37.5196076645,11710,송파구
24125,잠실파크리오.잠실르엘,127.106058,37.519021,11710,송파구
24126,잠실래미안아이파크.잠실파크리오,127.11125,37.5196,11710,송파구
24127,몽촌토성역,127.113109,37.518515,11710,송파구
24128,잠실래미안아이파크.잠실르엘,127.109397,37.516665,11710,송파구
24129,잠실나루역.더샵스타리버,127.104243,37.518236,11710,송파구
24130,잠실중학교.장미종합상가,127.10066,37.51715,11710,송파구
24131,잠실중학교,127.100445,37.516785,11710,송파구
24132,잠실역8번출구,127.1015366899,37.514013177,11710,송파구
24133,잠실역7번출구,127.099443484,37.5146065479,11710,송파구
24134,잠실역1번.11번출구,127.1032419033,37.5140635066,11710,송파구
24135,잠실역9번출구,127.1042158389,37.5149140996,11710,송파구
24136,송파구청.방이맛골,127.1072176522,37.5139968944,11710,송파구
24137,잠실역6번출구,127.0988017918,37.5143926246,11710,송파구
24138,잠실역.롯데월드,127.0977630619,37.5129509238,11710,송파구
24139,잠실5단지,127.0939144028,37.5122132454,11710,송파구
24140,잠실리센츠아파트앞,127.0913235945,37.5119152103,11710,송파구
24141,잠실새내역.잠실2동주민센터,127.0872805398,37.5117722886,11710,송파구
24142,잠실엘스아파트앞,127.0833904794,37.5118706155,11710,송파구
24143,종합운동장사거리,127.0796844479,37.5120589943,11710,송파구
24144,잠실종합운동장,127.0720732937,37.5111175337,11710,송파구
24145,잠실트리지움아파트앞,127.091102025,37.5115214003,11710,송파구
24146,잠실역.롯데월드,127.0981962498,37.51241161,11710,송파구
24147,갤러리아팰리스,127.0929234933,37.511317434,11710,송파구
24148,잠실트리지움.송파경찰서교통센터,127.0926278344,37.5109779513,11710,송파구
24149,영동일고.레이크팰리스앞,127.0921466781,37.5088084767,11710,송파구
24150,영동일고.트리지움동문앞,127.091732,37.509037,11710,송파구
24151,송파레이크힐아파트,127.143618,37.485173,11710,송파구
24152,잠실학원사거리.잠실트리지움남문,127.0902574376,37.5076826578,11710,송파구
24153,잠실119안전센터,127.0947494345,37.5070078199,11710,송파구
24154,잠실종합운동장,127.073172,37.510665,11710,송파구
24155,아시아선수촌아파트,127.0784474662,37.5104100042,11710,송파구
24156,아주중학교,127.0765948239,37.5047809208,11710,송파구
24157,종합운동장사거리,127.0795554593,37.5116128425,11710,송파구
24158,잠실새내역4번출구,127.0843635917,37.5114453148,11710,송파구
24159,영빌딩앞,127.089623,37.506535,11710,송파구
24160,잠실우성4차현대아파트,127.0852075828,37.5052624454,11710,송파구
24161,잠실우성4차현대아파트,127.0853685093,37.5049573596,11710,송파구
24162,잠실근린공원.성현교회,127.081873,37.506274,11710,송파구
24163,아시아선수촌아파트삼거리.성현교회,127.0809929896,37.5061948176,11710,송파구
24164,아시아선수촌아파트,127.079036654,37.5098569453,11710,송파구
24165,아주중학교,127.0779320598,37.5053703912,11710,송파구
24166,삼전역,127.0889637793,37.5039320658,11710,송파구
24167,삼전역,127.0897903395,37.5039542558,11710,송파구
24168,송파구민회관.구의회,127.0947575704,37.5027059543,11710,송파구
24169,송파구민회관.구의회,127.0945601098,37.5024275447,11710,송파구
24170,삼학사길사거리,127.0969945434,37.5046915991,11710,송파구
24171,잠실119안전센터,127.0929452929,37.5070038465,11710,송파구
24172,삼밭나루어린이공원입구,127.0898346017,37.5062807775,11710,송파구
24173,삼전역.잠실현대아파트,127.0874731559,37.5034263635,11710,송파구
24174,삼전동현대APT,127.0874664895,37.5004306288,11710,송파구
24175,삼전동쌍용하이츠빌라,127.0908500813,37.4992253627,11710,송파구
24176,삼전사회복지관,127.0942398906,37.498093007,11710,송파구
24177,배명중고교,127.0966612411,37.5001551941,11710,송파구
24178,석촌고분역,127.0983927355,37.5026705428,11710,송파구
24179,석촌고분역,127.0986427773,37.5024287111,11710,송파구
24180,석촌역.잠실한솔아파트,127.1052845803,37.5045154646,11710,송파구
24181,석촌역.잠실한솔아파트,127.1056431899,37.504393607,11710,송파구
24182,송파레이크파크호반써밋2차정문,127.143358,37.48504,11710,송파구
24183,삼학사길사거리,127.0972566454,37.5040381549,11710,송파구
24184,배명중고교,127.0969106203,37.4997098452,11710,송파구
24185,석촌동남현교회앞,127.1006951845,37.49902004,11710,송파구
24186,석촌동남현교회앞,127.1002693019,37.4988052989,11710,송파구
24187,송파책박물관.헬리오시티,127.1044857249,37.5002341376,11710,송파구
24188,송파책박물관.헬리오시티,127.1040226991,37.4999173582,11710,송파구
24189,송파사거리.석촌시장,127.1091779641,37.5015446024,11710,송파구
24190,송파사거리,127.1087521268,37.5016111846,11710,송파구
24191,송파역.헬리오시티,127.1110144742,37.5005814149,11710,송파구
24192,위례포레샤인13단지공원,127.1362423559,37.4831525877,11710,송파구
24193,송파여성문화회관,127.1094493659,37.5069356421,11710,송파구
24194,송파여성문화회관,127.1096247621,37.5067280867,11710,송파구
24195,송파초등학교.송파동성당,127.111297551,37.5091624679,11710,송파구
24196,송파초등학교.송파동성당,127.111379311,37.5087366131,11710,송파구
24197,방이사거리,127.1107862085,37.5106676569,11710,송파구
24198,포레나송파후문,127.146938,37.484588,11710,송파구
24199,송파나루역,127.1132143042,37.5095628649,11710,송파구
24200,한양공원,127.1138832242,37.5038731127,11710,송파구
24201,송파동한양1차아파트,127.1154171073,37.5059567152,11710,송파구
24202,서울방이동고분군,127.1151707999,37.5084245055,11710,송파구
24203,송파역,127.1129081285,37.4992928463,11710,송파구
24204,잠실더샵루벤,127.1174306486,37.4997831426,11710,송파구
24205,송파동삼익아파트,127.1219127896,37.5029232975,11710,송파구
24206,송파미성.가락삼익아파트,127.1203825294,37.5060869823,11710,송파구
24207,송파한양2차아파트,127.1157233661,37.5059979239,11710,송파구
24208,한양공원,127.113797,37.503707,11710,송파구
24209,잠실여고후문,127.112010612,37.5025722156,11710,송파구
24210,방이중학교,127.114367187,37.5141640145,11710,송파구
24211,한성백제역4번출구,127.1153631525,37.514991586,11710,송파구
24212,송파나루역.방이전통시장서문,127.1124463657,37.5110032307,11710,송파구
24213,송파나루역.방이전통시장서문,127.1129451561,37.5110903245,11710,송파구
24214,송파나루역,127.1116741986,37.5106794362,11710,송파구
24215,송파구청.방이맛골,127.1077935895,37.5133521526,11710,송파구
24216,잠실래미안아이파크.잠실르엘,127.1096189729,37.5161753691,11710,송파구
24217,올림픽베어스타운아파트앞,127.1191035641,37.5148280531,11710,송파구
24218,방이초등학교,127.1191093326,37.5118704957,11710,송파구
24219,방이전통시장동문,127.1180475372,37.5101122511,11710,송파구
24220,방이우체국,127.1139245961,37.5095130652,11710,송파구
24221,서울방이초교.올림픽공원남2문,127.1214072807,37.5140240154,11710,송파구
24222,올림픽공원장미광장,127.1249201549,37.512651295,11710,송파구
24223,방이역3번출구.대림아파트,127.1256144074,37.5084180897,11710,송파구
24224,잠실3차한양아파트,127.1217137999,37.5059143549,11710,송파구
24225,방이전통시장동문,127.1181178868,37.5098959398,11710,송파구
24226,방이초등학교,127.1194587268,37.5120164557,11710,송파구
24227,신구블레스밸리앞,127.1214991808,37.5114130601,11710,송파구
24228,신구블레스밸리,127.1218814103,37.511617539,11710,송파구
24229,방이동대림.코오롱아파트,127.1242379509,37.5091863822,11710,송파구
24230,방이동대림.코오롱아파트,127.1240112053,37.509558775,11710,송파구
24231,올림픽회관,127.1151501871,37.5209125924,11710,송파구
24232,풍납동극동.쌍용아파트,127.1186989404,37.5268432202,11710,송파구
24233,한성백제박물관,127.1193031384,37.5155282741,11710,송파구
24234,서울체육중.고등학교,127.1313779815,37.5222031515,11710,송파구
24235,둔촌오륜역.서문교회,127.1397435665,37.5184657678,11710,송파구
24236,서하남IC입구,127.142813844,37.5171037198,11710,송파구
24237,효죽동입구,127.142062,37.513062,11710,송파구
24238,포레나송파정문,127.1481048785,37.4871132362,11710,송파구
24239,올림픽공원장미광장,127.1261589886,37.5128834629,11710,송파구
24240,올림픽공원남2문,127.1218099465,37.5146224597,11710,송파구
24241,몽촌토성역.한성백제역,127.1146313009,37.5171997563,11710,송파구
24242,보성중고등학교,127.1335690395,37.5200225221,11710,송파구
24243,보성중고등학교,127.1330029301,37.5197348402,11710,송파구
24244,올림픽공원역,127.1308988886,37.5167177922,11710,송파구
24245,올림픽공원역,127.1314785378,37.516324269,11710,송파구
24246,올림픽공원테니스장,127.1285971938,37.5132952952,11710,송파구
24247,올림픽선수촌아파트,127.1293296238,37.5133215257,11710,송파구
24248,방이역,127.1264971658,37.5088511089,11710,송파구
24249,오금역.오금동현대아파트,127.1264326302,37.5032944565,11710,송파구
24250,오금공원앞,127.1329750231,37.4992235146,11710,송파구
24251,개롱역.오금동상아아파트,127.1359380431,37.497653816,11710,송파구
24252,보인고교.오금동삼성아파트,127.138225687,37.4964468948,11710,송파구
24253,송파사회복지관.성요셉성당,127.1407036537,37.4980789633,11710,송파구
24254,거여초등학교,127.1402155083,37.502548108,11710,송파구
24255,거여초등학교,127.140012,37.50241,11710,송파구
24256,시그니처요양병원,127.1375165211,37.5036199871,11710,송파구
24257,시그니처요양병원,127.1374117762,37.5038625052,11710,송파구
24258,신흥운수입구,127.1353925625,37.5043505304,11710,송파구
24259,신흥운수입구,127.1341530556,37.5050336659,11710,송파구
24260,송파레미니스후문,127.1354499522,37.5061531582,11710,송파구
24261,송파레미니스후문,127.135317,37.506195,11710,송파구
24262,오금공원사거리,127.1310600773,37.506034168,11710,송파구
24263,오금공원사거리,127.1310586523,37.5063791494,11710,송파구
24264,오금동대림아파트,127.1279923625,37.5079159405,11710,송파구
24265,오금동대림아파트,127.1281153138,37.5076510292,11710,송파구
24266,송파도서관,127.136481,37.500556,11710,송파구
24267,우창아파트,127.1360639933,37.4997505359,11710,송파구
24268,오금동사거리,127.1378915552,37.5027436793,11710,송파구
24269,오금동사거리,127.138162,37.502775,11710,송파구
24270,거여역1번출구,127.1426661724,37.4940540879,11710,송파구
24271,거여역8번출구.현대1차아파트,127.1424783113,37.4938176621,11710,송파구
24272,송파체육문회회관.서울인공지능고,127.1433758342,37.4908038511,11710,송파구
24273,거여역2번출구,127.1447634037,37.4943119554,11710,송파구
24274,송파사회복지관.성요셉성당,127.140953,37.498118,11710,송파구
24275,송파체육문회회관.거여아파트단지,127.1435753484,37.4904638928,11710,송파구
24276,거여역5번출구,127.145676706,37.492903745,11710,송파구
24277,거여역4번출구,127.1456917976,37.4931392222,11710,송파구
24278,송파파크센트럴,127.148924,37.492941,11710,송파구
24279,거여삼거리,127.152763,37.492768,11710,송파구
24280,비호아파트,127.1541840407,37.4920054572,11710,송파구
24281,동현빌딩,127.135,37.50532,11710,송파구
24282,마천1동주민센터.송파롯데캐슬,127.1496062555,37.4957685389,11710,송파구
24283,마천2동주민센터.송파롯데캐슬,127.1482313861,37.4967388534,11710,송파구
24284,거여역3번출구.현대2차아파트,127.1450941869,37.4942807491,11710,송파구
24285,마천1동주민센터,127.1498825172,37.495710391,11710,송파구
24286,마천역.송파파크센트럴,127.1522337071,37.4934555292,11710,송파구
24287,비호아파트,127.15409,37.492178,11710,송파구
24288,남한산성입구,127.157155,37.490972,11710,송파구
24289,송파구립마천청소년센터,127.156741,37.4916,11710,송파구
24290,송파구립마천청소년센터,127.1567901158,37.4918330886,11710,송파구
24291,송파보훈회관.금호어울림2차,127.1558084636,37.4939681019,11710,송파구
24292,송파보훈회관.금호어울림2차,127.155567,37.493992,11710,송파구
24293,마천동금호어울림1차아파트,127.1541947193,37.4971997434,11710,송파구
24294,마천동금호어울림1차아파트,127.154075,37.497978,11710,송파구
24295,마천시장.마천동우방아파트앞,127.15151,37.499937,11710,송파구
24296,남천초교.마천동우방아파트앞,127.1519312753,37.4999186245,11710,송파구
24297,청암노인요양원,127.148553,37.501352,11710,송파구
24298,청암노인요양원,127.150052252,37.5010794011,11710,송파구
24299,마천사거리,127.1466290856,37.4985293494,11710,송파구
24300,마천사거리,127.1471,37.49872,11710,송파구
24301,마천2동윤진빌딩.신동아아파트,127.1440592408,37.4996357865,11710,송파구
24302,마천2동윤진빌딩.신동아아파트,127.1442444466,37.4996759516,11710,송파구
24303,마천2동주민센터,127.1480088453,37.4970139451,11710,송파구
24304,성내천공원,127.147632,37.50072,11710,송파구
24305,복정역1번출구,127.127123,37.472757,11710,송파구
24306,거여1동주민센터,127.1456268495,37.4963456501,11710,송파구
24307,건영아파트,127.126677,37.481675,11710,송파구
24308,문현중학교,127.12675,37.479987,11710,송파구
24309,문현중학교,127.1269147543,37.4800743082,11710,송파구
24310,문덕초등학교.문정고등학교,127.126405225,37.483681076,11710,송파구
24311,문정푸르지오1차아파트,127.12834,37.486465,11710,송파구
24312,힐스테이트e편한세상문정,127.1319278009,37.488923933,11710,송파구
24313,문정시영.가락프라자아파트,127.1345693493,37.4912230266,11710,송파구
24314,문정시영.세양청마루아파트,127.1359635544,37.492386841,11710,송파구
24315,한림연예예술고교,127.1314174837,37.4853687826,11710,송파구
24316,한림연예예술고교,127.131745,37.485403,11710,송파구
24317,문현초등학교,127.128678,37.482985,11710,송파구
24318,문현초등학교,127.1289699022,37.4833837494,11710,송파구
24319,문정1동주민센터.로데오거리,127.1245252779,37.4903961143,11710,송파구
24320,위례포레샤인18단지,127.1526631771,37.4892413416,11710,송파구
24321,위례포레샤인18단지,127.151796207,37.4890091099,11710,송파구
24322,문덕초등학교.문정고등학교,127.126295,37.483395,11710,송파구
24323,문정푸르지오2차아파트,127.127177779,37.4871576085,11710,송파구
24324,문정푸르지오2차아파트,127.126833,37.486845,11710,송파구
24325,문정동래미안아파트,127.1293381553,37.492042028,11710,송파구
24326,문정래미안.현대아파트앞,127.128978,37.491672,11710,송파구
24327,가락현대1차아파트후문,127.1276179735,37.4906606253,11710,송파구
24328,가락현대1차아파트후문,127.127615143,37.490326319,11710,송파구
24329,가락현대1차아파트정문,127.1289549161,37.4927542422,11710,송파구
24330,문정역2번출구,127.124515454,37.4862512301,11710,송파구
24331,문정역2번출구,127.1246073352,37.4861229899,11710,송파구
24332,두데미공원.장지동주민센터,127.1318745943,37.4892100622,11710,송파구
24333,문정2동주민센터.송파청소년센터,127.1125408941,37.490476805,11710,송파구
24334,훼미리근린공원,127.114910023,37.4911854953,11710,송파구
24335,문정로데오거리입구,127.1194204688,37.4910256051,11710,송파구
24336,포레나송파정문,127.1485868096,37.4870713137,11710,송파구
24337,서울위례별초교,127.143837,37.478319,11710,송파구
24338,오금역2번출구,127.1287989134,37.5018326648,11710,송파구
24339,오금역3번출구,127.128894031,37.5012913132,11710,송파구
24340,장지동,127.1263366558,37.4691472156,11710,송파구
24341,위례포레샤인18단지남문,127.1527658305,37.4869008429,11710,송파구
24342,힐스테이트센트럴위례,127.153384,37.486908,11710,송파구
24343,건너말공원입구,127.1253325788,37.4927509283,11710,송파구
24344,가락동미륭아파트,127.1282354597,37.4926622084,11710,송파구
24345,가락쌍용1차아파트,127.1304312751,37.4943836148,11710,송파구
24346,송파중학교,127.1315012297,37.4963729647,11710,송파구
24347,가락현대5차아파트,127.131703,37.499572,11710,송파구
24348,개롱역3번출구,127.1353725131,37.4976665567,11710,송파구
24349,보인고교.가락삼환아파트,127.137465,37.496575,11710,송파구
24350,송파배드민턴체육관,127.1380346597,37.494463284,11710,송파구
24351,문정시영.세영청마루아파트,127.1357194046,37.4924556056,11710,송파구
24352,문정시영.가락프라자아파트,127.133716891,37.4907268695,11710,송파구
24353,가락프라자아파트정문,127.1340582227,37.4931089642,11710,송파구
24354,가락프라자아파트정문,127.1342992774,37.4930607661,11710,송파구
24355,가락극동아파트정문,127.1321418391,37.4948883584,11710,송파구
24356,가락극동아파트정문,127.1313314941,37.4952844366,11710,송파구
24357,가락동극동아파트,127.1318312665,37.4962572557,11710,송파구
24358,가락쌍용1차아파트,127.1298582661,37.4939454088,11710,송파구
24359,가주초등학교,127.128857243,37.4971454197,11710,송파구
24360,가동초등학교,127.1286578231,37.497545667,11710,송파구
24361,가락2동주민센터,127.1268492824,37.4988632917,11710,송파구
24362,가락2동주민센터,127.1267122675,37.4987661196,11710,송파구
24363,가락시장.가락시장역,127.1172843207,37.4944478594,11710,송파구
24364,문정로데오거리입구,127.1204716628,37.4904599734,11710,송파구
24365,문정1동주민센터.로데오거리,127.124332183,37.490659852,11710,송파구
24366,건너말공원입구,127.1250181262,37.4927143163,11710,송파구
24367,샛별어린이공원입구,127.1208958419,37.4975395069,11710,송파구
24368,샛별어린이공원입구,127.121253598,37.4975895389,11710,송파구
24369,송파경찰서.오금역,127.1268712547,37.5026698156,11710,송파구
24370,가락쌍용2차아파트,127.1221012808,37.5025149139,11710,송파구
24371,가락대림아파트,127.1179869266,37.4996815135,11710,송파구
24372,신가초등학교,127.120215,37.498817,11710,송파구
24373,신가초등학교,127.1201688051,37.4984292292,11710,송파구
24374,석촌중학교후문,127.1229196393,37.4998335741,11710,송파구
24375,석촌중학교후문,127.123203452,37.4998583625,11710,송파구
24376,포레나송파,127.149250645,37.484704625,11710,송파구
24377,경찰병원.KT가락지사,127.1222432156,37.4959261628,11710,송파구
24378,경찰병원.KT가락지사,127.1223707692,37.496234994,11710,송파구
24379,경찰병원.서울동부고용노동지청,127.1223372934,37.4946736667,11710,송파구
24380,가락시장역4번출구.제일오피스텔,127.1197227845,37.4932167146,11710,송파구
24382,경찰병원.서울동부고용노동지청,127.1226224186,37.4944255943,11710,송파구
24383,북위례입구,127.156522,37.488952,11710,송파구
24385,가락시장.가락시장역,127.1171509252,37.4937628733,11710,송파구
24386,가락시장.가락몰,127.115874,37.491843,11710,송파구
24387,가락시장남문,127.1122487287,37.4907819227,11710,송파구
24388,가락시장?헬리오시티,127.1049619108,37.4943840396,11710,송파구
24389,가락시장.헬리오시티,127.1062542896,37.4951999021,11710,송파구
24390,가락1동주민센터,127.1098466383,37.4962977643,11710,송파구
24391,서울방이동고분군,127.116198465,37.5082096607,11710,송파구
24392,문정푸르지오1차아파트,127.1283056048,37.4866641411,11710,송파구
24393,토성오거리,127.119083394,37.5320618822,11710,송파구
24394,풍납토성서성벽,127.1098762971,37.5297957798,11710,송파구
24395,가락시장동문,127.1160111131,37.4951463191,11710,송파구
24396,몽촌토성역.한성백제역,127.1136027575,37.5170403874,11710,송파구
24397,풍납동강변현대아파트,127.1112169853,37.5336350409,11710,송파구
24398,서울위례별초교.위례별유치원,127.1448746324,37.4780339719,11710,송파구
24399,송례중학교.송파꿈에그린,127.1414973009,37.4773101292,11710,송파구
24400,홍이공원,127.1247919705,37.5002054217,11710,송파구
24401,홍이공원,127.1248261618,37.500414976,11710,송파구
24402,송파파크센트럴,127.1495066063,37.4926552279,11710,송파구
24403,거여역7번출구,127.143927,37.492387,11710,송파구
24404,거여역6번출구,127.1440917844,37.4919573794,11710,송파구
24405,덕수고등학교,127.1462249529,37.4855576081,11710,송파구
24406,풍납2동주민센터,127.116059,37.52956,11710,송파구
24407,복정역환승센터1번승강장,127.1273151082,37.4701247674,11710,송파구
24408,오륜사거리,127.1392233095,37.5053972109,11710,송파구
24409,오륜사거리,127.1386561317,37.5045363345,11710,송파구
24410,위례중앙푸르지오.신안인스빌,127.1433042987,37.4748414391,11710,송파구
24412,송파와이즈더샵.위례센트로엘,127.1440806985,37.4771037831,11710,송파구
24413,송파와이즈더샵.위례센트로엘,127.144389265,37.4776084685,11710,송파구
24414,위례별초등학교.위례2차아이파크,127.1442346974,37.4795390683,11710,송파구
24415,위례별초등학교.위례스타힐스,127.1445584544,37.4803383177,11710,송파구
24416,위례동주민센터.위례스타힐스,127.1436820638,37.4813570555,11710,송파구
24417,위례동주민센터.위례송파푸르지오,127.1429793251,37.4815613884,11710,송파구
24418,힐스테이트송파.송파더센트레,127.1419922382,37.4794843685,11710,송파구
24419,송파더센트레.힐스테이트송파,127.1416454766,37.4794453423,11710,송파구
24420,복정역2번출구,127.1268694814,37.4692838154,11710,송파구
24421,세계로병원,127.1418426303,37.4865518064,11710,송파구
24422,세계로병원,127.141787,37.487287,11710,송파구
24423,덕수고등학교,127.146286894,37.4854313904,11710,송파구
24424,송파레이크파크호반써밋1차,127.140415813,37.4838955381,11710,송파구
24425,송파레이크파크호반써밋2차,127.1406157055,37.4834695741,11710,송파구
24426,위례포레샤인13단지,127.1386672185,37.4829560499,11710,송파구
24427,송파레이크파크호반써밋1차정문,127.1380740615,37.4831887542,11710,송파구
24428,송파위례리슈빌,127.1478419413,37.4841838117,11710,송파구
24429,남한산성입구,127.157278,37.49096,11710,송파구
24430,서울아산병원장례식장,127.1074534384,37.524639581,11710,송파구
24431,갑을.미성아파트,127.1124809949,37.5352961895,11710,송파구
24432,송파배드민턴체육관,127.1380635927,37.494207337,11710,송파구
24434,풍납중학교앞,127.1152307919,37.5247728207,11710,송파구
24435,복정역3번출구,127.1239612069,37.4697320643,11710,송파구
24436,새마을시장,127.0867330139,37.5088577164,11710,송파구
24437,잠실학원사거리.잠실트리지움남문,127.0893716473,37.5075860124,11710,송파구
24438,삼전역.잠실현대아파트,127.087268,37.503762,11710,송파구
24439,위례포레샤인.위례31단지후문,127.1339747337,37.4748523857,11710,송파구
24440,위례31단지.위례포레샤인후문,127.1337369645,37.474649928,11710,송파구
24441,위례송파더센트레.송파푸르지오,127.1384657534,37.4794716366,11710,송파구
24442,장지역2번출구,127.126673162,37.4782723708,11710,송파구
24443,위례송파푸르지오.송파더센트레,127.13887,37.480622,11710,송파구
24444,가락시장역5번출구,127.1195353388,37.4926740479,11710,송파구
24445,올림픽대교남단교차로,127.11681,37.525152,11710,송파구
24446,장지공영차고지,127.1358870728,37.4805107902,11710,송파구
24447,장지공영차고지,127.1356440835,37.4805606249,11710,송파구
24448,아이코리아,127.1333949101,37.4809686394,11710,송파구
24449,송파파인타운11.12단지,127.132114,37.479127,11710,송파구
24450,송파파인타운7단지,127.1316532003,37.479031172,11710,송파구
24451,송파파인타운10단지.13단지,127.1292369392,37.4775944779,11710,송파구
24452,송파파인타운8단지.9단지,127.1274733427,37.4780867697,11710,송파구
24453,송파구립산모건강증진센터,127.1273092136,37.4779844895,11710,송파구
24454,문정푸르지오3차아파트,127.132886471,37.486694466,11710,송파구
24455,문정푸르지오3차아파트,127.132993,37.486505,11710,송파구
24456,잠실여고후문,127.1116190362,37.5025010936,11710,송파구
24457,건영아파트앞,127.126489,37.481838,11710,송파구
24458,잠실새내역2번출구,127.0860380725,37.5104224501,11710,송파구
24459,삼성래미안파크팰리스아파트앞,127.132413,37.499257,11710,송파구
24460,서울버스종점,127.1369279275,37.4806082049,11710,송파구
24461,서울버스종점,127.1377801895,37.4803796141,11710,송파구
24462,송파파인타운2단지.한림예고,127.132647,37.485133,11710,송파구
24463,송파파인타운3단지.한림예고,127.132645,37.484826,11710,송파구
24464,송파글마루도서관.버들어린이집,127.131555,37.481607,11710,송파구
24465,송파글마루도서관.버들어린이집,127.131337,37.481598,11710,송파구
24466,문현고등학교.송파파인타운5단지,127.129475,37.480632,11710,송파구
24467,문현고등학교,127.1291235096,37.4806625366,11710,송파구
24468,풍납현대아파트,127.1193610526,37.5287587812,11710,송파구
24469,문정3차푸르지오아파트.송파파인타운1단지,127.1335864078,37.4866738525,11710,송파구
24470,문정3차푸르지오아파트.송파파인타운1단지,127.1333836546,37.4864839486,11710,송파구
24471,아이코리아앞,127.13364,37.48096,11710,송파구
24472,가든파이브웍스동,127.121195,37.478215,11710,송파구
24473,가든파이브웍스동,127.1212593757,37.4782546079,11710,송파구
24474,위례31단지정문,127.132278952,37.4725899491,11710,송파구
24475,장지역.가든파이브라이프동,127.1246144045,37.4790724082,11710,송파구
24476,장지역.가든파이브라이프동,127.124888,37.479007,11710,송파구
24477,가든파이프툴동,127.1193612432,37.4791477338,11710,송파구
24478,가든파이브툴동,127.1193072186,37.4789969804,11710,송파구
24479,잠실대교전망쉼터,127.0951336442,37.5201071463,11710,송파구
24480,잠실대교전망쉼터,127.09479,37.519993,11710,송파구
24481,석촌호수서호사거리,127.0984075632,37.5063212494,11710,송파구
24482,석촌호수서호사거리,127.099235139,37.5065890171,11710,송파구
24483,미켈란호수가아파트,127.1026500655,37.5076563193,11710,송파구
24484,미켈란호수가아파트,127.1031124564,37.5081977473,11710,송파구
24485,호수임광아파트,127.1067263617,37.5106263397,11710,송파구
24486,호수임광아파트,127.1072025448,37.5113882396,11710,송파구
24487,송파파인타운아파트11단지,127.1332433117,37.4783671481,11710,송파구
24488,송파파인타운아파트11단지,127.1331775188,37.4784596838,11710,송파구
24489,문정중학교후문,127.1302736326,37.4886487088,11710,송파구
24490,문정동래미안아파트남문,127.130446385,37.4888309722,11710,송파구
24491,파크데일아파트입구,127.1548937216,37.4975389586,11710,송파구
24492,위례아이파크아파트앞,127.1411478405,37.4758687793,11710,송파구
24493,송파더센트레.송례초앞,127.1391565065,37.4785382811,11710,송파구
24494,송파더센트레.송례중앞,127.1407082374,37.4782159275,11710,송파구
24495,송파꿈에그린아파트,127.1407699426,37.4749448409,11710,송파구
24496,송파푸르지오시티.한화오벨리스크,127.1201781904,37.4810278722,11710,송파구
24497,송파푸르지오시티.한화오벨리스크,127.1203869879,37.480800155,11710,송파구
24498,파크데일아파트입구,127.1547623047,37.4977775358,11710,송파구
24499,복정역,127.1257548303,37.4700651629,11710,송파구
24500,복정역환승센터2번승강장,127.1274120389,37.4698297575,11710,송파구
24501,잠실르엘.잠실파크리오아파트,127.106519,37.518852,11710,송파구
24503,복정역환승센터3번승강장,127.1275897549,37.4699297672,11710,송파구
24505,송파역,127.1123582001,37.4998736805,11710,송파구
24506,복정역환승센터4번승강장,127.1276409489,37.4698272579,11710,송파구
24508,송파역.헬리오시티,127.11185,37.499696,11710,송파구
24509,송례중학교.위례아이파크,127.1418222785,37.4776912721,11710,송파구
24510,잠실4동주민센터.파크리오B상가,127.1130749603,37.5201133052,11710,송파구
24511,송파호반베르디움더퍼스트,127.1409196828,37.5068525741,11710,송파구
24512,오륜사거리,127.1390323102,37.5076048967,11710,송파구
24513,세륜중학교,127.1327808841,37.5077359773,11710,송파구
24514,오금공원,127.1318934673,37.5063719498,11710,송파구
24515,오금역.오금고교,127.1288453455,37.503023576,11710,송파구
24516,송파삼성래미안아파트,127.1199757658,37.5046817564,11710,송파구
24517,송파현대아파트.가락중학교,127.1182081377,37.5029952401,11710,송파구
24518,가락고등학교,127.1173726287,37.5016524892,11710,송파구
24519,가락동부센트레빌아파트,127.1173972093,37.4992940827,11710,송파구
24520,가락중학교,127.1174128987,37.5020916893,11710,송파구
24521,가락중학교.래미안송파파인탑,127.1185509959,37.5030501232,11710,송파구
24522,가락삼익맨숀,127.1207656439,37.5053206649,11710,송파구
24523,오금역.오금고교,127.1290567413,37.5026426706,11710,송파구
24524,오금공원,127.1316965673,37.5053450242,11710,송파구
24525,세륜중학교,127.1327851946,37.5069768763,11710,송파구
24526,송파호반베르디움더퍼스트,127.1408739816,37.5066071049,11710,송파구
24527,송파파인타운1단지,127.1335563626,37.4859240011,11710,송파구
24528,송파파인타운2단지,127.1312223337,37.4831672798,11710,송파구
24529,송파파크하비오푸르지오,127.1221457814,37.481230834,11710,송파구
24530,서울동부지방법원.검찰청,127.1209227388,37.4835093905,11710,송파구
24531,문정법조단지,127.1178396471,37.4857852983,11710,송파구
24532,올림픽훼밀리타운아파트,127.1143350005,37.486396637,11710,송파구
24533,올림픽훼밀리타운아파트,127.1143068773,37.4861852124,11710,송파구
24534,문정법조단지,127.1172087865,37.485461563,11710,송파구
24535,서울동부지방법원.검찰청,127.120423108,37.4839333746,11710,송파구
24536,송파아이파크오피스텔,127.1223531594,37.480135894,11710,송파구
24537,송파파인타운3단지,127.1317656182,37.4834955431,11710,송파구
24538,송파파인타운1단지,127.13362813,37.4856559756,11710,송파구
24540,석촌역4번출구,127.1082077956,37.5044971537,11710,송파구
24542,잠실역.롯데호텔,127.1009963581,37.5117453632,11710,송파구
24543,석촌역5번출구,127.1075771324,37.5043918616,11710,송파구
24546,송파레이크파크호반써밋1차후문,127.1402122392,37.4853779376,11710,송파구
24547,문정역테라타워,127.1203282453,37.4847083381,11710,송파구
24548,서울한방병원,127.1154762459,37.4856051778,11710,송파구
24550,힐스테이트에코송파,127.1152698905,37.4856008742,11710,송파구
24551,문정현대지식산업센터,127.1196511155,37.4855041652,11710,송파구
24552,송파레이크파크호반써밋1차후문,127.1400480883,37.4851045404,11710,송파구
24553,롯데월드.샤롯데,127.1007138773,37.5108000421,11710,송파구
24554,잠실롯데월드,127.0986613969,37.5101322868,11710,송파구
24555,레이크팰리스아파트,127.0972742883,37.5089193339,11710,송파구
24556,삼전동주민센터,127.091536,37.503537,11710,송파구
24557,삼전역,127.0890344319,37.5039049824,11710,송파구
24559,레이크팰리스아파트,127.0975648159,37.5083717341,11710,송파구
24560,잠실롯데월드,127.0986440577,37.5098484849,11710,송파구
24561,롯데월드.샤롯데,127.1008816654,37.5105673984,11710,송파구
24562,잠실르엘아파트.송파구청,127.106224,37.516533,11710,송파구
24565,잠실역2번출구,127.101458,37.512089,11710,송파구
24566,잠실르엘.잠실래미안아이파크,127.10827,37.518174,11710,송파구
24567,글샘공원.송파파크하비오푸르지오,127.123245,37.479108,11710,송파구
24569,잠실나루역,127.104951,37.52057,11710,송파구
24571,잠실나루역,127.104677,37.520416,11710,송파구
24573,장지역.한우물공원,127.125119,37.479268,11710,송파구
24574,송파위례리슈빌,127.147733,37.484226,11710,송파구
24610,장미아파트,127.1019710491,37.5173487678,11710,송파구
24611,잠실파크리오아파트,127.1111728641,37.5195043439,11710,송파구
24620,잠실롯데월드호텔.롯데타워,127.1005887227,37.5107355359,11710,송파구
24653,위례포레샤인.송파꿈에그린서문,127.1372888376,37.4773218515,11710,송파구
24654,송파꿈에그린서문.위례포레샤인,127.1374571207,37.4766121113,11710,송파구
24658,복정역환승주차장,127.128144,37.470728,11710,송파구
24662,잠실새내역,127.08406,37.511957,11710,송파구
24710,잠실종합운동장,127.0721954509,37.5111066459,11710,송파구
24711,잠실종합운동장,127.073353,37.510689,11710,송파구
24715,잠실역,127.096996375,37.5126667117,11710,송파구
24728,잠실새내역,127.0836048934,37.5114109026,11710,송파구
24735,가락동,127.114656666,37.4912597976,11710,송파구
24736,경찰병원.서울동부고용노동지청,127.1221696692,37.4941647715,11710,송파구
24740,경찰병원.서울동부고용노동지청,127.1221914316,37.4944500949,11710,송파구
24741,가락동,127.115336,37.491693,11710,송파구
24744,올림픽선수촌아파트,127.1311811146,37.5161644017,11710,송파구
24745,올림픽선수촌아파트,127.13086206,37.5164463191,11710,송파구
24766,오금역,127.1276490642,37.5011800665,11710,송파구
24767,오금역,127.1266415755,37.5006022549,11710,송파구
24768,오금동,127.1321672517,37.5060990899,11710,송파구
24769,오금동,127.132089393,37.5066818144,11710,송파구
24770,방이동,127.1296714627,37.5115033761,11710,송파구
24771,방이동,127.1287692349,37.5110954671,11710,송파구
24801,장지역,127.126368963,37.4775131709,11710,송파구
24901,장미광장,127.1270390731,37.5125528466,11710,송파구
24902,한성백제박물관,127.1196010139,37.515418852,11710,송파구
24903,올림픽공원평화의문,127.1150080134,37.5170704843,11710,송파구
24904,풍납초등학교,127.11855,37.533949,11710,송파구
24907,풍납백제문화공원,127.114529,37.535097,11710,송파구
24908,마천터널,127.1502360518,37.5042699797,11710,송파구
24909,가락근린공원.경찰병원,127.1252211403,37.4970782334,11710,송파구
24910,가락근린공원.경찰병원,127.1250226569,37.4971633542,11710,송파구
24912,송파레미니스아파트,127.136912144,37.5078664119,11710,송파구
24913,송파레미니스아파트,127.137183599,37.5082386325,11710,송파구
24915,한강극동아파트후문,127.1124924101,37.5307280713,11710,송파구
24916,토성초등학교.한강극동아파트,127.1144039912,37.5298706007,11710,송파구
24917,풍납2동주민센터,127.1163442903,37.5289853588,11710,송파구
24918,잠신고등학교,127.091066,37.516551,11710,송파구
24919,잠신고등학교,127.090655,37.51646,11710,송파구
24920,잠일고등학교,127.084768,37.515716,11710,송파구
24921,잠일고등학교,127.084403,37.515627,11710,송파구
24922,한강버스잠실선착장,127.085241,37.516437,11710,송파구
24923,잠실새내역1번출구,127.088213,37.511331,11710,송파구
24998,잠실역7번출구(광역),127.0991375288,37.5150672672,11710,송파구
25001,상일초교,127.1713598368,37.5461252651,11740,강동구
25002,상일초교,127.1706308587,37.5457940987,11740,강동구
25005,강동자이.프라자아파트,127.1488398094,37.5367333585,11740,강동구
25006,강동자이?프라자아파트,127.1477890164,37.5362100889,11740,강동구
25007,길동주민센터.둔촌2동주민센터,127.1429328548,37.5342743542,11740,강동구
25008,길동주민센터.둔촌2동주민센터,127.142104768,37.533885728,11740,강동구
25009,길동사거리.강동세무서,127.1367996291,37.5345204402,11740,강동구
25010,길동사거리.강동세무서,127.1358552825,37.5347332654,11740,강동구
25011,강동역,127.1324489471,37.5359016775,11740,강동구
25012,강동역,127.1315158731,37.5361076979,11740,강동구
25013,천호역,127.1270521339,37.5376532944,11740,강동구
25014,천호역,127.1255385876,37.5379482005,11740,강동구
25101,강동공영차고지,127.1738851475,37.5640659626,11740,강동구
25102,강동공영차고지,127.1743327049,37.5641768855,11740,강동구
25103,고덕리엔파크1단지,127.1704714177,37.5611595214,11740,강동구
25104,고덕리엔파크1단지,127.170696,37.561365,11740,강동구
25105,해뜨는주유소,127.1708038471,37.559100428,11740,강동구
25106,해뜨는주유소,127.170989,37.559757,11740,강동구
25107,고덕천교차로,127.171147352,37.5563241348,11740,강동구
25108,고덕천교차로,127.171561,37.556043,11740,강동구
25109,고덕자이.고덕천물놀이장,127.1720516501,37.5534666908,11740,강동구
25110,강명초등학교.고덕천물놀이장,127.172373,37.553372,11740,강동구
25111,고덕자이,127.1725023454,37.5516025716,11740,강동구
25112,고덕리엔파크3단지,127.1727253894,37.55188966,11740,강동구
25113,상일동산.롯데캐슬베네루체,127.1651954955,37.5499723005,11740,강동구
25114,상일동산.롯데캐슬베네루체,127.1654359105,37.549944934,11740,강동구
25115,상일근린공원,127.1670055389,37.5473142929,11740,강동구
25116,상일근린공원,127.1672436805,37.5473948164,11740,강동구
25117,GS강동자이아파트.둔촌동프라자아파트,127.1490315784,37.5370016433,11740,강동구
25118,둔촌동프라자아파트.GS강동자이아파트,127.1480886874,37.5361286235,11740,강동구
25119,둔촌푸르지오아파트,127.1441944201,37.5350319702,11740,강동구
25120,둔촌푸르지오아파트,127.1446715983,37.5346425877,11740,강동구
25121,길동주민센터.서울양병원,127.1418251888,37.5341203242,11740,강동구
25122,둔촌2동주민센터.서울양병원,127.141927,37.533652,11740,강동구
25123,길동사거리.강동세무서,127.1375233178,37.5344456779,11740,강동구
25124,길동사거리.강동세무서,127.1371820569,37.5341240126,11740,강동구
25125,강동역1번출구.동신중학교,127.1318584385,37.5362807584,11740,강동구
25126,강동역.강풀만화거리입구,127.1309700608,37.5360510195,11740,강동구
25127,천호역5번출구,127.127021248,37.5377884776,11740,강동구
25128,천호역.성내2동주민센터,127.1272890134,37.5372250644,11740,강동구
25131,상일동역4번출구.센트럴푸르지오,127.1696338816,37.5572370526,11740,강동구
25132,상일동역6번출구.고덕아르테온,127.1678730363,37.5568093436,11740,강동구
25133,상일동역1번출구,127.1639451385,37.5565176079,11740,강동구
25134,상일동역8번출구,127.1648526809,37.5563907851,11740,강동구
25135,고덕그라시움,127.160701874,37.5561075345,11740,강동구
25136,고덕그라시움,127.1602719709,37.5557278909,11740,강동구
25137,고덕평생학습관.온조대왕체육관,127.1581417355,37.5556884118,11740,강동구
25138,고덕평생학습관.온조대왕체육관,127.1580919351,37.5555051376,11740,강동구
25139,고덕역,127.15584924,37.555373079,11740,강동구
25140,고덕역,127.154997,37.55504,11740,강동구
25141,배재중고등학교,127.1493253657,37.5548565699,11740,강동구
25142,배재중고등학교,127.1497180078,37.5545407237,11740,강동구
25143,서울기술교육원동부.장애인복지관,127.146584873,37.5547923189,11740,강동구
25144,서울기술교육원동부.장애인복지관,127.1457517147,37.5546166466,11740,강동구
25145,명일초등학교,127.1434373656,37.5548673708,11740,강동구
25146,명일초등학교,127.143468,37.554602,11740,강동구
25147,암사3동주민센터(강동롯데캐슬퍼스트),127.1391936489,37.5548779586,11740,강동구
25148,암사3동주민센터.프라이어팰리스,127.1393191473,37.5545587211,11740,강동구
25149,강일중.선사고,127.1370263647,37.5548602212,11740,강동구
25150,강일중.선사고,127.1360922644,37.5546247899,11740,강동구
25151,신암중학교,127.1313639495,37.5548390685,11740,강동구
25152,신암중학교,127.131345,37.554645,11740,강동구
25153,삼성광나루아파트,127.128557,37.55338,11740,강동구
25154,삼성광나루아파트,127.1288157342,37.5532319019,11740,강동구
25155,암사역.선사현대아파트,127.1275580607,37.5506992115,11740,강동구
25156,암사역2번출구.암사종합시장,127.127528264,37.5496007079,11740,강동구
25157,천호동공원,127.1259116562,37.5459692284,11740,강동구
25158,천호동공원,127.1262318717,37.5460717587,11740,강동구
25159,서울현대요양병원,127.124789,37.54297,11740,강동구
25160,서울현대요양병원,127.124856045,37.5420613974,11740,강동구
25161,천호역2번출구.현대백화점,127.123922439,37.5403483565,11740,강동구
25162,천호역3번출구.현대백화점,127.1240057241,37.5399531076,11740,강동구
25163,천호역8번출구,127.1227694856,37.535973076,11740,강동구
25164,강동구청역1번출구.영파여고,127.1213543415,37.5321522885,11740,강동구
25165,상일동역2번출구,127.1651251793,37.5573380664,11740,강동구
25166,상일동역2번출구,127.1654238958,37.5571801903,11740,강동구
25167,고덕초등학교,127.165391,37.560169,11740,강동구
25168,고덕초등학교,127.1656449814,37.5600425618,11740,강동구
25169,강덕초등학교.고덕그라시움,127.16279594,37.5603785827,11740,강동구
25170,강덕초등학교.고덕그라시움,127.1628838541,37.5602581374,11740,강동구
25171,광문고.서울컨벤션고,127.1576291349,37.5605856361,11740,강동구
25172,광문고.서울컨벤션고,127.1565150315,37.5604492511,11740,강동구
25173,고덕아이파크아파트,127.1540688553,37.5597406341,11740,강동구
25174,고덕아이파크아파트,127.1537814711,37.5593688285,11740,강동구
25175,명일중학교,127.1487291657,37.5582427163,11740,강동구
25176,명일중학교,127.1488761534,37.5584235613,11740,강동구
25177,강동경희대병원.명일동이마트,127.1567607504,37.5545494691,11740,강동구
25178,강동아트센터.강동경희대병원,127.1561087396,37.5523444556,11740,강동구
25179,강동아트센터.강동경희대병원후문,127.1564472994,37.5510654125,11740,강동구
25180,한영중고.한영외고,127.155872,37.548057,11740,강동구
25181,한영중고.한영외고,127.156276817,37.5480044986,11740,강동구
25182,길동자연생태공원,127.1525922642,37.539039881,11740,강동구
25183,길동자연생태공원,127.1530135068,37.5391799069,11740,강동구
25184,일자산입구.둔촌도서관,127.149622018,37.5319956052,11740,강동구
25185,일자산입구.둔촌도서관,127.149636,37.530986,11740,강동구
25186,서하남IC입구,127.1433323234,37.5176144108,11740,강동구
25187,동북고등학교.둔촌오륜역,127.1400431567,37.5189585979,11740,강동구
25188,오륜교회앞,127.1320753742,37.5224763077,11740,강동구
25190,농협둔촌동지점,127.1435151543,37.5289127518,11740,강동구
25191,둔촌하이츠아파트,127.1428079276,37.529879855,11740,강동구
25192,약수터,127.14163794,37.5323253058,11740,강동구
25193,약수터,127.1413837195,37.5325058105,11740,강동구
25194,명일여자고등학교,127.149072066,37.5484260207,11740,강동구
25195,명일여자고등학교,127.1493031571,37.5483514975,11740,강동구
25196,길동성당,127.1479777593,37.5444066925,11740,강동구
25197,길동성당,127.1481898961,37.544390659,11740,강동구
25198,길동신동아아파트,127.1471322012,37.5413040547,11740,강동구
25199,길동신동아아파트,127.1473292706,37.5413876109,11740,강동구
25200,강일리버10단지.미사강변센텀팰리스,127.181785,37.56003,11740,강동구
25201,강솔초등학교.윤슬중학교,127.181400584,37.5619034578,11740,강동구
25202,강일리버5단지.미사강변루나리움,127.17919,37.567494,11740,강동구
25203,강일리버7단지.미사강변17단지,127.18013,37.56425,11740,강동구
25204,보훈회관,127.1452995611,37.5264562493,11740,강동구
25205,보훈회관,127.1453852609,37.5262975611,11740,강동구
25206,신암중.선사고,127.134587,37.55657,11740,강동구
25207,신암중.선사고,127.133034,37.556546,11740,강동구
25208,암사역사공원역1번출구,127.138716,37.55731,11740,강동구
25209,암사역사공원역3번출구,127.137212,37.55711,11740,강동구
25210,성내동농협입구교차로,127.1312576314,37.5303537171,11740,강동구
25211,성내동농협입구교차로,127.1309512282,37.5302518225,11740,강동구
25212,성내종합사회복지관,127.1280340549,37.531255132,11740,강동구
25213,성내종합사회복지관,127.1281257543,37.5310374848,11740,강동구
25214,성내삼성.청구아파트,127.1255463243,37.5319215281,11740,강동구
25215,성내삼성.청구아파트,127.1261519928,37.5315856264,11740,강동구
25216,성내주유소,127.1220776578,37.5329248061,11740,강동구
25217,성내주유소,127.1222823858,37.5327031853,11740,강동구
25218,서울강동농협길일지점,127.1427532477,37.5409643096,11740,강동구
25219,서울강동농협길일지점,127.1431647199,37.540733131,11740,강동구
25220,참잘함한방병원,127.1398826123,37.5411335464,11740,강동구
25221,참잘함한방병원,127.1400389837,37.5409317609,11740,강동구
25222,천동초등학교.천호도서관,127.136664078,37.5404236471,11740,강동구
25223,천동초등학교.천호도서관,127.136948,37.540437,11740,강동구
25224,강동성심병원(동신중학교),127.1355,37.537458,11740,강동구
25225,강동성심병원(동신중학교),127.1352326667,37.5373426452,11740,강동구
25226,조은마디병원,127.1339143218,37.5341470568,11740,강동구
25227,조은마디병원,127.1337616896,37.5344721128,11740,강동구
25230,JYP엔터테인먼트.윤선생영어교실,127.1291706243,37.5247728157,11740,강동구
25231,JYP엔터테인먼트.윤선생영어교실,127.1294413478,37.5249590467,11740,강동구
25232,명일역3번출구.래미안솔베뉴,127.1442239125,37.5518873966,11740,강동구
25233,명일역2번출구,127.1439708949,37.5521499237,11740,강동구
25234,명일역1번출구.명일전통시장,127.143670283,37.5500246088,11740,강동구
25235,명일역4번출구.명일전통시장,127.1440658281,37.5503142792,11740,강동구
25236,굽은다리사거리,127.143327835,37.5479101562,11740,강동구
25237,굽은다리사거리,127.143558605,37.5472655932,11740,강동구
25238,십자성마을,127.1419714912,37.5434576822,11740,강동구
25239,십자성마을,127.1421222263,37.5429790193,11740,강동구
25240,길동역1번출구,127.1399400757,37.5379724338,11740,강동구
25241,길동역3번출구,127.1400078708,37.5373136521,11740,강동구
25242,서울프라임한방병원,127.1389352122,37.5355253414,11740,강동구
25243,서울프라임한방병원,127.1393639919,37.535436462,11740,강동구
25244,강동리바트,127.1373320955,37.5313641488,11740,강동구
25245,동명약국앞,127.137186,37.529719,11740,강동구
25246,둔촌동역4번출구,127.1361248068,37.5282558591,11740,강동구
25247,둔촌동역2번출구,127.136444,37.527528,11740,강동구
25248,한국전력공사강동송파지사,127.13491,37.524796,11740,강동구
25249,한국전력공사.올림픽파크포레온,127.1353304596,37.5244872348,11740,강동구
25250,고덕자이.상일여고,127.1712887597,37.5509164233,11740,강동구
25251,고덕자이.상일여고,127.1721418273,37.550846179,11740,강동구
25252,상일1동주민센터.고덕사회체육센터,127.1681684889,37.5504652771,11740,강동구
25253,상일1동주민센터.롯데캐슬베네루체,127.1682562999,37.5502885957,11740,강동구
25254,고덕숲아이파크,127.1646290433,37.5506341451,11740,강동구
25255,고덕숲아이파크,127.1647425084,37.550453945,11740,강동구
25256,강동고등학교,127.1603416661,37.5502212128,11740,강동구
25257,강동고등학교,127.1606808361,37.5502623446,11740,강동구
25259,한영중고앞사거리,127.1567382863,37.5492276384,11740,강동구
25260,고덕현대아파트,127.1532127307,37.5492766686,11740,강동구
25261,한영중고교앞교차로,127.1556548346,37.5490766847,11740,강동구
25262,고덕삼환.주공9단지아파트,127.1516086272,37.5492742341,11740,강동구
25263,고덕삼환.주공9단지아파트,127.1520920996,37.5491249477,11740,강동구
25264,명일여자고등학교,127.1484178305,37.5494552042,11740,강동구
25265,명일여자고등학교,127.1488528373,37.5491493481,11740,강동구
25266,명일1동주민센터,127.1462720633,37.5504780577,11740,강동구
25267,명일1동주민센터,127.1463681139,37.5501976117,11740,강동구
25268,강동롯데캐슬퍼스트,127.143043,37.558453,11740,강동구
25269,강동롯데캐슬퍼스트,127.143034,37.5586,11740,강동구
25270,래미안힐스테이트고덕,127.150388,37.561812,11740,강동구
25271,래미안힐스테이트고덕,127.1514603982,37.5620876642,11740,강동구
25272,샘터근린공원교차로,127.1540143466,37.5622840097,11740,강동구
25273,샘터근린공원교차로,127.153899,37.56246,11740,강동구
25274,고덕풍경채어바니티,127.1686082459,37.562326533,11740,강동구
25275,고덕풍경채어바니티,127.169549,37.562416,11740,강동구
25276,올림픽파크포레온121동앞,127.140955,37.524908,11740,강동구
25277,올림픽파크포레온418동앞,127.1409,37.524184,11740,강동구
25278,동북중학교,127.139261,37.520423,11740,강동구
25279,동북중학교,127.139267,37.520063,11740,강동구
25281,강동구청,127.1225423765,37.5302045345,11740,강동구
25282,강동구청,127.1225673748,37.5299251982,11740,강동구
25283,강동보건소앞,127.1254928964,37.5288274095,11740,강동구
25284,강동보건소건너,127.125423019,37.5285596644,11740,강동구
25285,한양수자인아파트,127.1286297229,37.5273514477,11740,강동구
25286,한양수자인아파트,127.1285588725,37.5272203296,11740,강동구
25287,서울장애인복지관,127.1490836595,37.5552000891,11740,강동구
25288,서울장애인복지관,127.14888648,37.5550804924,11740,강동구
25289,명일동신동아아파트,127.152321267,37.5549528287,11740,강동구
25290,명일동신동아아파트,127.1518429396,37.5545613021,11740,강동구
25291,고덕비즈밸리입구교차로,127.160845,37.563965,11740,강동구
25292,고덕비즈밸리입구교차로,127.160736,37.563745,11740,강동구
25293,지식산업센터,127.159377,37.565741,11740,강동구
25294,강동아이파크더리버,127.157905,37.566005,11740,강동구
25295,상일동동아아파트,127.167551316,37.5457877308,11740,강동구
25296,상일동동아아파트,127.1675745452,37.5455480066,11740,강동구
25297,상일동주몽재활원,127.1633225482,37.5459774785,11740,강동구
25298,상일동주몽재활원,127.1636849642,37.5457576125,11740,강동구
25299,상일동빌라단지,127.1591117744,37.545459898,11740,강동구
25300,상일동빌라단지,127.1595703997,37.5456169539,11740,강동구
25301,강동아이파크더리버,127.157665,37.565636,11740,강동구
25302,중앙보훈병원역1번출구,127.1480518756,37.5279919512,11740,강동구
25303,중앙보훈병원역1번출구,127.148076709,37.5272087335,11740,강동구
25304,샘터근린공원,127.156808,37.563923,11740,강동구
25305,샘터근린공원,127.157125,37.563775,11740,강동구
25306,고덕산생태육교,127.147648,37.561295,11740,강동구
25307,고덕산생태육교,127.146161,37.560545,11740,강동구
25309,강동첨단업무단지.상일여고입구,127.1730829007,37.5486425295,11740,강동구
25310,강동첨단업무단지.상일여고입구,127.1732465045,37.5494046152,11740,강동구
25311,천동초교입구사거리,127.1410120284,37.5399553721,11740,강동구
25312,천동초교입구사거리,127.1406623307,37.5399404705,11740,강동구
25313,강동구청역.농협중앙회,127.1201139304,37.5291461005,11740,강동구
25314,성내구립도서관.사회적경제지원센터,127.1332543151,37.5326925318,11740,강동구
25315,성내구립도서관.사회적경제지원센터,127.1327670107,37.5322659606,11740,강동구
25316,둔촌습지앞,127.1456203728,37.5219004141,11740,강동구
25317,강일리버파크6단지,127.1755232692,37.5638687832,11740,강동구
25318,강일동주민센터,127.173929,37.566015,11740,강동구
25319,강일동주민센터,127.1738750475,37.5657160096,11740,강동구
25320,강일리버파크4단지.2단지,127.176556,37.568441,11740,강동구
25321,강일리버파크2단지.4단지,127.1765456511,37.5686218353,11740,강동구
25322,강일고등학교.강일리버파크7단지,127.177918,37.565067,11740,강동구
25323,강일고등학교.강일리버파크7단지,127.1784008104,37.5647110133,11740,강동구
25324,강일리버파크6단지,127.176236674,37.5628090509,11740,강동구
25326,강일초등학교,127.175752,37.565095,11740,강동구
25327,강일초등학교,127.1768636035,37.5658737494,11740,강동구
25328,강일리버파크9단지.10단지,127.1794626974,37.5595533554,11740,강동구
25329,강일리버파크10단지.9단지,127.1797196537,37.5595583711,11740,강동구
25330,중앙보훈병원역2번출구,127.1486791218,37.5295979733,11740,강동구
25331,중앙보훈병원역3번출구,127.1489407046,37.529322747,11740,강동구
25332,강일리버파크8단지,127.1777180853,37.5622718862,11740,강동구
25333,강일리버파크8단지,127.177967,37.562648,11740,강동구
25334,강일리버파크4단지.5단지,127.177374,37.56656,11740,강동구
25335,강일리버파크5단지.4단지,127.1774839621,37.567123716,11740,강동구
25336,강일리버파크1단지.3단지,127.1733008447,37.5670368114,11740,강동구
25337,강일리버파크3단지.1단지,127.174408,37.568207,11740,강동구
25338,상일파출소.고덕아르테온,127.1657708619,37.555557676,11740,강동구
25339,강일리버파크9단지후문,127.18013794,37.5616924212,11740,강동구
25340,강일리버파크9단지후문,127.1799002887,37.561716212,11740,강동구
25341,강동공영차고지,127.174627,37.564251,11740,강동구
25342,강일역.고덕리엔파크2단지.3단지,127.173781,37.557258,11740,강동구
25343,강일역.고덕리엔파크3단지.2단지,127.1741238123,37.5570976195,11740,강동구
25344,고덕리엔파크2단지,127.1730237586,37.5568389632,11740,강동구
25345,강명초등학교.고덕리엔파크3단지,127.1737828521,37.5540437436,11740,강동구
25346,강명초등학교.고덕리엔파크3단지,127.1733353217,37.5538259097,11740,강동구
25347,고덕리엔파크2단지,127.1733644426,37.5568348591,11740,강동구
25348,굽은다리역구민회관.강동홈플러스,127.1427891583,37.545694751,11740,강동구
25349,굽은다리역구민회관.강동홈플러스,127.143063,37.545612,11740,강동구
25350,삼성E&A,127.174955829,37.5499109397,11740,강동구
25351,삼성E&A,127.1747803242,37.5498684022,11740,강동구
25352,고덕리엔파크3단지서문,127.1738483769,37.5512572809,11740,강동구
25353,고덕리엔파크3단지서문,127.1738479436,37.5510707551,11740,강동구
25357,천동초교삼거리,127.1367999069,37.5415666821,11740,강동구
25358,천동초교삼거리,127.1362376583,37.5419296212,11740,강동구
25359,동아하이빌,127.1341268185,37.544085363,11740,강동구
25360,동아하이빌,127.1340840381,37.5438916969,11740,강동구
25361,천일초교사거리,127.1323090477,37.5446006791,11740,강동구
25362,천일초교사거리,127.1312462814,37.5445369862,11740,강동구
25363,천일중.구강사,127.1290082846,37.5451182045,11740,강동구
25364,천일중.구강사,127.1290018939,37.5449352859,11740,강동구
25365,고덕센트럴.고덕숲아이파크,127.165386,37.551342,11740,강동구
25366,고덕숲.고덕센트럴아이파크,127.165146,37.551649,11740,강동구
25367,고현초등학교.고덕센트럴아이파크,127.165331,37.552914,11740,강동구
25368,고현초등학교.고덕숲아이파크,127.1650716662,37.5539659708,11740,강동구
25369,현대토파즈아파트,127.1258610776,37.5253053335,11740,강동구
25370,성내유수지체육공원,127.1218418512,37.527080206,11740,강동구
25371,서울기술교육원동부.명덕초교,127.1448067818,37.5562272083,11740,강동구
25372,아남.대우아파트,127.1447615587,37.5577139082,11740,강동구
25373,강동롯데캐슬퍼스트아파트,127.1445591127,37.5569077643,11740,강동구
25374,천호역1번출구.문구거리,127.1222319467,37.5392936965,11740,강동구
25375,강동리버스트7.6단지,127.1721319634,37.5706447521,11740,강동구
25376,강동리버스트6.7단지,127.1719505031,37.5704941,11740,강동구
25377,강동리버스트상가,127.1740030851,37.5720993671,11740,강동구
25378,힐스테이트리슈빌강일501동,127.1746743791,37.5724769381,11740,강동구
25379,강동리버스트8단지,127.1770529573,37.5729462716,11740,강동구
25381,강일역3번출구,127.177015543,37.5576403005,11740,강동구
25382,상일2동주민센터.고덕어반브릿지,127.1794170581,37.556006698,11740,강동구
25383,상일2동주민센터.고덕어반브릿지,127.179726,37.556268,11740,강동구
25384,강동리엔파크11단지,127.179748,37.553478,11740,강동구
25385,강동리엔파크11단지,127.1798392415,37.553588681,11740,강동구
25386,강동리엔파크13.14단지,127.1816669472,37.5512590584,11740,강동구
25387,강동리엔파크13.14단지,127.1817343335,37.5513716529,11740,강동구
25388,강일역2번출구,127.17737109,37.5579262075,11740,강동구
25501,가래여울,127.1689220104,37.5765373836,11740,강동구
25505,신명초교입구교차로,127.1467529825,37.5400880474,11740,강동구
25508,길동초등학교,127.1464238219,37.5390026354,11740,강동구
25509,강일리버파크1단지103동,127.1727484509,37.5680002929,11740,강동구
25510,길동우성아파트.은평교회맞은편,127.1455450213,37.5363256639,11740,강동구
25512,둔촌푸르지오아파트사거리,127.1449229185,37.5343756009,11740,강동구
25513,강일고등학교.강일리버파크7단지,127.1779895218,37.5650288184,11740,강동구
25514,둔촌고앞,127.1437301419,37.5316854362,11740,강동구
25516,구립둔촌어린이집,127.1430346175,37.5300877341,11740,강동구
25517,고덕1동주민센터.두레근린공원,127.151465352,37.5581605018,11740,강동구
25518,고덕역1번출구,127.1531515358,37.5553179348,11740,강동구
25520,명일신동아아파트,127.152717,37.552739,11740,강동구
25522,한산초등학교,127.1416277447,37.527451917,11740,강동구
25523,상일동역3.4번출구,127.1679754044,37.5570366996,11740,강동구
25524,한산중학교,127.1389985407,37.5281885341,11740,강동구
25525,시립강동노인종합복지관,127.153233,37.552741,11740,강동구
25526,고덕리엔파크1단지,127.170520124,37.5612429559,11740,강동구
25527,둔촌역,127.137631,37.528598,11740,강동구
25528,고덕역1번출구,127.153287,37.555741,11740,강동구
25529,고덕1동주민센터.두레근린공원,127.1517169476,37.5582760602,11740,강동구
25530,우리은행둔촌역지점.발리호텔,127.1360979027,37.5290164166,11740,강동구
25532,둔촌청구아파트,127.1342126479,37.5295051666,11740,강동구
25533,고덕중학교,127.1610298468,37.5607702765,11740,강동구
25534,성내동농협입구교차로,127.1313345271,37.5303284009,11740,강동구
25535,농협둔촌동지점,127.143696504,37.5290882264,11740,강동구
25536,성내복지관,127.1280943379,37.5311925076,11740,강동구
25537,고덕아이파크101동,127.1559730955,37.5605725168,11740,강동구
25538,성내삼성아파트.공안과,127.1256096517,37.5318998345,11740,강동구
25539,9호선중앙보훈병원역1번출구,127.147509378,37.5277928417,11740,강동구
25540,성내주유소,127.1221432471,37.5328991827,11740,강동구
25541,묘곡초교사거리,127.151627345,37.559319351,11740,강동구
25542,선린초등학교,127.14446,37.529032,11740,강동구
25543,아남.대우아파트,127.1445857174,37.5574978845,11740,강동구
25544,롯데캐슬아파트,127.1444776533,37.5561042049,11740,강동구
25545,명일동국민은행.래미안솔베뉴,127.1441672987,37.5537289168,11740,강동구
25546,명일역,127.1439571157,37.5520472158,11740,강동구
25547,성덕고등학교,127.1433061388,37.5507648497,11740,강동구
25549,천호우성아파트,127.1397441084,37.5505952077,11740,강동구
25550,성내주유소,127.1222640082,37.5327089263,11740,강동구
25551,약국앞,127.1375044877,37.5500706967,11740,강동구
25552,성내삼성아파트.공안과,127.126183,37.53165,11740,강동구
25553,강동농협,127.1353709023,37.5480835452,11740,강동구
25554,성내복지관,127.1280545065,37.5310582873,11740,강동구
25556,성내동농협입구교차로,127.131262924,37.5301455577,11740,강동구
25557,고분다리,127.1312860033,37.5426653669,11740,강동구
25558,둔촌청구아파트,127.1336774558,37.5294985648,11740,강동구
25560,둔촌시장.발리호텔,127.1359945857,37.5288209974,11740,강동구
25561,천호동로데오거리,127.1271982797,37.540564881,11740,강동구
25562,서울.경기양돈농협,127.1334687776,37.547634262,11740,강동구
25563,둔촌역,127.137231,37.528562,11740,강동구
25564,한산중학교,127.140128,37.527774,11740,강동구
25565,브라운스톤,127.130071564,37.5490807055,11740,강동구
25566,한산초등학교,127.142588,37.527106,11740,강동구
25568,암사종합시장,127.128379,37.549833,11740,강동구
25570,천호역5번출구,127.1270531861,37.5377527162,11740,강동구
25571,암사역,127.1278571069,37.5506330065,11740,강동구
25573,구립둔촌어린이집,127.143354,37.530511,11740,강동구
25574,암사삼성.현대아파트,127.1288699863,37.5535201618,11740,강동구
25575,둔촌고등학교,127.1439441771,37.5317806918,11740,강동구
25576,천호우체국,127.1253621434,37.5408597005,11740,강동구
25577,고덕주유소.선사초등학교,127.129569,37.555382,11740,강동구
25578,둔촌푸르지오아파트사거리,127.1450862778,37.5343357062,11740,강동구
25579,천호동로데오거리,127.126833,37.540478,11740,강동구
25580,선사마을,127.1304452986,37.557670789,11740,강동구
25581,길동은평교회,127.1458326287,37.5364235286,11740,강동구
25582,천호시장,127.1293711544,37.5406526302,11740,강동구
25583,서울암사동유적,127.1311704207,37.5593681789,11740,강동구
25584,길동초등학교,127.1465126841,37.5387294931,11740,강동구
25585,고분다리,127.1316893468,37.5429343454,11740,강동구
25586,서원마을,127.1330896356,37.563753054,11740,강동구
25587,신명초교입구교차로,127.1469372022,37.5403287195,11740,강동구
25589,서울암사동유적,127.1308364383,37.5593289013,11740,강동구
25591,강동농협,127.1358971506,37.5484091555,11740,강동구
25592,선사마을,127.1300088207,37.5572645099,11740,강동구
25593,고덕아이파크101동,127.156037,37.560448,11740,강동구
25594,약국앞,127.1375200461,37.5499147893,11740,강동구
25595,선사초등학교,127.1291908257,37.5550594945,11740,강동구
25596,광문고.서울컨벤션고,127.157554,37.5605,11740,강동구
25597,천호우성아파트,127.1391291506,37.5503787701,11740,강동구
25601,고덕온빛채아파트,127.170216,37.563645,11740,강동구
25602,암사역,127.1277593685,37.5509557782,11740,강동구
25603,한영중고교앞교차로,127.1556458569,37.549091216,11740,강동구
25604,고덕풍경채어바니티,127.170017,37.563582,11740,강동구
25605,주원교회,127.164756,37.565946,11740,강동구
25606,주원교회,127.165133,37.565696,11740,강동구
25607,우진산전.디엠스퀘어,127.160461,37.567118,11740,강동구
25608,에이스메디칼타워,127.160906,37.56713,11740,강동구
25609,강동아이파크더리버.이케아,127.158736,37.566649,11740,강동구
25610,지식산업센터,127.159940671,37.5653235039,11740,강동구
25611,강동구청고덕별관,127.1565213227,37.557835126,11740,강동구
25612,강동구청고덕별관,127.1568206916,37.5563795973,11740,강동구
25613,광문고.컨벤션고,127.156966,37.559787,11740,강동구
25614,샘터배드민턴장,127.156754,37.562061,11740,강동구
25615,샘터배드민턴장,127.157098,37.56229,11740,강동구
25616,천호우체국,127.1254334028,37.5408398008,11740,강동구
25617,강동구청,127.1218466271,37.5314072721,11740,강동구
25618,강동아이파크더리버.이케아,127.158778,37.566966,11740,강동구
25619,광문고.컨벤션고,127.156672,37.559809,11740,강동구
25620,고분다리시장입구,127.1315503441,37.5430435328,11740,강동구
25621,고분다리시장입구,127.1317312927,37.5429766501,11740,강동구
25625,암사1동제1경로당,127.1376865764,37.5500020014,11740,강동구
25643,성덕중고등학교,127.1426910953,37.5506458538,11740,강동구
25644,성덕중고등학교,127.1429223457,37.5507022382,11740,강동구
25650,강동농협,127.1353378591,37.548070466,11740,강동구
25651,강동농협,127.1359045267,37.5484001176,11740,강동구
25653,암사1동제1경로당,127.137766155,37.5501947428,11740,강동구
25654,천호초교입구사거리,127.1342128515,37.5464912979,11740,강동구
25657,천호3동주민센터,127.1291639456,37.5405825715,11740,강동구
25658,천호초교입구사거리,127.1336463101,37.5458969151,11740,강동구
25659,천호3동주민센터,127.129416,37.540876,11740,강동구
25666,암사종합시장,127.1282504974,37.5496990461,11740,강동구
25674,명일동국민은행.래미안솔베뉴,127.1443598929,37.553371595,11740,강동구
25675,브라운스톤,127.1301481597,37.5488715672,11740,강동구
25678,삼익가든아파트,127.1485399627,37.5463048142,11740,강동구
25679,삼익가든아파트,127.1487789938,37.5461581277,11740,강동구
25680,둔촌신성미소지움아파트,127.143581,37.526944,11740,강동구
25681,둔촌신성미소지움아파트,127.1441698227,37.5266617041,11740,강동구
25682,9호선중앙보훈병원역1번출구,127.1475394189,37.5279111948,11740,강동구
25709,상일초등학교,127.171462455,37.5457731057,11740,강동구
25718,길동LG자이아파트,127.1480886874,37.5361286235,11740,강동구
25719,강동구청역,127.121254373,37.5318061667,11740,강동구
25720,천호역.성내2동주민센터,127.1270546134,37.5372846491,11740,강동구
25721,길동사거리,127.1369885559,37.5342003662,11740,강동구
25722,상일초등학교,127.1715811881,37.546426778,11740,강동구
25723,강동자이아파트,127.1491230217,37.5370801291,11740,강동구
25724,길동사거리,127.1370912321,37.5346642621,11740,강동구
25725,천호역,127.1272955246,37.5377273648,11740,강동구
25726,강동구청역,127.1205586271,37.5311797152,11710,송파구
25727,둔촌동역,127.136461,37.527526,11740,강동구
25728,둔촌동역,127.135892873,37.527390066,11740,강동구
25730,서울.경기양돈농협,127.1332864085,37.5475443585,11740,강동구
25732,고덕래미안힐스테이트시니어센터,127.1479430795,37.5592945402,11740,강동구
25733,고덕1동주민센터.고덕래미안힐스테이트,127.1505497145,37.5587067757,11740,강동구
25736,고덕중학교,127.1606412781,37.5606230267,11740,강동구
25740,상일동역5번출구,127.168427776,37.5568896432,11740,강동구
25746,강일리버파크1단지.금화사,127.1733772273,37.5670276893,11740,강동구
25749,강일리버파크6단지,127.1754976862,37.5639305134,11740,강동구
25753,강일리버파크1단지정문,127.1728698017,37.5680965321,11740,강동구
25760,가래여울,127.1690128239,37.5765642585,11740,강동구
25761,강동리버스트4단지,127.1719948336,37.5737736537,11740,강동구
25762,힐스테이트리슈빌강일503동,127.176673894,37.5730121616,11740,강동구
25763,강동리버스트8단지,127.1761086097,37.5725963295,11740,강동구
25764,강빛초.중학교,127.1728,37.57415,11740,강동구
25781,굽은다리역,127.1430234065,37.5454038956,11740,강동구
25782,굽은다리역,127.1427436931,37.5455889387,11740,강동구
25783,명일동국민은행.래미안솔베뉴,127.1441906691,37.5541445883,11740,강동구
25784,명일동국민은행.래미안솔베뉴,127.1443598929,37.553371595,11740,강동구
25990,암사삼성.현대아파트,127.1286195152,37.553596538,11740,강동구
25994,천호우체국.로데오거리,127.1272740832,37.5405557883,11740,강동구
25995,천호우성아파트,127.1393385419,37.550385732,11740,강동구
25996,천호우성아파트,127.1400463819,37.5506426076,11740,강동구
25997,라움포레아파트,127.123596182,37.533630263,11740,강동구
25998,성내시장,127.1254968434,37.536154934,11740,강동구
25999,천호동로데오거리,127.1273370925,37.5403430618,11740,강동구
